sample	clade	PC1	PC2
DVIT0367.D__BIvDNAara1088H04_A01	Vv	-29.68942144731757	-0.32951391412178255
9.4.78__EXTvDNAbar0004E09_C12	Vv	-32.88244384086021	-0.9439554513238908
60__EXTvDNAels0022A01_H04	Mus	41.5183834644356	-44.47701122315592
Plate1_C1_Crimson_Seedless__EXTvDNAmej0013A04_C01	Vv	-33.47934537660543	-0.9062421733418894
A2Y1_C323L__vDNAlon918B05_A06	Vv	-29.93888339249736	-1.0058105259836803
DVIT2242_02__Muscadine_Plate1_F06	Mus	36.63124931812978	-38.16690124936834
PinotNoir__vDNAlon1140F08_B12	Vv	-29.831731560583005	-0.3276206013335358
2242.0004A__BIvDNAara0066F06_B05	Mus	38.58573855582028	-39.74526202933795
S1823__vDNAhei1333F07_B06	NA2	23.588509651322514	19.798509260724433
E047__vDNAlon1138F06_D06	NA1	35.72129351332702	35.03934533976433
CH1037-11__vDNAwor1521F05_C12	Mus	36.48743726204498	-38.86105633123831
AB_001__vDNAfen201A01_D01	Vv	-28.00684643314069	-0.5354184050647968
d17s6__vDNAdia1374E11_F01	Mus	36.54461285156821	-35.55193804585701
AM90__Muscadine_Plate3_E02	Mus	38.637909061633295	-41.8757412455667
B23_12__vDNAled565B03_H03	Vv	-25.03163506890543	-1.2845102947018419
E005__vDNAlon1138F06_E01	NA1	40.16500676204647	39.935981967037364
NC8__EXTvDNAWOR0047A01_G02	Mus	37.05615259454902	-39.23067784127897
S2816__vDNAhei1335F09_F07	NA2	21.972853021996333	16.252160168496978
0357.0000C__BIvDNAara0048D12_A11	Vv	-14.289557641985274	-1.2862173653119169
Chaouch__vDNAlon508A12_C12	Vv	-24.879373410099564	-1.0019785950797822
588575__vDNAlon096H12_F08	NA2	28.35492895225791	24.26114067331546
DVIT2675.0000C__BIvDNAara1092H08_A11	Vv	-27.627627462741515	-0.04415457111323931
2215.0010A__BIvDNAara0068A02_E01	NA2	28.706464095546316	24.28509116017191
160x271_854__vDNAlon506A10_E02	NA1	36.835817847250865	35.90438326496296
A2Y1_C202L__vDNAlon918B05_B01	Vv	-29.345979382934704	-1.3987646377797098
E090__vDNAlon1139F07_D10	NA1	40.867165210545615	40.329157036319664
S4117__vDNAhei1337F11_C08	NA1	35.90309245937185	34.55759236716642
E086__vDNAlon1138F06_F11	NA1	37.46911017616907	36.915043663642976
0493.0000C__BIvDNAara0048D12_A02	Vv	-15.77392736034292	-0.9735599739940314
H4146__vDNAhei1346G08_D02	Mus	39.700699894417795	-40.8212323681688
A31_29__vDNAled565B03_A03	Vv	-31.590323124564414	-0.6298797496030474
9.2.62__EXTvDNAbar0004E09_B10	Vv	-30.276555511355276	-0.38152474710869816
1702.0000C__BIvDNAara0070A04_H08	NA2	20.81088454313481	14.515721081655029
L0527__vDNAhei1313D11_E07	Vv	-26.609212505524727	-1.0855364716203695
Centennial__EXTvDNAbar0007B03_D02	Vv	-32.47945385453905	-0.46462435028690025
16__EXTvDNAels0022A01_E01	Mus	41.60790255348294	-44.68887124862819
DVIT0936_0000C__BIvDNAara1099A03_A09	Vv	-28.969934714598345	-0.12844158138776351
Y534-101__BIvDNAnae0002A02_F04	Vv	-31.00813219209597	-0.097242195699187
DVIT0820_0000C__BIvDNAara1100A04_G08	Vv	-18.349077003069034	-0.4568798025095302
E205__vDNAlon1140F08_G02	NA1	37.909755187675586	38.30877975707055
ND_1_99_18__vDNAhat908A07_B06	NA1	36.22698010026417	35.44393196349093
Espadeiro.Tinto__EXTvDNAbar0006A01_A03	Vv	-20.520989250637076	-0.282618730126929
pc07082020_20__EXTvDNAcou0039A01_A06	Vv	-17.967522161572756	-2.394022578809684
Cowart__Muscadine_Plate1_E11	Mus	39.705511740766205	-42.914237965441814
WV23_17_098__vDNAsap1576B05_G07	Vv	-25.157043456071488	0.5763608285669947
Calmeria__Muscadine_Plate1_A09	Vv	-31.166260047400563	-0.8130471574872292
Magnolia__Muscadine_Plate1_D12	Mus	36.030692568626705	-41.1676913189901
PI_588275__BIvDNAgut0034C10_B03	NA1	39.55117661153181	38.318238243338314
160x271_948__vDNAfen201A01_G06	NA1	32.04426366027789	30.53442974757534
A2Y1_C320L__vDNAlon918B05_F05	Vv	-29.288632203617933	0.18482307376411966
S1805__vDNAhei1333F07_C04	NA2	26.828994203882235	22.09334040902173
186__EXTvDNAels0023A02_F08	Mus	41.335213599976285	-44.707413222577124
V_rupestris_pillans__vDNArei717D02_G02	NA1	30.08494918598981	27.942899186009022
9.6.166__EXTvDNAbar0005H11_A07	Vv	-31.289174513653492	-0.5915446560796657
357__EXTvDNAels0025A04_D06	Mus	41.051780979149825	-44.57437034915617
A1Y1_49RT__vDNAlon916B03_B12	NA1	36.24919118756392	34.35490963869567
DVIT2313_0000B__BIvDNAara1101A05_G08	Vv	-21.052695330679892	0.019013967051143575
KIL7__EXTvDNAWOR0047A01_F01	Mus	37.35951530295269	-40.10129427150839
0928.0000C__BIvDNAara0043D07_B06	Vv	-13.619354515893814	-1.1193044707503175
ScarletRoyal__vDNAled935C10_B12	Vv	-31.786274822640284	-0.7458352344113721
UMT10__EXTvDNAWOR0047A01_B10	Mus	33.09497156882344	-34.804853842317016
S1422__vDNAhei1332F06_F04	NA1	33.47037874573626	31.146757244991736
Parent_Ga8_1_313_1__EXTvDNAWOR0033A07_H01	Mus	38.00226270229814	-42.312713619289006
DVIT0802_0000C__BIvDNAara1100A04_B05	Vv	-18.72592440532333	-0.3596458188404304
WCM7__EXTvDNAWOR0047A01_A07	Mus	34.85839499064962	-37.28309692085897
AM173__Muscadine_Plate3_F12	Mus	38.991492673526636	-42.30856387585552
160x271_841__vDNAlon505A09_H12	NA1	38.851745895369255	37.70390954159946
2244.0012A__BIvDNAara0066F06_D01	Mus	38.862293172870544	-40.01126132584401
DVIT0947_0000C__BIvDNAara1099A03_D10	Vv	-27.28727465855438	-0.8704199834833439
2238.0001A__BIvDNAara0066F06_C08	NA1	39.53985146068786	35.68901976325911
PI_588103__BIvDNAgut0026C02_A08	NA1	39.95168658294714	38.08281561632992
2006-068__vDNAwor1641A04_F09	Mus	38.27889000871206	-43.00551592867286
17_109_10__vDNAcad1067F07_C10	EA	8.107185534452428	12.353885172917348
DVIT0361.C__BIvDNAara1088H04_G01	Vv	-26.997688418579152	0.1144588185278609
DVIT0416_0000C__BIvDNAara1073G01_A11	Vv	-23.902289946193015	-0.8496831328045336
d12s59__vDNAdia1369E06_F08	NA1	36.52497723389546	35.59235606217656
DVIT0908_0000C__BIvDNAara1099A03_A02	Vv	-20.791582120937385	-1.8598258041904814
87__EXTvDNAels0022A01_B08	Mus	41.33735603291923	-44.260107235531365
0511.0000C__BIvDNAara0048D12_G03	Vv	-15.996372251581715	-1.061388063623533
E174__vDNAlon1139F07_H10	NA1	41.61736794667404	41.15067969346258
WV23_20_012__vDNAsap1569C04_D04	Vv	-27.980777352103843	0.21097782041367222
9.8.153__EXTvDNAbar0005H11_D07	Vv	-32.729117562737365	-0.8615865229865612
BLE1__EXTvDNAWOR0047A01_C01	Mus	36.66403899520846	-38.7831719778144
6.24.21__EXTvDNAbar0001A02_G08	Vv	-31.91318420569289	-0.8935315237888941
ChardonnaySelf2G11__BIvDNAnae0016B04_G11	Vv	-24.106822722654133	-1.0284726491590148
Parent_Ga8_1_313_1__EXTvDNAWOR0033A07_G01	Mus	40.97786996592203	-42.14542945099292
6.10.47__EXTvDNAbar0001A02_A08	Vv	-32.39545627297808	-0.5906948505884336
0452.0000C__BIvDNAara0051E03_D03	Vv	-17.05204069090552	-1.3907416582019294
DVIT0905_0000C__BIvDNAara1099A03_C02	Vv	-20.054535917851258	-1.7129999143415195
S4314__vDNAhei1337F11_H11	NA1	34.51522317738695	33.495791666895414
0473.0000C__BIvDNAara0047D11_H12	Vv	-17.10911679964365	-1.6279077996662115
DVIT0519_0000C__BIvDNAara1075G03_B08	Vv	-17.74331361267249	-0.9574858060117781
DVIT0336_0000C__BIvDNAara1073G01_E08	Vv	-23.914204193163854	-0.15738816592537297
9.2.47__EXTvDNAbar0004E09_B02	Vv	-31.737452343479575	-0.6960147511825667
9.2.82__EXTvDNAbar0004E09_C06	Vv	-31.366663424818217	-0.8594587419228602
A2Y1_C329L__vDNAlon918B05_G06	Vv	-28.88815123200997	-0.21697790575529943
Cristmas.Roze__EXTvDNAbar0010E10_G12	Vv	-32.992751600508505	-0.78650181337207
L_02_52__BIvDNAara1101A05_C08	Vv	-25.42780193858776	-1.359035445053345
E133__vDNAlon1139F07_E04	NA1	42.43822207552423	41.5033671407933
307__EXTvDNAels0024A03_H11	Mus	41.786876311231026	-44.59750700808731
lon094H08__vDNAlon787A12_E11	NA1	39.238344779314886	38.03161233451418
DVIT0502_0000C__BIvDNAara1075G03_A03	Vv	-19.58776632190994	-1.7615179459078454
DVIT0704_0000C__BIvDNAara1102A06_F06	Vv	-24.305433571177034	-0.8958967857310651
5.10.91__EXTvDNAbar0009D07_G11	Vv	-29.84281469224234	-1.4094315066621717
8.11.160__EXTvDNAbar0003C04_B04	Vv	-32.36525075767357	-0.8698620068669806
588204__vDNAlon095H11_F07	NA1	38.96877062114868	37.740721784896316
PI_588637__BIvDNAgut0034C10_G02	EA	9.785961123009622	12.81253313811235
2212.0007A__BIvDNAara0067A01_D07	NA2	26.266906349795722	21.30388918734229
2233.0005A__BIvDNAara0069A03_H10	NA2	26.87836031087975	22.936452776207613
5.3.81__EXTvDNAbar0011B01_D07	Vv	-31.402636864008816	-0.7430316082422365
CabSauv__vDNAlon1140F08_E10	Vv	-28.60151456226706	0.11733791216828073
2224.0005A__BIvDNAara0067A01_A06	NA2	26.98477741232446	23.07351979977686
BLACKEMERALD__BIvDNAnae0001A01_B08	Vv	-31.19695436911994	-0.5879563162622101
UMT4__EXTvDNAWOR0047A01_B04	Mus	33.59568372811058	-35.75123421313813
5.10.81__EXTvDNAbar0012C03_B06	Vv	-29.9071984779356	-0.8861349791566046
588160__vDNAlon506A10_C10	NA1	37.662577746024226	35.94888317952733
wMU__EXTvDNAZYP0035A01_G12	Vv	-31.26370465133511	-0.8308296775835727
pc07082020_7__EXTvDNAcou0039A01_F02	Vv	-18.074652018498067	-1.341016165598133
FRESNOSEEDLESS__BIvDNAnae0003A03_H04	Vv	-30.90717331946052	-0.3639529752144715
S3811__vDNAhei1337F11_B02	NA1	33.94952154327264	32.28463838882225
CH1140-11__vDNAwor1521F05_E12	Mus	36.63786730885031	-39.42570312691623
A2Y1_C49L__vDNAlon917B04_E04	Vv	-29.5344629147592	-0.11202315924073007
Riesling__Muscadine_Plate3_H02	Vv	-29.626797483003713	0.09349419203017915
2010-140__vDNAwor1522F06_E07	Mus	36.19442217411254	-38.04459252215937
S3208__vDNAhei1336F10_G02	NA2	25.58646484992235	21.82156113269908
187__EXTvDNAels0023A02_G08	Mus	40.97189713384303	-44.069677680219634
5.10.84__EXTvDNAbar0012C03_F05	Vv	-31.5024610043062	-0.5257800906750834
Ark1214_21__EXTvDNAWOR0030A04_E11	Mus	39.968237815442905	-41.266731939269995
1876.0000E__BIvDNAara0067A01_G11	NA1	39.03040937248986	36.78679072212592
144__EXTvDNAels0023A02_D03	Mus	41.402307910042936	-44.22269397037398
E150__vDNAlon1139F07_E02	NA1	40.25413801256144	40.1156621952544
125__EXTvDNAels0022A01_H12	Mus	43.034979445067584	-45.443190616498576
PI_495622__BIvDNAgut0036C12_E02	NA1	40.30488997065409	38.6101494569133
L0323__vDNAhei1312D10_H08	Vv	-21.62204909814472	-0.5762471893906277
E149__vDNAlon1139F07_F02	NA1	40.944118435625256	40.42117550932931
Seyval_Blanc__vDNAhat906A05_D01	NA1	38.780326180675274	37.22028254154346
5.3.115__EXTvDNAbar0009D07_D12	Vv	-30.68909391919787	-0.04954809661035572
9.6.218__EXTvDNAbar0005H11_C05	Vv	-33.23919949372302	-0.8748773505577445
C23_2023__vDNAcad1357E10_F11	NA1	39.752685637610774	38.71608582570769
8.6.24__EXTvDNAbar0002B03_C06	Vv	-31.353232096037964	-0.44145652688708886
1958.0000F__BIvDNAara0065F05_H09	NA2	24.999814071395914	21.459581808426897
wMU__EXTvDNAZYP0036A02_G12	Vv	-31.436566310950795	-0.5212004890748868
2217.0009A__BIvDNAara0067A01_G08	NA2	28.527661441507597	23.977666270483976
DVIT2312_0000B__BIvDNAara1101A05_H08	Vv	-27.3919376563146	-0.7985214700567398
DVIT2391_0000B__BIvDNAara1073G01_E02	Vv	-19.583755504778097	-1.7186358287563932
DVIT2306_0000A__BIvDNAara1076G04_D12	Vv	-26.759963971688883	-1.0288777150158916
588198__vDNAlon096H12_B06	NA2	28.15654863765602	23.970198004066308
83__EXTvDNAels0022A01_F07	Mus	40.887410976470264	-44.14403480870325
126__EXTvDNAels0023A02_A01	Mus	39.406154448021034	-42.535688609703364
Y539-38__BIvDNAnae0003A03_F01	Vv	-32.66026592758597	-0.725002239406139
ND_1_99_16__vDNAhat908A07_H05	NA1	34.96428971888455	35.038316630582045
DVIT2337_0000B__BIvDNAara1101A05_B07	Vv	-20.80892816140544	-1.1305140475035407
Chaouch__vDNAlon508A12_B12	Vv	-27.26978226480829	-0.5953317167651685
76__EXTvDNAels0022A01_G06	Mus	41.6384216529836	-44.68593254572893
Y537-87__BIvDNAnae0002A02_E11	Vv	-31.748826120056176	-0.5923673543795629
DVIT0603_0000C__BIvDNAara1075G03_E12	Vv	-20.570347309407634	-1.3338012572402016
9.1.76__EXTvDNAbar0003C04_H01	Vv	-28.673901086566353	-0.005687939635165902
0469.0000E__BIvDNAara0051E03_F12	Vv	-15.153941520588045	-1.3250829245519442
2252.0010A__BIvDNAara0067A01_G06	NA2	26.190586630440883	21.20082729229185
PI_588590.m__BIvDNAgut0037D01_C03	NA1	40.411150090211024	38.81459897700915
PW_1_2__EXTvDNAhau1399G07_A01	Vv	-31.503909221973498	-0.4981189912077546
W0303__vDNAhei1341G03_G03	Vv	-24.29796167961863	0.8236934593488153
71__EXTvDNAels0022A01_C06	Mus	41.651258357192546	-44.67979267368826
377__EXTvDNAels0025A04_G08	Mus	41.20672854365485	-43.84738310433186
0419.0000C__BIvDNAara0048D12_F05	Vv	-12.110541465550767	-1.0439541146368159
160x271_795__vDNAlon505A09_E06	NA1	34.842025177131596	33.296531083030956
AM-373__vDNAwor1521F05_F10	Mus	38.0581677109433	-39.32835276852395
CINA__EXTvDNAsca1439D04_C09	NA2	28.308161566462722	24.013023125462766
DVIT0888_0000C__BIvDNAara1099A03_D04	Vv	-20.506277360712428	-1.5975067583183962
A2Y1_C332L__vDNAlon918B05_B07	Vv	-30.48754701402714	-0.7732915446466396
9.6.195__EXTvDNAbar0005H11_B04	Vv	-33.16313263473867	-0.3110736385410033
S1302__vDNAhei1331F05_G11	NA1	37.00778521172159	32.03283285357958
160x271_910__vDNAlon506A10_E09	NA1	36.09327065394319	35.16966221941005
A4-162__BIvDNAnae0002A02_G12	Vv	-32.649004248045806	-1.1161011561449181
PI_588460__BIvDNAgut0029C05_F05	NA2	27.689717535284156	23.689080433479468
DVIT0893_0000A__BIvDNAara1101A05_A02	Vv	-26.604576046877202	-1.136707283338746
E009__vDNAlon1138F06_A02	NA1	39.83019048731383	39.37159819830232
E175__vDNAlon1139F07_A11	NA1	39.67394945030735	39.19062742504579
8.7.150__EXTvDNAbar0002B03_H07	Vv	-32.379036652221494	-0.5622027240986983
Pinot_noir_777__vDNAcla1121E01_F01	Vv	-29.148602536578817	-0.6616949277887022
DVIT0400_0000D__BIvDNAara1073G01_B10	Vv	-23.720018014376336	-1.436494982301271
V_rupestris_pillans__vDNArei715C12_G12	NA1	35.578359567122654	34.07795763043337
PI_588446__BIvDNAgut0037D01_E02	NA2	28.632423080229476	24.195499312908844
160x271_897__vDNAlon506A10_H07	NA1	38.61588791048089	37.49121883510342
d13s64__vDNAdia1370E07_C09	Vv	-24.22770186677024	1.7436737437951515
1156.0011A__BIvDNAara0065F05_C09	EA	8.907115713021973	12.073384529718004
S5608__vDNAhei1339G01_B09	NA2	23.50576824544696	17.861714314481528
2227.0004A__BIvDNAara0067A01_A03	NA2	28.624601819604987	21.3554778239883
S0807__vDNAhei1330F04_C12	Mus	43.230946842435024	-38.58420405297394
2242.0011A__BIvDNAara0066F06_H05	Mus	38.75919525163882	-39.5525513800156
160x271_944__vDNAfen201A01_C06	NA1	35.408936923064445	34.37969457703854
C67-103__BIvDNAnae0002A02_B11	Vv	-31.638368162758375	-0.5403078108132764
160x271_919__vDNAlon506A10_C11	NA1	38.99829093494556	38.0700082283804
588633__vDNAcad441D05_C06	EA	9.494292410080494	12.936778526589666
9.2.45__EXTvDNAbar0004E09_A12	Vv	-31.798808072545818	-0.548864869074364
DVIT2087_0000A__BIvDNAara1076G04_E10	Vv	-19.776376490509563	-0.9654845374971867
K1755__vDNAhei1311D09_H08	Vv	-24.78277880281185	-0.8020905967657729
9.12.178__EXTvDNAbar0005H11_G02	Vv	-31.86624138195253	-0.5521199369897578
160x271_875__vDNAlon506A10_B05	NA1	33.312838548509184	32.34746427950358
588134__vDNAlon096H12_C07	NA2	27.623149979234423	23.481593742500078
wKN__EXTvDNAZYP0036A02_D12	Vv	-27.790315440186298	0.008511309793080474
S3809__vDNAhei1337F11_A02	NA1	34.195407446474675	31.70365495418061
E135__vDNAlon1139F07_C04	NA1	42.13098651103393	41.58155071890622
V_riparia37__vDNAfen195A03_G12	NA1	39.437965381612244	37.963752127266
233__EXTvDNAels0024A03_E02	Mus	41.867901238341446	-44.49565929603587
A2Y1_C175L__vDNAlon917B04_G09	Vv	-24.03757740539187	-1.5748389034009453
E080__vDNAlon1138F06_A11	NA1	41.005901955529595	40.93012840205599
Plate2_C1_Crimson_Seedless__EXTvDNAmej0014A05_C01	Vv	-32.68101220701109	-0.6509544613430713
S1826__vDNAhei1333F07_E06	NA2	24.648924094265926	20.975992770396026
6.14.206__EXTvDNAbar0001A02_G02	Vv	-31.22164130027263	-0.08742067328530065
312__EXTvDNAels0024A03_E12	Mus	41.36525712420577	-44.49061377141164
d3s42__vDNAdia1360D09_B06	NA2	27.70390459671494	23.714319258768597
PI_588350__BIvDNAgut0030C06_B10	NA1	37.86776336939404	36.32321631921787
A29-27__BIvDNAnae0003A03_E11	Vv	-30.887517661764058	-0.09473302271514569
Frankentaler__EXTvDNAbar0011B01_B11	Vv	-31.002818924334957	-0.6173779925024241
S0309__vDNAhei1330F04_E05	NA2	26.921595946785427	18.028856046713337
210__EXTvDNAels0023A02_F11	Mus	41.34717509670921	-44.00178634360681
Y525-64__BIvDNAnae0003A03_H10	Vv	-31.544582937311834	-0.5151671875663486
UMT8__EXTvDNAWOR0047A01_B08	Mus	35.344740476238385	-37.89075350843504
DVIT2310_0000B__BIvDNAara1101A05_B09	Vv	-20.94568681013396	-1.768746605682602
DVIT0467_0000D__BIvDNAara1075G03_A07	Vv	-24.243632923747537	-2.093581388609944
2020_5_28_16138121__vDNAlon509B01_F05	Vv	-28.099940692268206	-0.366070528529448
160x271_839__vDNAlon505A09_F12	NA1	39.455035832217646	39.04006649760982
DVIT0744_0000D__BIvDNAara1102A06_H12	Vv	-19.401431983507226	-1.4502254387610476
W0361__vDNAhei1341G03_C10	Vv	-24.140567981395545	0.8550113201519458
9.6.109__EXTvDNAbar0004E09_H06	Vv	-31.908284829707412	-0.5175671115747836
2216.0007A__BIvDNAara0053E05_G12	NA2	28.37010061670695	23.9351775718218
Y151-128__BIvDNAnae0002A02_H11	Vv	-31.683558515507542	-0.6005338573416938
HAR3__EXTvDNAWOR0047A01_D01	Mus	36.845827302288136	-38.82419582873792
DVIT0850_0000C__BIvDNAara1100A04_H11	Vv	-22.17658022781478	-1.722227510451623
319__EXTvDNAels0025A04_D01	Mus	41.12109137120976	-44.254725759703135
WCM9__EXTvDNAWOR0047A01_A09	Mus	34.47064879198026	-36.85719859930658
K1061__vDNAhei1309D07_A01	Vv	-28.254961451523574	-0.5736567635019169
ND_1_86_109__vDNAhat900H11_A02	NA1	37.16631889035987	35.76240710822386
E122__vDNAlon1139F07_H05	NA1	41.09665222540068	40.777690218255394
160x271_767__vDNAlon505A09_A03	NA1	35.75620192991878	34.61684789945091
6.14.172__EXTvDNAbar0001A02_F06	Vv	-32.13499465712745	-0.7671435157604192
jBLi__EXTvDNAZYP0037A03_H12	Vv	-28.212724091419	0.21832520016683313
142__EXTvDNAels0023A02_B02	Mus	41.61696232234221	-44.55879321370982
160x271_883__vDNAlon506A10_B06	NA1	38.51331342013339	37.53075158423002
DVIT1663.E__BIvDNAara1089H05_C01	Vv	-29.192667744443284	-1.0590922149320012
2245.0005A__BIvDNAara0066F06_E01	Mus	42.27982380434967	-37.98302670161261
RUBYSEEDLESS__BIvDNAnae0005A05_G02	Vv	-33.268888817997066	-0.7195849331946031
ND_1_99_35__vDNAhat908A07_H08	NA1	31.630859830116254	30.501306795712445
5.3.52__EXTvDNAbar0012C03_C10	Vv	-26.208118868381348	-1.583780277687744
2237.0009A__BIvDNAara0067A01_C02	NA1	38.83195756215276	37.001213535784004
Flame__EXTvDNAbar0007B03_C11	Vv	-29.98197345817586	-0.3872325922373495
A2Y1_C78L__vDNAlon917B04_B08	Vv	-24.134306323712135	-0.882488091802317
2248.0009A__BIvDNAara0066F06_G02	Mus	38.62596111781796	-40.83471360510029
588646__vDNAlon096H12_H01	NA1	39.37067197330215	38.046311879038115
DVIT0459_0000D__BIvDNAara1075G03_G01	Vv	-20.61971738375423	-1.9379521592977456
ND_1_99_38__vDNAhat908A07_C09	NA1	36.37421160870465	35.91070317638963
2228.0014A__BIvDNAara0067A01_B04	NA2	28.06405372100828	21.54985796672592
DVIT0956_0000C__BIvDNAara1099A03_D11	Vv	-22.301386764556366	-1.616516394414156
9.4.120__EXTvDNAbar0004E09_F01	Vv	-33.66349184467522	-0.5227569806148903
Bogazkere__EXTvDNAbar0006A01_B04	Vv	-27.93163157566135	0.14665396536465955
386__EXTvDNAels0025A04_H09	Mus	40.862333372660316	-44.19841395791227
d13s36__vDNAdia1370E07_D05	Vv	-25.09834265366325	0.760801803099515
DVIT0993_0000C__BIvDNAara1099A03_F12	Vv	-24.37941596871313	-0.7330517552761843
94__EXTvDNAels0022A01_A09	Mus	41.30553242282445	-44.31312678649785
160x271_907__vDNAlon506A10_B09	NA1	34.74507449905397	33.70408285047705
DVIT0538_0000F__BIvDNAara1076G04_E02	Vv	-23.300586556827763	-1.1923209547885014
8.7.80__EXTvDNAbar0002B03_G01	Vv	-31.81670686681112	-1.0514183207093717
9.8.186__EXTvDNAbar0005H11_E12	Vv	-32.502064833147514	-0.8506747534949137
E010__vDNAlon1138F06_B02	NA1	41.350031495880714	40.556971294985665
PI_588562__BIvDNAgut0032C08_E03	NA1	40.175965237751676	38.80279557165499
74__EXTvDNAels0022A01_F06	Mus	40.49433533986893	-44.00096434191219
C66-144__BIvDNAnae0003A03_D02	Vv	-30.94705414801292	-0.003722806276014624
E105__vDNAlon1139F07_E08	NA1	41.96754086703559	40.79225461086968
ChardonnaySelf1_C10__vDNAfen201A01_C10	Vv	-28.824137296601947	-0.05497166238730854
2006-014__vDNAwor1641A04_H02	Mus	38.0799424040923	-42.59906273347923
238__EXTvDNAels0024A03_D03	Mus	41.89362122752322	-44.50097939689075
E079__vDNAlon1138F06_H10	NA1	40.1157863195819	39.73635735218351
E209__vDNAlon1140F08_C03	NA1	40.501027644633716	40.32358093340502
Cardinal__EXTvDNAbar0006A01_D04	Vv	-32.09458319414929	-1.0825345758536762
DVIT0841_0000E__BIvDNAara1100A04_H10	Vv	-25.83697935542956	-2.087577983529838
180__EXTvDNAels0023A02_H07	Mus	41.061579682153315	-43.86583880384721
DVIT0889_0000D__BIvDNAara1099A03_C04	Vv	-21.082710014126715	-1.8307431133409748
483146__vDNAlon095H11_C04	NA2	24.567668980026845	19.871132854856636
8.11.195__EXTvDNAbar0003C04_C06	Vv	-30.48712640926116	-0.35158224703233426
PI_588586__BIvDNAgut0026C02_G10	NA1	40.31748747622871	38.398554661570806
483145__vDNAlon095H11_A04	NA2	25.166149488075245	20.376653991113887
160x271_788__vDNAlon505A09_F05	NA1	36.163075858804966	35.15478426079409
DVIT0648_0000D__BIvDNAara1102A06_G02	Vv	-25.324723223778214	-0.6867715718071753
PI_588259__BIvDNAgut0030C06_E10	NA1	40.48927899144752	39.05034330269197
RST_7_1__vDNAlon918B05_H10	NA1	39.99025729571465	38.38023909596225
160x271_849__vDNAlon506A10_H01	NA1	39.399697051364825	38.47405034919826
Starkenburg_Mystery17__vDNAlon1202F03_C07	NA2	20.130385467136918	16.458579723381412
DVIT0376_0000E__BIvDNAara1074G02_F12	Vv	-24.157120367361834	-1.4020413051158982
Fresnosdls__vDNAled932C07_H12	Vv	-16.218110333896483	-0.36186833729244267
AM171__Muscadine_Plate3_F10	Mus	38.73582219340333	-42.689630071233736
L1033__vDNAhei1315E01_E09	Vv	-27.73433678128112	-0.49538348856611647
9.12.171__EXTvDNAbar0005H11_F08	Vv	-32.74434825997498	-0.9875194258783146
K1043__vDNAhei1308D06_H11	Vv	-27.494153779814205	-0.39680988507922293
PI_597137__BIvDNAgut0028C04_H03	NA2	24.143782422450567	17.065996095503465
160x271_921__vDNAlon506A10_E11	NA1	34.70909566598968	33.206173903685574
Ark1212_67__EXTvDNAWOR0032A06_D12	Mus	40.0155605750253	-42.033696554440695
lon094C12__vDNAlon787A12_B11	NA1	38.81830299540519	36.44499854412324
0339.0000C__BIvDNAara0048D12_G09	Vv	-14.348845310614237	-1.5883801598030172
V_riparia_Iowa7__Muscadine_Plate1_D08	NA1	39.71456855052029	37.98871734925088
E012__vDNAlon1138F06_D02	NA1	41.715510652243346	40.80371758820193
PI_588199__BIvDNAgut0026C02_H03	NA2	28.11034009994357	23.829181276976147
S2206__vDNAhei1334F08_E03	NA2	24.62829860706007	18.18597632264463
160x271_760__vDNAlon505A09_B02	NA1	38.60050238608565	37.46308196200731
2010-213__vDNAwor1520F04_F04	Mus	41.04928758062963	-42.20650177313106
6.14.131__EXTvDNAbar0001A02_E08	Vv	-31.56863775970642	-0.43950993771292757
A2Y1_C316L__vDNAlon918B05_H04	Vv	-29.075324514687292	-0.0016065117988967464
EMPEROR__BIvDNAnae0003A03_E04	Vv	-31.844216360775754	-0.9325598138220627
M13__vDNAled781A06_C06	Vv	-31.522981936519404	-0.7226414992885953
Lameiro__EXTvDNAbar0006A01_A10	Vv	-21.8881722162305	-2.3522659345576864
E033__vDNAlon1138F06_G04	NA1	36.227627078342664	35.187894704768325
A2Y1_C81L__vDNAlon917B04_E08	Vv	-25.994717495326814	-1.7576809982681714
Noble_UA__Muscadine_Plate1_H11	Mus	39.3805341083821	-42.61788024541067
8.6.49__EXTvDNAbar0002B03_C12	Vv	-30.41290139216768	-0.7055775804893755
A2Y1_C319L__vDNAlon918B05_E05	Vv	-28.523067375894502	-0.2956472235393499
5.10.98__EXTvDNAbar0007B03_A02	Vv	-32.47911637838577	-0.8235209824574014
PI_588425__BIvDNAgut0030C06_B09	Vv	-22.989038424547356	-1.683781777801447
9.12.195__EXTvDNAbar0005H11_H03	Vv	-32.381776556427724	-0.5481270213720784
17_109_40__vDNAcad1066F06_H05	EA	8.032455584871883	11.248591430693066
lab97__vDNAcad1516F07_F09	NA1	29.897653467202733	29.645186380091417
E073__vDNAlon1138F06_B10	NA1	34.915455573696896	34.287538627230305
r5s57__vDNAdia1390G03_D08	Mus	43.5333994094566	-42.743579141946284
9.6.134__EXTvDNAbar0005H11_A02	Vv	-31.98275577491464	-0.48988785480230523
d3s93__vDNAdia1360D09_H12	NA2	27.147665312507048	23.145101382936815
588678__vDNAlon787A12_A08	NA2	27.209045239351642	22.48826420951583
2234.0008A__BIvDNAara0069A03_E12	NA2	27.843434584342308	23.656888323433463
ScarletRoyal__vDNAled1024B12_E12	Vv	-32.523890049825695	-0.6403193249806477
9.1.30__EXTvDNAbar0003C04_F10	Vv	-29.556996315384545	-0.03271545987840598
DVIT0448_0000C__BIvDNAara1073G01_A02	Vv	-21.77273728395165	-1.939816950095951
jCS__EXTvDNAZYP0038A04_C04	Vv	-29.843051096023668	0.22791584988126212
DVIT0508_0000J__BIvDNAara1075G03_D02	Vv	-21.97459692421429	-1.4128993481129648
RS_32__EXTvDNAhau1398G06_E07	Vv	-28.841957922977258	0.2120499701838014
wRGMj__EXTvDNAZYP0035A01_B12	NA1	39.6126399581961	38.08135690567226
w6s90__vDNAdia1381F06_E12	Vv	-28.927617670894993	0.4064910882716016
V_cinerea_B9__vDNArei091H07_H11	NA2	27.13652940730586	22.99464159872775
A76-46__BIvDNAnae0001A01_F05	Vv	-31.04510307555779	-0.4276647920658846
DVIT0526_0000C__BIvDNAara1075G03_B09	Vv	-19.69376427624431	-1.1870027172231905
E117__vDNAlon1139F07_E06	NA1	39.80614750437575	39.28899734198507
ND_1_99_21__vDNAhat908A07_E06	NA1	35.91332879909438	36.32100581678086
L1213__vDNAhei1316E02_E06	Vv	-26.368222591771616	-0.4215683337218613
2010-150__vDNAwor1522F06_G08	Mus	39.60398674520598	-41.77581675388396
S4018__vDNAhei1337F11_E06	NA1	30.896217085315747	30.566968925827798
ChardonnaySelf2H12__BIvDNAnae0016B04_H12	Vv	-22.645907303586483	-1.393213891799429
402__EXTvDNAels0025A04_H11	Mus	41.67745042710638	-44.55452606429656
K1471__vDNAhei1310D08_D09	Vv	-27.200828350885068	-0.7239286533086535
9.1.57__EXTvDNAbar0003C04_G08	Vv	-28.072214528653262	0.18434871968412206
17_109_44__vDNAcad1067F07_G02	EA	8.387883808104768	11.768631345220179
A2Y1_C54L__vDNAlon917B04_B05	Vv	-30.675658481559534	-0.9839508101243474
H2509__vDNAhei1325E11_D07	NA1	36.550322167084694	35.166116913354955
r5s71__vDNAdia1390G03_B10	Mus	44.56342758182143	-40.59241826435568
DVIT0877_0000C__BIvDNAara1099A03_E05	Vv	-26.32878028265943	-1.0176701699016344
DVIT0923_0000C__BIvDNAara1099A03_F07	Vv	-26.860229485175157	-1.00127120099427
8.7.82__EXTvDNAbar0002B03_G02	Vv	-31.934578943013822	-1.1992950201532553
2003A__EXTvDNAsca1443D08_A04	Vv	-28.01164038460039	0.18316084295631416
9.8.166__EXTvDNAbar0005H11_E03	Vv	-33.235132371762134	-0.8206925598496984
vin38__vDNAcad1518F09_A09	Vv	-24.127316857063036	-0.2900490855605386
E041__vDNAlon1138F06_E05	NA1	33.95082220538118	33.2644809787956
E125__vDNAlon1139F07_E05	NA1	41.879305261845865	40.97104128269745
PI_588460__BIvDNAgut0039D03_G03	NA2	27.695624186122323	23.580564462516598
DVIT0517_0000C__BIvDNAara1075G03_A08	Vv	-22.154817230628513	-1.9940422058455374
DVIT2309_0000A__BIvDNAara1076G04_F12	Vv	-20.346962060069977	-1.319188064597541
5.8.2__EXTvDNAbar0011B01_A10	Vv	-32.99603102420698	-0.7431818481192604
S3230__vDNAhei1336F10_A04	NA2	22.536315429888106	19.98855903429135
136_175_08__vDNAled565B03_E12	Vv	-32.87655797899762	-0.9613517833810223
Saperavi_4_001__vDNAfen201A01_C03	Vv	-27.434734901913156	-0.560804031513824
DVIT0310_0000D__BIvDNAara1073G01_D03	Vv	-26.92465887923147	-0.9905263720784668
DVIT0950_0000D__BIvDNAara1099A03_G10	Vv	-21.493491453229986	-1.8448186341740669
E089__vDNAlon1139F07_E10	NA1	41.6491773980951	41.35029262619427
0486.0000C__BIvDNAara0048D12_D01	Vv	-14.50946531644069	-1.3277979006949272
WHITECORINTH__BIvDNAnae0003A03_B08	Vv	-30.132731007215696	-0.19461627520899655
K0475__vDNAhei1305D03_H08	Vv	-26.602083386623985	-0.14180467085789372
A2Y1_C188L__vDNAlon917B04_D11	Vv	-26.181272449675323	-0.9819847333649169
PinotGris__vDNAlon1140F08_B11	Vv	-29.93094886637342	-0.6911741137054903
PEL3__EXTvDNAWOR0048A02_B10	Mus	34.27666752798851	-36.445156410311725
DVIT2120_0000A__BIvDNAara1076G04_F08	Vv	-21.962295852525752	-1.424597405026697
5.3.90__EXTvDNAbar0006A01_H05	Vv	-31.175062231813616	-0.5631165345883136
Unkx13_101_66__Screenhouse-Plate1_G06	NA1	35.958938193880805	34.558762443728305
S1604__vDNAhei1332F06_C09	NA2	26.284762187154936	20.419249747444137
C56_11__vDNArei092H08_G04	Vv	-30.99472374269217	-0.9626803607007973
AM77__Muscadine_Plate3_D11	Mus	39.6548569473339	-42.49659324934566
PI_588588__BIvDNAgut0032C08_E12	NA1	40.84609186005693	39.149718985938335
AM182__Muscadine_Plate3_G08	Mus	38.650171694787026	-42.54533910532014
Riesling__vDNAlon1140F08_C11	Vv	-29.409761061219545	0.5759587419476699
2218.0008A__BIvDNAara0067A01_B09	NA2	28.023490587316363	23.702283846638114
DVIT0593_0000C__BIvDNAara1074G02_E01	Vv	-24.233610001012803	-2.203980591716973
597232__vDNAlon096H12_A09	NA2	28.173164009289735	23.993431574087072
2228.0013A__BIvDNAara0067A01_A04	NA2	23.973286780016533	17.105858036423975
E107__vDNAlon1139F07_C08	NA1	42.32657897936215	41.41998148017747
DVIT2172_0000A__BIvDNAara1076G04_D06	Vv	-24.03116753381296	-1.0789138617294585
Askari__EXTvDNAbar0012C03_F07	Vv	-29.18457784645047	-0.12027688612151487
r9s25__vDNAdia1394G07_A04	Mus	46.35884199935147	-41.19157283945633
PI_597255__BIvDNAgut0029C05_B09	Vv	-30.027958147732843	0.04239916989350759
160x271_904__vDNAlon506A10_G08	NA1	36.42172791737661	35.114051200352414
2020_6_11_16138102__vDNAlon510B02_G05	Vv	-27.522913262643023	-0.9328516544987208
1159.0010A__BIvDNAara0053E05_H11	EA	9.241584199748637	12.04503002025465
Chardonnay__vDNAsap1572F04_G04	Vv	-31.053084255398876	-0.65506177330016
223__EXTvDNAels0024A03_C01	Mus	41.51577597817296	-44.54037858542481
BLE6__EXTvDNAWOR0047A01_C06	Mus	36.35899091520613	-38.58476738671827
ND_1_86_132__vDNAhat900H11_F04	NA1	37.47181908681866	36.01091642652385
Canner__EXTvDNAbar0006A01_B10	Vv	-30.30174546548922	-0.14592179775361883
Ark1212_59__EXTvDNAWOR0032A06_D11	Mus	36.8277966549696	-40.80323316538487
A2Y1_C72L__vDNAlon917B04_D07	Vv	-28.59237060156164	-0.33109488599927356
9.4.96__EXTvDNAbar0004E09_E02	Vv	-33.135526382723	-0.8726952987802064
BIR7__EXTvDNAWOR0048A02_D01	Mus	32.590230142334974	-36.29621319040711
6.10.44__EXTvDNAbar0001A02_A07	Vv	-32.47931084890347	-0.9904490553278466
0498.0000G__BIvDNAara0048D12_E02	Vv	-13.89450350288376	-1.2951535425820648
ChardonnaySelf2C12__BIvDNAnae0016B04_C12	Vv	-20.52623232536746	-1.606886556547367
6.24.73__EXTvDNAbar0002B03_A08	Vv	-31.486628851106882	-0.5293864596077299
5.3.79__EXTvDNAbar0009D07_F01	Vv	-30.509611034406287	-1.0457704321078445
Ark1214_37__EXTvDNAWOR0032A06_G01	Mus	40.822406266108146	-41.40998928033331
Y530-86__BIvDNAnae0001A01_G08	Vv	-31.396426051748577	-0.5945824826165139
S0914__vDNAhei1331F05_B02	NA1	35.38463024597963	32.144013866429866
2010-143__vDNAwor1522F06_H07	Mus	38.79635885227211	-41.04686973148721
PI_588395__BIvDNAgut0031C07_E02	NA1	38.39553235787516	36.151027438734545
BLE4__EXTvDNAWOR0047A01_C04	Mus	37.30508154331782	-39.30479067429738
CabernetSauvignon__vDNAhwa140D08_F08	Vv	-28.099859561144086	-0.0015384182799887639
E096__vDNAlon1139F07_F09	NA1	42.65833357724442	41.8619247441379
DVIT1048.0000C__BIvDNAara1091H07_A11	Vv	-28.11985450587583	-0.24344698314149854
V_rupestris_pillans__vDNArei714C11_G11	NA1	38.11149589819601	36.11960251726953
9.6.65__EXTvDNAbar0004E09_H01	Vv	-32.086111576606456	-0.8055574964380465
PI_588224__BIvDNAgut0031C07_E04	NA1	36.930378161417124	34.5133787249134
VRMNW__vDNAfen1149A03_H12	NA1	38.7906254263472	38.012342271327554
ND_1_86_124__vDNAhat900H11_F03	NA1	38.926384711540926	37.48690573106427
9.1.25__EXTvDNAbar0003C04_F09	Vv	-29.05747958104678	0.1747598466074481
Bountiful__Muscadine_Plate1_E05	Mus	36.69022576668257	-38.92781298337524
PI_588437__BIvDNAgut0030C06_B12	NA1	35.84698588997764	34.551517846719584
9.6.60__EXTvDNAbar0004E09_G12	Vv	-30.877850104359247	-0.43005306256820885
WV23_20_011__vDNAsap1566H03_F04	Vv	-27.643426213856596	0.5037653367434167
DVIT0449_0000C__BIvDNAara1073G01_B02	Vv	-25.110549720690813	-1.0659481394080146
91__EXTvDNAels0022A01_F08	Mus	41.444472406095514	-44.63613565803787
PI_588071__BIvDNAgut0027C03_B03	NA1	40.03600937285518	38.76882009136944
A2Y1_C51L__vDNAlon917B04_G04	Vv	-20.576638093179557	-1.6300611082913754
6.14.205__EXTvDNAbar0001A02_G01	Vv	-31.589856040485536	-0.2765072150121672
Plate9_D1_Crimson_Seedless__EXTvDNAmej0021A12_D01	Vv	-34.18879902114165	-1.020702592723277
DVIT0423_0000C__BIvDNAara1073G01_C11	Vv	-25.834127711376137	-1.7627026532737873
S0210__vDNAhei1330F04_B04	NA2	26.276868004810964	18.306931504259644
2228.0006A__BIvDNAara0067A01_E03	NA2	23.993175577131126	16.69786810712181
A2Y1_C180L__vDNAlon917B04_D10	Vv	-25.356625757267775	-0.32074019808371
160x271_923__vDNAlon506A10_G11	NA1	38.580456520828605	37.06959664810644
241__EXTvDNAels0024A03_G03	Mus	42.054297720981225	-44.004559910879415
DVIT0369_0000A__BIvDNAara1076G04_F01	Vv	-25.426081006168143	-1.4741479558697395
DVIT0644_0000C__BIvDNAara1102A06_E02	Vv	-24.71171844298145	-0.6829834676815958
Cornichon.Blanc__EXTvDNAbar0008C05_G11	Vv	-22.90671597846251	-0.8553983527030047
Itasca__vDNAsap1571E04_G04	Vv	-30.889258739443555	-0.6046359121621793
WV23_17_092__vDNAsap1576B05_A07	Vv	-24.856807689752827	1.4004257655131038
9.12.173__EXTvDNAbar0005H11_F10	Vv	-32.45621919434792	-0.6694849732989846
Chardonnay1__GYZconcord_A12	Vv	-30.465114068808777	-1.0825682145173352
V_riparia37__vDNAfen099A03_H12	NA1	39.44672014064545	38.2339687982503
9.6.184__EXTvDNAbar0005H11_B02	Vv	-32.15580876355165	-0.6432628725988245
9.6.122__EXTvDNAbar0004E09_H08	Vv	-32.97686031570942	-0.7365610455559568
DVIT0687_0000F__BIvDNAara1102A06_A08	Vv	-21.85086990040758	-2.0482935967671376
160x271_824__vDNAlon505A09_G10	NA1	37.472611794505774	36.974467321336896
8.7.126__EXTvDNAbar0002B03_G12	Vv	-32.128826762986456	-0.9929712762646491
VCR-24-50__EXTvDNAkha1526H05_G07	Vv	-31.80279567295844	-0.7347467646146322
306__EXTvDNAels0024A03_G11	Mus	41.34008041600315	-44.28499048601705
Damas_Rose__Muscadine_Plate1_B04	Vv	-30.22219624972266	0.2097026377532692
DVIT0932_0000C__BIvDNAara1099A03_F08	Vv	-27.8483931346616	0.16509084665611679
9.1.16__EXTvDNAbar0003C04_F07	Vv	-29.317601875719433	-0.2019957919359194
E094__vDNAlon1139F07_H09	NA1	40.74934931349505	40.26032643607777
3309C__vDNAfen552A02_H08	NA1	40.96149417144996	38.804563755964864
B71-27__BIvDNAnae0001A01_C12	Vv	-31.806008909021898	-0.7157157600732297
9.2.52__EXTvDNAbar0004E09_B04	Vv	-31.5131978191471	-0.5410426379298623
DVIT2086_0000B__BIvDNAara1101A05_E10	Vv	-25.240633360254847	-0.5725489392250657
160x271_945__vDNAfen201A01_D06	NA1	35.621956158762266	34.19880582764679
Y129-177__BIvDNAnae0004A04_F05	Vv	-33.23183885694102	-0.9104075894946743
273__EXTvDNAels0024A03_F07	Mus	41.60049462373624	-44.58464890491974
8.6.90__EXTvDNAbar0002B03_E01	Vv	-30.475746448506417	-0.5061869156004274
A31-55__BIvDNAnae0001A01_H01	Vv	-31.567863859209535	-0.42592106167724986
C70-76__BIvDNAnae0003A03_C09	Vv	-29.018715429623025	-0.05530997486724917
S0717__vDNAhei1330F04_E11	Mus	43.69327426462457	-39.02927950058264
8.11.191__EXTvDNAbar0003C04_H11	Vv	-30.271626941968012	-0.32054434369547996
Y151-2-08__BIvDNAnae0001A01_E03	Vv	-32.672118927718735	-0.5588998352813489
358__EXTvDNAels0025A04_E06	Mus	40.955449812172084	-44.269744107801024
PI_588272__BIvDNAgut0030C06_C10	NA1	39.795983695171934	38.95227821441117
400__EXTvDNAels0025A04_F11	Mus	40.60872284632716	-43.8220497225912
363__EXTvDNAels0025A04_B07	Mus	41.48115394365581	-44.048014863484994
PI_588328__BIvDNAgut0039D03_F08	NA2	20.56265222822544	16.583555573977364
DVIT0553_0000C__BIvDNAara1075G03_D11	Vv	-20.004483170074604	-1.371876479145509
Red.Globe__EXTvDNAbar0007B03_C09	Vv	-31.93788732470421	-1.2323938828431535
VCR-24-49__EXTvDNAkha1526H05_F07	Vv	-31.097239231804654	-0.7032502639339624
588197__vDNAlon096H12_F06	NA2	27.68282480307784	23.54736604574403
160x271_942__vDNAfen201A01_A06	NA1	37.47822828724998	37.06673717400002
160x271_856__vDNAlon506A10_G02	NA1	37.69947482923296	36.89068174458092
DVIT0836.0000F__BIvDNAara1092H08_E08	Vv	-24.003286114109756	-0.8715438404637179
ND_1_99_37__vDNAhat908A07_B09	NA1	36.16101045145626	35.375320205519515
160x271_845__vDNAlon506A10_D01	NA1	39.72744643613975	38.7532769760605
588369__vDNAlon095H11_H10	NA1	39.41271351478244	37.91231573149962
E200__vDNAlon1140F08_B02	NA1	38.69793279072176	38.127581220016765
Y536-1__BIvDNAnae0004A04_E06	Vv	-32.4849243126901	-0.779148892302013
0748.0000C__BIvDNAara0041D05_A12	Vv	-14.794331150125629	-1.4281542543482362
2010-178__vDNAwor1522F06_C12	Mus	35.370232241292086	-39.09281466824949
DVIT0689_0000C__BIvDNAara1102A06_G07	Vv	-24.542652855256573	-1.199455907624939
588631__vDNAcad441D05_G05	EA	10.023776527820472	13.036646486950147
E008__vDNAlon1138F06_H01	NA1	36.93547711160389	36.857385667845655
2234.0007A__BIvDNAara0069A03_D12	NA2	27.65217002882661	23.798187234398796
2197.0000D__BIvDNAara0066F06_E03	Mus	40.53042631786991	-43.02836337985351
VIL6__EXTvDNAWOR0047A01_E02	Mus	38.8793952428941	-40.79545618194837
2216.0002A__BIvDNAara0068A02_F12	NA2	27.42268791830409	23.724849561399196
68__EXTvDNAels0022A01_H05	Mus	41.31868859448706	-44.050250366686406
H2511__vDNAhei1325E11_E07	NA1	34.0142818020446	32.53698128617446
588335__vDNAlon787A12_H11	NA1	39.17973110703629	36.94875532656652
VALLEYPEARL__BIvDNAnae0001A01_G05	Vv	-31.700388380836245	-0.85472479006
DVIT2732__vDNAcad796B09_C09	EA	8.632339347389358	12.484602104870014
G12__vDNAcad1356E09_G09	Vv	-32.13351878166555	-0.25823881034063434
lab83__vDNAcad1516F07_A12	NA2	18.228391326637706	14.163264444149856
AS_2_1__EXTvDNAhau1396G04_A01	Vv	-28.87644413033656	0.46136241481317636
AM196__Muscadine_Plate3_D12	Mus	35.7605800609369	-39.07956415768861
6.10.49__EXTvDNAbar0001A02_A10	Vv	-32.946846052303016	-0.8059910993587662
H4241__vDNAhei1330F04_D02	NA2	27.917415429694458	23.26921055527981
2215.0012A__BIvDNAara0068A02_F01	NA2	28.715428058125426	23.627812396456566
483178__vDNAlon095H11_F12	NA1	39.08062949333054	37.84900782656236
Ark1214_29__EXTvDNAWOR0030A04_D12	Mus	36.886184793834715	-39.21900588292597
AM-116TubeA__vDNAwor1641A04_C01	Mus	39.50542118815064	-42.70028522268074
E102__vDNAlon1139F07_H08	NA1	41.354458160026724	40.99404469347361
PI_247064__BIvDNAgut0035C11_E12	NA1	40.26377484689282	38.50108095653247
ChardonnaySelf1_C12__vDNAfen201A01_C12	Vv	-27.24361616494184	-0.2571897222141692
5.9.2__EXTvDNAbar0011B01_G08	Vv	-25.057381478876287	-1.734211462575333
DVIT2174_0000A__BIvDNAara1076G04_D11	Vv	-23.430385605735292	-0.8505203535790153
DVIT0588_0000D__BIvDNAara1074G02_B02	Vv	-20.594877289171183	-1.8033296391736242
A2Y1_C312L__vDNAlon918B05_D04	Vv	-31.364555791306273	-0.9533150281876159
483167__vDNAlon096H12_F12	NA1	39.61210249274916	38.322011185216994
C71-51__BIvDNAnae0002A02_F11	Vv	-32.53443696453123	-0.8709425287404956
6.24.17__EXTvDNAbar0001A02_G06	Vv	-29.710609093181553	-0.4058151545764736
ND_1_86_104__vDNAhat900H11_F01	NA1	38.13668062717305	36.621366224889314
A89-25__BIvDNAnae0001A01_A06	Vv	-31.686647391388398	-0.6865144305266286
9.2.42__EXTvDNAbar0004E09_A10	Vv	-31.576516205640182	-1.0789334463515672
2216.0010A__BIvDNAara0068A02_G02	NA2	27.500359250585657	23.67455034828702
DVIT0433_0000E__BIvDNAara1074G02_D10	Vv	-20.153987737452486	-0.6967863022954393
5.10.104__EXTvDNAbar0010E10_E12	Vv	-30.379364029731622	-0.4928534190860171
A2Y1_C336L__vDNAlon918B05_F07	Vv	-29.430981960632266	0.0752388087357561
2216.0005A__BIvDNAara0068A02_H12	NA2	28.40711704004629	24.329851492151715
Y139-143__BIvDNAnae0004A04_C09	Vv	-33.26221692533614	-0.9319842049739975
GS_1_1__EXTvDNAhau1510G04_A01	Vv	-28.90585419256348	-0.04678381965517222
PI_588678__BIvDNAgut0034C10_H07	NA2	28.451486793385982	24.00093067101104
AM179__Muscadine_Plate3_G06	Mus	37.943322859409264	-41.65633429280956
BLE3__EXTvDNAWOR0047A01_C03	Mus	37.01078514028023	-39.565916151011386
E056__vDNAlon1138F06_B08	NA1	35.50850551630522	34.84062282177302
160x271_763__vDNAlon505A09_E02	NA1	34.5498362167949	33.797791044631595
Ark1214_42__EXTvDNAWOR0032A06_D02	Mus	35.80431493010045	-39.18700676125472
CH1920-31__vDNAwor1521F05_F12	Mus	35.4255831773451	-37.2361929302709
2218.0002A__BIvDNAara0067A01_A09	NA2	27.74547113896313	23.160236463142063
ChardonnaySelf2C02__BIvDNAnae0016B04_C02	Vv	-23.290206807497846	-1.2758930608838364
0117.0000C__BIvDNAara0070A04_F10	NA2	23.06988849205601	15.630440467645563
E039__vDNAlon1138F06_F05	NA1	35.89960433449285	35.40207817316969
DVIT0510_0000D__BIvDNAara1075G03_B02	Vv	-23.143944523381656	-1.173955854035184
9.1.80__EXTvDNAbar0003C04_H03	Vv	-28.517748347063872	0.02973238061297073
79__EXTvDNAels0022A01_B07	Mus	41.941998412491074	-44.97602428601706
M13__vDNAled778A03_B03	Vv	-31.963848288458426	-0.7374211144077601
DVIT0865_0000C__BIvDNAara1099A03_A01	Vv	-26.996846253520374	-0.2182302602997884
6.10.64__EXTvDNAbar0001A02_B01	Vv	-32.61355601492087	-0.763249955586249
6.24.77__EXTvDNAbar0002B03_A11	Vv	-32.14086776431531	-0.6209863566755273
38__EXTvDNAels0022A01_B02	Mus	41.64661545693623	-44.2590113396239
Y130-175__BIvDNAnae0001A01_C03	Vv	-32.73064293292331	-1.1428564065879587
lab80__vDNAcad1516F07_G12	NA2	23.683851666435583	17.50520428003993
PetitMenseng__vDNAsap1564F03_A04	Vv	-26.97924736072827	0.5524839333959789
116__EXTvDNAels0022A01_G11	Mus	41.46850944080103	-44.29361239031271
S1019__vDNAhei1331F05_G04	Mus	37.9802045648343	-36.220439288495825
9.4.102__EXTvDNAbar0004E09_E06	Vv	-32.91178571565693	-0.7544379760770455
160x271_909__vDNAlon506A10_D09	NA1	36.859092698444165	35.52713427004721
588640__vDNAcad441D05_H05	EA	9.69812069823482	12.688278091714462
588160__vDNAlon1140F08_G08	NA1	40.44711315328405	39.31139174779596
WV23_17_089__vDNAsap1576B05_F06	Vv	-24.15686831944024	1.420901735930481
2237.0008A__BIvDNAara0067A01_B02	NA1	38.326667274881366	36.780531206162706
E004__vDNAlon1138F06_D01	NA1	38.644244313043	37.86770134116017
160x271_925__vDNAlon506A10_A12	NA1	41.66241335781524	40.98130733536865
DVIT0920_0000C__BIvDNAara1099A03_C07	Vv	-19.91409271187838	-0.3296658600971069
DVIT2114_0000B__BIvDNAara1076G04_A09	Vv	-25.87006564717119	-1.7427399465241726
JCK5__EXTvDNAWOR0047A01_G11	Mus	36.32995800840667	-39.27741025231826
2401.0000A__BIvDNAara0066F06_D09	NA1	39.22305974917942	37.5576679258966
November__Muscadine_Plate1_H06	Mus	37.11351253901949	-39.87378280026062
DVIT0357_0000C__BIvDNAara1073G01_A07	Vv	-25.30655461383837	-1.3994971628735746
E143__vDNAlon1139F07_D03	NA1	40.151988312599265	39.87445586594005
2248.0007A__BIvDNAara0066F06_F02	Mus	39.253918659989615	-40.621311080245306
PI_588205__BIvDNAgut0026C02_D07	NA2	28.297276926729133	23.497741955858316
ND_1_99_48__vDNAhat908A07_C10	NA1	37.32759650798632	35.944287404155844
8.14.168__EXTvDNAbar0003C04_D03	Vv	-30.20177304531275	-0.2836460016527388
AM83__Muscadine_Plate3_E01	Mus	39.851664895663404	-42.84890330586575
9.6.178__EXTvDNAbar0005H11_A11	Vv	-33.30423746351565	-1.0353947721436467
DVIT3255_0000C__BIvDNAara1102A06_D04	Vv	-22.93426304960155	-1.1120913354270907
S4115__vDNAhei1337F11_B08	NA1	35.41000958115414	33.67865186040674
588635__vDNAlon096H12_F03	EA	8.567341839436665	12.548177728190126
588583__vDNAlon095H11_B06	NA2	24.962211060079948	20.04273129246954
P1__EXTvDNAhau0042A01_C01	Vv	-20.944562370141263	-2.1162670021215844
E137__vDNAlon1139F07_A04	NA1	40.05055288418958	39.48043900323183
W0346__vDNAhei1341G03_D08	Vv	-23.69296186528559	1.189683685986547
Seyval_Blanc__vDNAhat908A07_E12	NA1	39.00167903445184	37.64224521906127
E064__vDNAlon1138F06_B09	NA1	34.778060581386164	34.21958166626481
NY76_0863_01__vDNArei1236G08_G04	NA2	24.23542039400304	20.029611886750867
DVIT3344_0000D__BIvDNAara1101A05_E06	Vv	-23.258143881273135	-0.5568828782300338
149_53_12__vDNAled565B03_E10	Vv	-31.37512874123756	-0.6932980985734443
PI_588493__BIvDNAgut0031C07_A09	NA1	36.21464552726361	33.45217007206719
8.11.151__EXTvDNAbar0003C04_A10	Vv	-30.98289634758027	-0.7174108346533388
B49_11__vDNAled565B03_G11	Vv	-33.040893926075576	-1.128330021541635
E154__vDNAlon1139F07_A02	NA1	41.415445417985424	40.75665803612977
PI_588648__BIvDNAgut0033C09_D11	NA2	25.833071645908042	20.812227793589944
C49-96__BIvDNAnae0002A02_C05	Vv	-33.41461112403347	-1.2165747243971294
588160__vDNAfen1147A01_C01	NA1	40.65635681192386	38.84053886224071
Csaba.Gyangye__EXTvDNAbar0006A01_B11	Vv	-31.074841232384934	-0.5655817560932425
2010-161__vDNAwor1522F06_B10	Mus	37.30699507559119	-39.75419589538798
9.12.166__EXTvDNAbar0005H11_F03	Vv	-32.05668460271094	-0.5395275604308112
DVIT0957_0000C__BIvDNAara1099A03_E11	Vv	-18.62334332828967	-1.164172289683468
9.2.50__EXTvDNAbar0004E09_B03	Vv	-31.795594621301042	-0.8899656617792424
9.8.165__EXTvDNAbar0005H11_E02	Vv	-32.453201798525015	-0.3970640122113548
0595.0000C__BIvDNAara0047D11_E04	Vv	-17.767927973440884	-1.5106501006839859
8.7.143__EXTvDNAbar0002B03_H06	Vv	-32.37167452619431	-1.0219988618120477
DVIT0635_0000C__BIvDNAara1102A06_E01	Vv	-25.881299413689483	-1.7350713046909976
Voskeat__EXTvDNAbar0008C05_H04	Vv	-28.35533939231799	-0.18360640080717258
2010-215__vDNAwor1520F04_H04	Mus	40.28662073083505	-41.54494765368364
S0303__vDNAhei1330F04_F04	NA2	25.307974078821236	17.11685361727298
Y129-40__BIvDNAnae0004A04_C05	Vv	-32.286079730942966	-1.2068952433339817
Parent_Ga8_1_313_1__EXTvDNAWOR0033A07_E01	Mus	36.78903076546785	-37.865793457542125
PI_588420__BIvDNAgut0037D01_D02	EA	9.994171307813406	13.058560599367235
pc07082020_38__EXTvDNAcou0039A01_E10	Vv	-13.629814791150272	-1.0420787048617184
E053__vDNAlon1138F06_G07	NA1	40.605975315083974	39.79899870068378
160x271_913__vDNAlon506A10_H09	NA1	32.447461562959724	30.832418279844276
DVIT0480_0000C__BIvDNAara1075G03_F05	Vv	-19.788305151377777	-0.5735336041330705
PI_588125__BIvDNAgut0027C03_G11	NA1	39.551383222270076	38.19682602287651
S3028__vDNAhei1335F09_B12	NA2	23.170369317662175	17.225747377471812
L_01_35__BIvDNAara1101A05_A03	Vv	-25.574918227041973	-1.8831698240454018
Ark1214_09__EXTvDNAWOR0030A04_G10	Mus	37.1666418104589	-40.531187295288916
ND_1_86_133__vDNAhat900H11_G04	NA1	38.709718455839244	37.64188136122299
DVIT0497_0000C__BIvDNAara1075G03_D03	Vv	-18.224333596909176	-1.618312567121194
313__EXTvDNAels0024A03_F12	Mus	41.988081476022145	-44.815667915626676
PI_483178__BIvDNAgut0032C08_C09	NA1	40.45817524339782	38.67703214716546
B90-116__BIvDNAnae0001A01_G12	Vv	-32.25292418232788	-0.8945860232909105
Ark1212_02__EXTvDNAWOR0032A06_B12	Mus	42.037994658193746	-42.33767650214475
L1051__vDNAhei1315E01_F10	Vv	-27.099303473932792	-0.9096048940729484
VIL3__EXTvDNAWOR0047A01_D11	Mus	37.469202311699384	-39.53065280983887
Ark1212_19__EXTvDNAWOR0032A06_D06	Mus	35.948258427465994	-39.97785893470086
H0607__vDNAhei1320E06_F01	NA2	27.496618844100965	21.344464998656232
RST_2_1__vDNAlon918B05_F09	NA1	35.734255149269686	33.54836193819029
d11s51__vDNAdia1368E05_F07	NA1	39.72169179694923	38.182009047148355
6.12.83__EXTvDNAbar0001A02_B12	Vv	-31.801613301769795	-0.6678524421938559
2010-173__vDNAwor1522F06_F11	Mus	37.93692966141764	-41.09358492684665
711_MA_028__vDNAlon501A05_B11	NA1	39.6178960303935	38.68794752609355
483145_011__vDNAcad1069F09_G05	NA2	23.975285476208093	19.107711053771574
White_male_Pat_Conner__Muscadine_Plate2_B06	Mus	38.83514416992618	-41.62818189057857
DVIT3122.0000A__BIvDNAara1097A01_B03	Vv	-26.407974330880915	0.00038196328930354865
E153__vDNAlon1139F07_B02	NA1	41.673211055033214	40.755977422996125
160x271_917__vDNAlon506A10_A11	NA1	40.22087613668067	39.18559521429372
lab29__vDNAcad1517F08_E07	NA2	25.642210898920133	20.95442259302628
Y151-133__BIvDNAnae0001A01_F04	Vv	-31.296242684105952	-0.4302501989861494
DVIT0377_0000D__BIvDNAara1074G02_E12	Vv	-23.535666063206413	-1.565942135021533
DVIT0770_0000C__BIvDNAara1100A04_C08	Vv	-19.490327926624325	-1.3043559506622122
8.6.75__EXTvDNAbar0002B03_D08	Vv	-30.694442249763913	-0.3032212212816362
356__EXTvDNAels0025A04_C06	Mus	40.38618571435946	-42.769618073843255
K.Belyi__EXTvDNAbar0008C05_G04	Vv	-28.626088743468898	0.9410183642172975
WCM8__EXTvDNAWOR0047A01_A08	Mus	34.13488356498559	-36.28849774591054
2239.0001A__BIvDNAara0066F06_C09	NA1	39.3160053780307	37.16319066247286
ND_1_99_56__vDNAhat908A07_D11	NA1	36.547862777090295	35.2531873639222
PI_588261__BIvDNAgut0030C06_F10	NA1	40.15347187956992	39.1845869917014
588260__vDNAlon095H11_G09	NA1	39.15783186779454	37.887038363656075
PW_1__EXTvDNAhau1401G09_H09	Vv	-30.857083693913886	-0.5597330908446322
S0304__vDNAhei1330F04_H04	NA2	24.40946784896224	15.168416052610034
0502.0000C__BIvDNAara0048D12_G02	Vv	-12.776722561326302	-1.080004280829358
DVIT1015_0000A__BIvDNAara1101A05_G02	Vv	-22.12027469186132	-0.9442828245574607
DVIT2652.0000A__BIvDNAara1092H08_H09	Vv	-25.941238231085052	-0.5650395700694537
ChardonnaySelf1_A10__vDNAfen201A01_A10	Vv	-26.562169327085687	-1.043055070684649
DVIT0628_0000C__BIvDNAara1101A05_B05	Vv	-25.395440641917514	-1.083785870383806
AM142__Muscadine_Plate3_E12	Mus	37.34480972285138	-40.748248836565025
DVIT0882_0000C__BIvDNAara1099A03_A05	Vv	-25.417261047149125	-1.5029619105970835
2010-169__vDNAwor1522F06_B11	Mus	37.45391141498383	-40.22642532990795
Dawn__Muscadine_Plate1_F01	Mus	38.321686903148255	-41.555145501037096
B40_66__vDNAled565B03_F10	Vv	-32.53526133342354	-0.9858094518789036
A2Y1_C331L__vDNAlon918B05_A07	Vv	-28.104864890088866	-1.4979596701042461
Olivette__EXTvDNAbar0008C05_C04	Vv	-30.448230700575504	-0.8062249820363095
PI_588635__BIvDNAgut0034C10_A03	EA	9.029817592463786	12.661560831788364
160x271_826__vDNAlon505A09_A11	NA1	39.74802576746416	39.20688795485634
VR37__vDNAfen1153A07_A03	NA1	40.41381820787674	39.18069591639455
0604.0000C__BIvDNAara0051E03_C05	Vv	-12.7032583295668	-1.2532381880278183
9.1.96__EXTvDNAbar0003C04_H07	Vv	-29.339723348476074	0.00437331562748194
160x271_891__vDNAlon506A10_B07	NA1	35.16213376662504	33.820323249522005
3309C__vDNAfen552A02_D08	NA1	40.77474761126755	38.79939016992237
DVIT0340_0000C__BIvDNAara1073G01_B08	Vv	-24.260518239802966	-1.4463433372875336
2_73_32__vDNAcad1068F08_H06	NA2	18.882345294212794	15.410788057352681
DVIT0732_0000C__BIvDNAara1102A06_G11	Vv	-22.281420413470943	-1.2884361083767226
2010-117__vDNAwor1522F06_A04	Mus	39.82222765030097	-40.779644008693104
DVIT2072_0000B__BIvDNAara1101A05_H10	Vv	-23.128391051166545	-2.092096373053694
PI_588575__BIvDNAgut0034C10_G07	NA2	28.393729842617983	24.054657587772272
DVIT0348_0000C__BIvDNAara1073G01_E07	Vv	-25.44838761674648	-0.9766709125100098
Stuckey__Muscadine_Plate2_A06	Mus	38.47056090352588	-41.0372044032379
VCR-24-62__EXTvDNAkha1526H05_C09	Vv	-31.48264841620942	-0.39976657321864667
2010-111__vDNAwor1522F06_C03	Mus	42.56504414050637	-42.88029057944742
160x271_844__vDNAlon506A10_C01	NA1	35.935722461346344	34.63452228440817
S0202__vDNAhei1330F04_E03	NA2	26.03998234756929	17.473082386754477
160x271_895__vDNAlon506A10_F07	NA1	39.54531172133287	38.6698701602786
5.2.14__EXTvDNAbar0008C05_B10	Vv	-32.46794705534784	-0.8744979544409324
160x271_776__vDNAlon505A09_B04	NA1	35.29897084391379	34.729785191520996
588271__vDNAlon501A05_E05	NA1	36.38548589806541	35.483695103074666
2006-155__vDNAwor1640H03_H07	Mus	37.172202525698	-41.42313139998129
588637__vDNAcad441D05_B05	EA	10.064136839272045	13.064083932838344
6.24.31__EXTvDNAbar0001A02_G11	Vv	-32.28321910959255	-1.0829479036982654
BLE2__EXTvDNAWOR0047A01_C02	Mus	36.78642717997714	-39.132162350308825
H0605__vDNAhei1320E06_E01	NA2	23.606070284717116	20.3052073321734
231__EXTvDNAels0024A03_C02	Mus	41.52231694653507	-44.54758296559882
DVIT1108_0000A__BIvDNAara1076G04_H03	Vv	-25.259251012250576	-0.6559488317022324
2642.0000A__BIvDNAara0052E04_A03	Vv	-14.116091521655479	-1.3459872699811957
DVIT0660_0000C__BIvDNAara1102A06_H03	Vv	-26.117597554475296	-1.2237139649953646
DVIT1123_0000A__BIvDNAara1101A05_F05	NA2	17.443158360619925	15.052121309377135
DVIT0656_0000A__BIvDNAara1101A05_B01	Vv	-26.20013763446869	-0.43708246159287245
6.12.70__EXTvDNAbar0001A02_B10	Vv	-32.77798668166681	-0.8110762525652728
5.10.169__EXTvDNAbar0012C03_C06	Vv	-29.540675163355594	-0.7675867674976171
DVIT0845_0000C__BIvDNAara1100A04_D11	Vv	-24.997073263104667	-1.274266038074641
DVIT2076_0000A__BIvDNAara1076G04_B11	Vv	-28.636451181587812	-1.3438146221223175
C55-62__BIvDNAnae0002A02_A07	Vv	-30.07962092667487	-0.10468689858554359
8.11.173__EXTvDNAbar0003C04_B12	Vv	-32.30418847555926	-1.0288147648778916
588711__vDNAfen1147A01_F12	NA1	39.854760214607346	38.54153677601769
9.12.167__EXTvDNAbar0005H11_F04	Vv	-32.83766737293748	-0.7198255397117211
588711__vDNAfen1147A01_E12	NA1	39.56094140324155	38.324655420935784
E225__vDNAlon1140F08_B05	NA1	37.21363429919142	37.23431360163193
E069__vDNAlon1138F06_F09	NA1	36.54957038971227	35.92432777441107
2020_6_60_16138035__vDNAlon510B02_H11	Vv	-26.03428855312634	0.2143673859989012
B39-105__BIvDNAnae0004A04_B03	Vv	-31.25707017467673	-0.6542559841439282
Y145-36__BIvDNAnae0002A02_E12	Vv	-31.982128465952677	-0.8344785481870184
S4024__vDNAhei1337F11_H06	NA1	31.413880051975962	30.034333725851475
PI_483160__BIvDNAgut0032C08_F03	NA2	26.177550142731974	21.293130844139895
9.4.174__EXTvDNAbar0004E09_G04	Vv	-32.724277436652024	-0.7829735613343204
E170__vDNAlon1138F06_A12	NA1	38.877009882688995	38.9284481589144
Y213.012__BIvDNAnae0015B03_H02	NA1	27.662156690191917	26.41857338561607
DVIT0627_0000C__BIvDNAara1101A05_H12	Vv	-23.63718387627342	-0.9664218339390933
46__EXTvDNAels0022A01_B03	Mus	41.24749827777287	-44.6301608944206
Dawn__EXTvDNAbar0008C05_B04	Vv	-31.36068977832789	-1.3068925146651253
Cabernet_Sauvignon__Muscadine_Plate1_A08	Vv	-29.183394782510707	0.2820523843398033
Black_Rose__Muscadine_Plate1_A07	Vv	-30.517520096542817	-0.45342108832172145
PI_588356__BIvDNAgut0031C07_C05	NA2	26.32828740098977	22.080128543126975
E016__vDNAlon1138F06_H02	NA1	40.16712695448025	39.879666726396124
PI_588448__BIvDNAgut0036C12_G06	NA1	38.53594048159024	35.89457730859562
160x271_779__vDNAlon505A09_E04	NA1	39.819577631108935	39.51266359449051
125_34_05__vDNAled565B03_E08	Vv	-31.382883253003627	-0.46494286567672544
E037__vDNAlon1138F06_C05	NA1	35.8209691864261	34.85594475567776
RST_160_2__vDNAlon918B05_H12	NA1	36.35456517340186	34.13385549837063
9.6.124__EXTvDNAbar0004E09_H10	Vv	-32.293899115438634	-0.8881910717614134
588645__vDNAlon096H12_H09	EA	9.454141279455138	11.991157091970802
Y133_190__vDNAled565B03_H05	Vv	-32.56520299226325	-1.050057969621224
S3703__vDNAhei1336F10_F11	NA1	33.73874578205503	33.45637274638888
AM131__Muscadine_Plate3_E08	Mus	38.636977060157285	-42.115998006472594
588637__vDNAlon096H12_H03	EA	10.169853782770186	13.030216232486543
9.6.160__EXTvDNAbar0005H11_A06	Vv	-32.75306618724088	-1.0471314414284993
FresnoSeedless__vDNAlon1140F08_G09	Vv	-30.631247716118533	-0.14903678536043508
9.1.52__EXTvDNAbar0003C04_G07	Vv	-28.93396446511883	-0.04344282950701928
H4141__vDNAhei1346G08_H01	Mus	41.64835606799767	-38.11183249321867
ChardonnaySelf2H11__BIvDNAnae0016B04_H11	Vv	-20.823741950319967	-1.4870490638834186
PI_597110__BIvDNAgut0027C03_D01	NA1	40.78864162539459	39.41174726882125
DVIT0431_0000D__BIvDNAara1073G01_A12	Vv	-18.870876479483794	-1.5498991676334193
5.3.106__EXTvDNAbar0006A01_G09	Vv	-32.443924900013734	-1.0613380735277023
PI_597296__BIvDNAgut0035C11_E03	EA	8.203389867106894	12.220924237981666
P1__vDNAcad1354E07_G07	Vv	-32.20067789635181	-0.4031501552300585
DVIT0796_0000D__BIvDNAara1100A04_F05	Vv	-21.8986162869774	-0.28032766969751516
ChardonnaySelf1F02__BIvDNAnae0015B03_F02	Vv	-21.095473954526454	-1.796587198282024
0632.0000E__BIvDNAara0040D04_D12	Vv	-12.648567448056356	-1.203220850803887
0325.0000C__BIvDNAara0050E02_D10	Vv	-12.803538550237565	-0.9661139019617186
L_08_49__BIvDNAara1099A03_G03	Vv	-26.081809161419322	-0.7484158581889644
1862.0000C__BIvDNAara0052E04_H06	Vv	-12.967357652995615	-0.6149889865408017
200__EXTvDNAels0023A02_D10	Mus	40.95223810451444	-44.331116654387166
A2Y1_C43L__vDNAlon917B04_E03	Vv	-27.888956245262907	-0.42038014585850975
2202.0009A__BIvDNAara0069A03_A05	NA1	39.80585136454432	38.11294298036195
PI_588258__BIvDNAgut0030C06_H08	NA2	27.387580344618158	23.04621551958793
99__EXTvDNAels0022A01_F09	Mus	41.00817066937417	-44.29214196464119
H4243__vDNAhei1330F04_E02	NA2	26.545246331113052	17.373246032109584
6.11.58__EXTvDNAbar0001A02_B03	Vv	-31.4950482386821	-0.8332947419027028
364__EXTvDNAels0025A04_C07	Mus	40.69550733081418	-44.05028241351241
DVIT0822_0000C__BIvDNAara1100A04_A09	Vv	-19.51782133519477	-1.2246310306717518
CL6RT__vDNAlon913A12_F01	NA1	36.380569396713696	34.90404530326
Y519_131__vDNArei307A11_E06	Vv	-29.091811389248047	-0.5055591457489196
8.6.60__EXTvDNAbar0002B03_D03	Vv	-30.592676946110767	-0.23869403372085532
ChardonnaySelf2A11__BIvDNAnae0016B04_A11	Vv	-20.391610562101206	-1.4133718465169716
A31_55__vDNAled565B03_G03	Vv	-31.64984398353295	-0.3651233572301455
S2502__vDNAhei1334F08_E11	NA1	38.282039970598134	35.819602952005425
52__EXTvDNAels0022A01_H03	Mus	42.38103046178039	-45.00904708728239
DVIT0874_0000D__BIvDNAara1099A03_H05	Vv	-29.891990009087642	-0.4999813526556289
GVIT_1610__BIvDNAgut0035C11_H06	Vv	-31.72832041872625	-0.4497697917731047
2010-115__vDNAwor1522F06_G03	Mus	39.32391617664132	-40.87826337298513
ND_1_99_44__vDNAhat908A07_G09	NA1	37.31849701526009	36.38649567836712
S1722__vDNAhei1333F07_G02	NA2	27.21863941915375	22.47402181049083
S0514__vDNAhei1330F04_H07	NA2	25.286565085061525	16.786556466536684
E019__vDNAlon1138F06_B03	NA1	40.97183756718394	39.92881963412803
326__EXTvDNAels0025A04_C02	Mus	39.39991685876844	-42.70126458713913
0449.0000C__BIvDNAara0048D12_F07	Vv	-14.391792415272038	-0.5773234939876554
DVIT0315_0000A__BIvDNAara1076G04_B01	Vv	-20.345053890983408	-1.3714988427470258
PI_588440__BIvDNAgut0032C08_E05	NA1	40.02090468379208	38.56747034060622
588638__vDNAcad441D05_E05	EA	9.125225577860997	12.9122500697813
DVIT0853_0000C__BIvDNAara1100A04_C12	Vv	-20.506495792857212	-1.7725358505815638
J1__EXTvDNAWOR0047A01_H01	Mus	35.04651275877967	-36.43661715579418
L1240__vDNAhei1316E02_B08	Vv	-29.265737545424138	-0.4216389673400516
196__EXTvDNAels0023A02_H09	Mus	41.2527096018051	-44.17861351163447
6.24.67__EXTvDNAbar0002B03_A03	Vv	-32.32532051741898	-1.349284793546438
DVIT2121_0000B__BIvDNAara1076G04_E08	Vv	-23.318562915133136	-1.9165285682600037
588224__vDNAlon787A12_D09	NA1	38.47801183352239	36.2016716295935
206__EXTvDNAels0023A02_B11	Mus	40.97486394850819	-43.55510101711572
C70-96__BIvDNAnae0004A04_C08	Vv	-31.775935342758864	-0.5629440538453476
VCR-24-67__EXTvDNAkha1526H05_H09	Vv	-32.043365078743356	-0.3667774353125328
K1267__vDNAhei1309D07_B11	Vv	-29.53261921882462	-0.8629680803350507
9.2.75__EXTvDNAbar0004E09_C02	Vv	-31.382143265163265	-0.4535051569917248
Chardonnay-rei__vDNArei091H07_H09	Vv	-30.36395322312607	-0.8803486249730185
b59_50__Muscadine_Plate2_C04	Vv	-27.968080846745018	0.6876530857244125
L1211__vDNAhei1316E02_D06	Vv	-24.204782079412965	0.09415977462096253
S5614__vDNAhei1339G01_E09	NA2	23.187564330006126	17.54224970769552
S2207__vDNAhei1334F08_F03	NA2	24.036963714955657	18.44266067871553
2010-162__vDNAwor1522F06_C10	Mus	41.171134399066084	-42.74485436724714
Y538-96__BIvDNAnae0001A01_C06	Vv	-32.382619521237096	-0.6644576665479295
K0801__vDNAhei1307D05_G11	Vv	-26.48037853865122	-0.5807813484803012
2010-104__vDNAwor1522F06_D02	Mus	41.033432516160836	-41.93835724356557
V_cinerea_B9__vDNArei043D07_D09	NA2	27.05194330213032	22.621896866185185
1592.0000E__BIvDNAara0068A02_C04	NA2	27.462205081027722	23.549428572236085
2203.0003A__BIvDNAara0068A02_A11	NA2	25.935383047383684	18.89916502941143
6.14.135__EXTvDNAbar0001A02_E10	Vv	-31.59304683436472	-0.7211906587031265
AM-387__vDNAwor1521F05_A07	Mus	39.840312696020604	-40.48653301740132
160x271_905__vDNAlon506A10_H08	NA1	40.279712620804695	40.12144583029061
DVIT0859_0000C__BIvDNAara1100A04_H12	Vv	-23.10739743133708	-1.9149982360448687
588642__vDNAlon096H12_F09	EA	9.408599426150527	12.207763484050549
Higgins__Muscadine_Plate1_G02	Mus	38.85017741222131	-41.968993173468974
E234__vDNAlon1140F08_H05	NA1	39.965122361658985	38.794249684482544
S1609__vDNAhei1332F06_H09	NA2	26.009277732446915	21.088602814421325
PI_588491__BIvDNAgut0032C08_E11	NA1	40.459123253940795	38.49410467343912
Y129-161__BIvDNAnae0002A02_H09	Vv	-32.9983215845542	-0.8690719200425758
Triumph_JB__Muscadine_Plate2_B01	Mus	29.337218512081805	-32.7674910794174
Y539-64__BIvDNAnae0003A03_G01	Vv	-31.851903990857615	-0.5975203348593364
1717.0000D__BIvDNAara0070A04_E09	NA2	24.221774635359232	19.501949537020096
WV23_17_083__vDNAsap1576B05_H05	Vv	-26.237940978196054	0.5154859018038687
5.10.18__EXTvDNAbar0010E10_F12	Vv	-32.89311672632841	-0.17578872320916933
E185__vDNAlon1139F07_C12	NA1	41.01306278252102	40.663698858955996
588160__vDNAlon1138F06_G06	NA1	34.419331391898794	33.42570688743793
Ark1212_69__EXTvDNAWOR0032A06_F12	Mus	36.77830383869612	-40.39291674122838
8.11.153__EXTvDNAbar0003C04_A12	Vv	-31.151487820353555	-0.7218678469593914
FIESTA__BIvDNAnae0003A03_E07	Vv	-30.956578170254826	-0.17244750497696618
Y132-50__BIvDNAnae0004A04_C07	Vv	-30.94532386786772	-0.28924919731422466
8.8.9__EXTvDNAbar0002B03_H10	Vv	-32.98316339474083	-0.8137890227338953
588271__vDNAfen1148A02_E02	NA1	41.03374773770184	40.63135072375128
E172__vDNAlon1138F06_H11	NA1	38.772102603580386	38.29983793179957
H2431__vDNAhei1325E11_B05	NA1	30.567233655495375	27.279025484815996
C50-18__BIvDNAnae0002A02_E05	Vv	-32.22798726785755	-0.9858340876141094
L1331__vDNAhei1316E02_E12	Vv	-29.030293308990103	-0.6376989107500549
S3803__vDNAhei1337F11_F01	NA1	34.530312613846036	32.0808730356068
DVIT0887_0000C__BIvDNAara1099A03_E04	Vv	-27.837256426863192	-0.283786032725675
DVIT0473_0000C__BIvDNAara1075G03_D06	Vv	-20.530495277444896	-1.030042373842912
160x271_787__vDNAlon505A09_E05	NA1	35.78128640240635	34.59907954699691
2010-172__vDNAwor1522F06_E11	Mus	37.040755768502194	-38.70644891644891
9.6.204__EXTvDNAbar0005H11_B09	Vv	-32.94677631641753	-0.6451112139811684
V_riparia37__vDNAfen138D06_C10	NA1	39.913975020692256	38.64879019744057
DVIT0405_0000C__BIvDNAara1074G02_H11	Vv	-20.254033882726954	-0.5818902915805247
Y540-193__BIvDNAnae0004A04_A07	Vv	-31.383515839515546	-0.13864356702489924
DVIT0567_0000D__BIvDNAara1074G02_A05	Vv	-23.83162732170396	-1.3399199088493772
E029__vDNAlon1138F06_C04	NA1	36.41261330918394	35.911688966348684
BLACKROSE__BIvDNAnae0003A03_B04	Vv	-31.436233070670234	-0.42588220055488407
UMT7__EXTvDNAWOR0047A01_B07	Mus	36.92669678006695	-39.673383628716195
Y149-13-12__BIvDNAnae0001A01_B09	Vv	-31.54531050056049	-0.48527317286320404
160x271_793__vDNAlon505A09_C06	NA1	38.45826017636721	37.45366070276599
Korithi__EXTvDNAbar0008C05_G05	Vv	-28.97016941307914	0.08663069893715697
S1012__vDNAhei1331F05_A04	Mus	37.23075754890124	-32.6121012099475
588271__vDNAlon1140F08_A09	NA1	37.64795999516635	37.97379434876645
pc07082020_6__EXTvDNAcou0039A01_E02	Vv	-18.381668893173998	-1.1813255091729327
DVIT0834_0000C__BIvDNAara1100A04_D10	Vv	-18.980910312033238	-1.5430107416327454
Blush__EXTvDNAbar0007B03_C12	Vv	-26.833826969352017	-1.638699383619522
316__EXTvDNAels0025A04_A01	Mus	40.888737509118705	-44.0242798751717
DVIT0402_0000C__BIvDNAara1074G02_A12	Vv	-21.380804607560826	-1.300186868009529
160x271_814__vDNAlon505A09_H08	NA1	33.40845321319044	31.899564767094372
MN_1285__vDNAfen552A02_A05	NA1	41.44349543620761	41.320228122507324
PI_588460__BIvDNAgut0037D01_G01	NA2	28.33782248029977	23.996142042596613
L_07_67__BIvDNAara1100A04_F12	Vv	-23.591420759182093	-1.4353173131826018
DVIT0601_0000C__BIvDNAara1075G03_G12	Vv	-22.326729055739563	-1.545713059518059
DVIT2260_0000A__BIvDNAara1076G04_C12	Vv	-23.499193923900467	-1.237463617783757
AS_2__EXTvDNAhau1398G06_B07	Vv	-29.825630280185432	-0.4454947184714629
588154__vDNAlon096H12_G06	NA2	27.958142736238052	23.587795663372162
DVIT2071_0000A__BIvDNAara1076G04_H05	Vv	-22.046535894761156	-0.5464979018595754
0581.0000C__BIvDNAara0047D11_A03	Vv	-12.717177203652192	-1.2934362407318802
M13__vDNAled779A04_C04	Vv	-32.00156407444858	-0.8443314950318628
2212.0023B__BIvDNAara0067A01_C07	NA2	26.68262917768222	21.51821621739406
81__EXTvDNAels0022A01_D07	Mus	41.08746453522948	-43.81321737208246
DVIT0830_0000C__BIvDNAara1100A04_H09	Vv	-26.91894936364986	-0.2856447138176449
0490.0000C__BIvDNAara0048D12_G01	Vv	-13.123527490642486	-1.422727160907903
DVIT0327_0000D__BIvDNAara1073G01_E04	Vv	-19.224789816414567	-1.2078871871810726
7.11.9__EXTvDNAbar0002B03_B07	Vv	-32.61974524604591	-0.8232455060640812
ScolokertekKiralynoje__EXTvDNAWOR0033A07_F11	Vv	-32.196521351468284	-0.7549752669191651
E184__vDNAlon1139F07_B12	NA1	40.63714400905597	40.204894446339495
DVIT0620_0000C__BIvDNAara1101A05_C12	Vv	-22.469693723418352	-1.4997928308620008
L1317__vDNAhei1316E02_G11	Vv	-29.805517126144885	-0.35189221570542367
AM126__Muscadine_Plate3_D08	Mus	36.7380451176348	-39.80054888219332
9.4.110__EXTvDNAbar0004E09_H12	Vv	-32.875292251861815	-0.5328346544102432
KIL9__EXTvDNAWOR0047A01_F03	Mus	32.08028536921853	-34.09887443022224
PI_588590__BIvDNAgut0031C07_C01	NA1	38.8417802812657	36.67942486891199
2215.0014A__BIvDNAara0068A02_H01	NA2	28.343671018589745	24.016332993933073
9.2.68__EXTvDNAbar0004E09_B12	Vv	-31.253346481282914	-0.23724824388720994
588160__vDNAfen1148A02_C02	NA1	41.15608664330954	39.54314906312359
B53-136__BIvDNAnae0003A03_C06	Vv	-29.65374021749653	0.5519157200999601
DVIT0345_0000E__BIvDNAara1073G01_G07	Vv	-25.22740277003918	-0.5576953760527211
Perlon__EXTvDNAbar0008C05_F11	Vv	-28.02594474226768	-1.1995051503359933
GVIT_1730__BIvDNAgut0033C09_B09	NA1	38.88837764520451	37.47996080558493
H3409__vDNAhei1328F02_D01	NA1	36.04038533227865	33.953137517604425
E138__vDNAlon1139F07_H03	NA1	41.505433781481976	40.839485078889204
A2Y1_C52L__vDNAlon917B04_H04	Vv	-28.43355461342747	-1.2597366107771963
6.12.167__EXTvDNAbar0001A02_C09	Vv	-31.92291868531153	-0.8775969246857019
6.14.141__EXTvDNAbar0001A02_E12	Vv	-31.519266835366444	-0.7755819167535628
401__EXTvDNAels0025A04_G11	Mus	41.445533155388304	-44.718205620381475
8.7.130__EXTvDNAbar0002B03_H03	Vv	-32.12767788725149	-0.7047932861707944
DVIT0438_0000C__BIvDNAara1073G01_D12	Vv	-21.129001212316524	-0.5242734350164026
9.2.46__EXTvDNAbar0004E09_B01	Vv	-31.044205174672772	-0.8178107600766723
PW_1_2__EXTvDNAhau1400G08_B01	Vv	-31.553222392888493	-0.5758638668383872
PI_588683__BIvDNAgut0034C10_E12	NA1	38.71677122131167	37.08881204532985
DVIT0404_0000C__BIvDNAara1073G01_E10	Vv	-21.907508327306374	-2.064561730150333
S1318__vDNAhei1332F06_C01	NA2	25.268287301785485	21.175057740715634
L1127__vDNAhei1316E02_B02	Vv	-26.777758456901495	-0.3541192948863947
101-14__vDNAlon787A12_G10	NA1	38.6726315739067	37.200069855679985
B28_126__vDNAled565B03_G08	Vv	-32.33352506105262	-1.2422015306188643
CARINA__BIvDNAnae0003A03_B07	Vv	-28.57447199582289	-0.3077400754126753
C42-31__BIvDNAnae0002A02_A03	Vv	-31.22956283527059	-0.2489748797579944
DVIT0448_0000C__BIvDNAara1073G01_H01	Vv	-23.485895532017697	-1.6395387548438087
PI_588094__BIvDNAgut0028C04_B02	NA2	25.45373278613964	20.325308588598993
WV23_20_007__vDNAsap1564F03_G03	Vv	-28.759035694975957	-0.04371932481785119
E091__vDNAlon1139F07_C10	NA1	41.70018811750537	41.18942525545702
DVIT0992_0000C__BIvDNAara1099A03_G12	Vv	-27.8904278281788	-0.8630728632384095
DVIT0363_0000E__BIvDNAara1074G02_C03	Vv	-20.889204324136745	-1.37304680456483
2248.0002A__BIvDNAara0066F06_C02	Mus	39.2486088330606	-40.738074261835386
ND_1_86_100__vDNAhat900H11_E01	NA1	38.68283293280962	37.43312757771461
5.3.103__EXTvDNAbar0008C05_A10	Vv	-31.02103725857273	-1.0462054363911875
ND_1_86_113__vDNAhat900H11_C02	NA1	38.60548660295136	36.89817648346521
B82-34__BIvDNAnae0004A04_A05	Vv	-31.589117883974996	-0.35057140181472807
Ark1212_46__EXTvDNAWOR0032A06_G09	Mus	37.33282736137302	-40.651787803099
DVIT0934_0000C__BIvDNAara1099A03_H08	Vv	-23.004922695622387	-0.566075368660936
A2Y1_C310L__vDNAlon918B05_B04	Vv	-30.63162512152166	-0.691291374474124
DVIT2335_0000H__BIvDNAara1101A05_D07	NA1	34.74640809537272	33.68631576504357
8.11.163__EXTvDNAbar0003C04_B07	Vv	-32.11465829360637	-0.9896967416821
PI_588625__BIvDNAgut0034C10_F08	NA2	27.45963992814588	23.52257363450366
Y537_032_06__vDNArei307A11_H10	Vv	-30.027917431701592	-1.0146142269480585
2010-132__vDNAwor1522F06_E06	Mus	38.945844499746215	-40.51877159531472
C69-30__BIvDNAnae0004A04_B08	Vv	-30.62629391370566	0.08239024095675046
Parent_SouthernHome__EXTvDNAWOR0033A07_B01	Mus	27.280609717656183	-30.194562866679824
DVIT0760_0000D__BIvDNAara1100A04_A02	Vv	-21.22619582690889	-1.1593109858165702
2480.0000E__BIvDNAara0051E03_A12	Vv	-12.840422878825589	-0.9927040182805782
5.10.89__EXTvDNAbar0007B03_A01	Vv	-32.574143649360224	-0.7574903538140442
DVIT0823_0000C__BIvDNAara1100A04_B09	Vv	-19.81205953526344	-1.3951473227326263
K1077__vDNAhei1309D07_A02	Vv	-28.539390611282204	0.1613513956689683
Y129-181__BIvDNAnae0004A04_G05	Vv	-32.136279197094446	-0.806021991499624
lon094D09__vDNAlon787A12_C11	NA1	40.16659005244065	38.4739792761824
A2Y1_C47L__vDNAlon917B04_A04	Vv	-27.48732401998808	-0.627291154392046
Y142-76__BIvDNAnae0004A04_F08	Vv	-30.195675775621318	0.03922488617911508
E120__vDNAlon1139F07_B06	NA1	41.31700204370933	40.80891569093158
PI_588460__BIvDNAgut0031C07_F07	NA2	25.897707926017638	22.074436538880235
DVIT0403_0000C__BIvDNAara1073G01_D10	Vv	-19.020832614785053	-1.2169232516910573
DVIT0639_0000J__BIvDNAara1102A06_A02	Vv	-24.68097919018619	-1.3639182739312943
2228.0012A__BIvDNAara0067A01_H03	NA2	28.375317959016254	21.69040161645698
Ark1214_38__EXTvDNAWOR0032A06_H01	Mus	40.782445674814426	-41.95384058485071
2217.0002A__BIvDNAara0067A01_A08	NA2	28.358065192511013	23.90233430355726
160x271_853__vDNAlon506A10_D02	NA1	38.01107211094634	36.39871452997132
194__EXTvDNAels0023A02_F09	Mus	41.42332688625198	-44.02590235522414
Saperavi_4_002__vDNAfen201A01_D03	Vv	-24.99197970527084	-0.945393512320389
H2433__vDNAhei1325E11_C05	NA1	31.845549982537705	29.08076066417518
0364.0000C__BIvDNAara0048D12_D11	Vv	-13.297517509313158	-1.016699337858017
Y132-2-09__BIvDNAnae0001A01_H05	Vv	-31.435079307518397	-0.32733399037503896
160x271_859__vDNAlon506A10_B03	NA1	38.00342990405922	37.293033377501665
RST_271_2__vDNAlon918B05_C12	NA1	38.79889421950524	37.7410016164139
DVIT0490_0000C__BIvDNAara1075G03_F04	Vv	-18.038014592647066	-1.6204379579195745
DVIT2703.B__BIvDNAara1089H05_F07	Vv	-25.878913851614115	-0.31003922352123137
Spalding__Muscadine_Plate2_A04	Mus	35.37272621063882	-38.00822962397345
PI_588221__BIvDNAgut0031C07_H05	NA2	27.413252697307364	23.516921947680572
E038__vDNAlon1138F06_D05	NA1	34.45937194725194	34.276145914484495
E162__vDNAlon1139F07_A01	NA1	39.93964846317124	39.94905289922547
DVIT2317_0000B__BIvDNAara1101A05_F08	Vv	-23.52630624818764	-0.17935235953496134
A2Y1_C58L__vDNAlon917B04_F05	Vv	-28.558363896485595	-1.306670595669536
PEL1__EXTvDNAWOR0048A02_B08	Mus	36.62912237913877	-38.64029860544129
DVIT0534_0000C__BIvDNAara1075G03_F09	Vv	-17.775268321803992	-1.7079375043098015
DVIT0989_0000C__BIvDNAara1099A03_D03	Vv	-27.463753634167773	-1.0562079649607523
5.10.80__EXTvDNAbar0012C03_H05	Vv	-32.48151589358417	-0.5512689199080922
9.2.44__EXTvDNAbar0004E09_A11	Vv	-29.962854741968105	-0.5835610594092295
DVIT2637.C__BIvDNAara1089H05_B03	Vv	-25.928243820225454	-0.8181183502497285
Ribier__EXTvDNAbar0007B03_D04	Vv	-32.230913519155465	-0.8789244811958041
160x271_820__vDNAlon505A09_C10	NA1	40.30109216767656	39.77886324200299
E030__vDNAlon1138F06_D04	NA1	35.002132919415004	34.358539635828755
2010-160__vDNAwor1522F06_A10	Mus	38.64797995018404	-39.663403319297615
Unkx13_101_20__Screenhouse-Plate1_D02	NA1	38.64061784488505	37.02584390270584
S1130__vDNAhei1331F05_D09	Mus	38.65352853604498	-35.697909891829
588378__vDNAlon096H12_B02	NA1	38.72455286169689	37.37416989802966
7.11.40__EXTvDNAbar0002B03_C03	Vv	-32.26345242243097	-0.8187553753832253
Y151-135-12__BIvDNAnae0001A01_D09	Vv	-32.029819112589394	-1.0082718737474885
VIL7__EXTvDNAWOR0047A01_E03	Mus	38.08094333738942	-39.6540096625582
2005A__EXTvDNAsca1443D08_F04	Vv	-28.334302170478793	0.8080216214701362
K1477__vDNAhei1310D08_G09	Vv	-26.53292088909373	-0.20804145843725871
1701_138__EXTvDNAWOR0048A02_G03	Mus	37.80280602122027	-40.0943991224612
ND_1_86_128__vDNAhat900H11_A04	NA1	39.33888793163236	37.783606107534176
PI_483168__BIvDNAgut0032C08_E04	NA1	40.03068143260422	39.082091503854
VRMNW__vDNAfen1155A09_C09	NA1	38.89200595054864	38.05896779085505
A2Y1_C195L__vDNAlon917B04_C12	Vv	-24.800589547601884	-1.8676066022505329
PI_588633__BIvDNAgut0034C10_E07	EA	9.547326189256475	12.7729036132495
OKL3_2__EXTvDNAWOR0048A02_E12	Mus	37.80474072090812	-39.8610091948103
iniagrape.one__EXTvDNAbar0008C05_H05	Vv	-25.34561334708433	-0.6825245207836372
DVIT0998_0000C__BIvDNAara1099A03_A12	Vv	-21.620709431491072	-1.4611013550493226
Agourane__EXTvDNAbar0006A01_B09	Vv	-29.506520909695517	-0.30716954389776563
PI_597106__BIvDNAgut0032C08_A09	NA2	29.325023705538676	24.545751630589017
AM-368__vDNAwor1521F05_D10	Mus	38.66123913652427	-40.00382103432974
DVIT0442_0000C__BIvDNAara1073G01_E12	Vv	-23.935773157434866	-0.5615385900363822
588374__vDNAlon095H11_A09	NA1	38.97052103629131	37.82756046569861
VIL9__EXTvDNAWOR0047A01_E05	Mus	37.33979420552557	-39.96098072713687
B70-37__EXTvDNAsca1439D04_G02	NA2	26.61026300052595	22.294441620452208
8.6.101__EXTvDNAbar0002B03_E02	Vv	-31.065032342931577	-0.7229895075867983
9.4.70__EXTvDNAbar0004E09_C08	Vv	-32.788268597956446	-0.7395567531112184
S3520__vDNAhei1336F10_H08	NA2	21.544948287138983	18.382117642928606
H4239__vDNAhei1330F04_C02	NA2	28.189238927866274	23.469954379063108
5.9.109__EXTvDNAbar0008C05_F03	Vv	-30.134084189193906	-1.5523716839862192
160x271_867__vDNAlon506A10_B04	NA1	36.11988326014652	35.02489471280914
E168__vDNAlon1138F06_C12	NA1	35.73542957873635	35.71422472584991
PW_1__EXTvDNAhau1401G09_A10	Vv	-31.510764877853177	-0.3836201032423296
6.24.71__EXTvDNAbar0002B03_A06	Vv	-31.92248765250826	-0.5766875398224048
A2Y1_C82L__vDNAlon917B04_F08	Vv	-28.597532190876983	0.00532006972046884
DVIT0711_0000D__BIvDNAara1102A06_C05	Vv	-26.589310951351347	-0.2727952241900288
E177__vDNAlon1139F07_C11	NA1	40.00908090138809	39.616997462349715
P1__vDNAcad1355E08_G08	Vv	-32.2178991880291	-0.4229014730203557
9.6.198__EXTvDNAbar0005H11_B05	Vv	-32.85067117450128	-0.9001995530025784
WCM1__EXTvDNAWOR0047A01_A01	Mus	37.994485177746704	-40.00910101185634
160x271_858__vDNAlon506A10_A03	NA1	39.876130177992565	38.80165773820653
8.7.137__EXTvDNAbar0002B03_H05	Vv	-31.91532887751244	-0.47695717350079225
L1067__vDNAhei1315E01_F11	Vv	-27.10566727733799	-0.5185827645072576
588144__vDNAlon096H12_C01	NA1	38.64839954108539	37.32138356118229
230__EXTvDNAels0024A03_B02	Mus	42.96306180359411	-45.947740110600485
PI_588399__BIvDNAgut0039D03_C06	NA1	38.80792538770685	37.13538776629712
d17s77__vDNAdia1374E11_E10	NA2	25.883524110331333	20.919379842764986
2215.0009A__BIvDNAara0068A02_D01	NA2	15.717734968541968	13.148020412867204
E191__vDNAlon1140F08_A01	NA1	38.70161741021134	38.723748245750365
WV22_02_005__vDNAsap1256A04_F09	Vv	-29.439928121022252	0.23419119663061194
ND_1_86_118__vDNAhat900H11_F02	NA1	38.6341033938817	36.99606439096371
Y308-345__BIvDNAnae0007A07_E12	Vv	-33.44683806820005	-0.6940708511186201
217__EXTvDNAels0023A02_E12	Mus	40.89000344895777	-44.63712031523367
E118__vDNAlon1139F07_D06	NA1	41.777091181926146	41.011004513976296
ChardonnaySelf2B11__BIvDNAnae0016B04_B11	Vv	-23.01080888846665	-1.3166658314008632
DVIT0414_0999W__BIvDNAara1073G01_H10	Vv	-21.98423632041262	-0.7532609131816155
6.10.18__EXTvDNAbar0001A02_A05	Vv	-33.031483531571794	-0.5629670438007874
A2Y1_C83L__vDNAlon917B04_G08	Vv	-27.19743542579221	-0.3895619807556286
A2Y1_C187L__vDNAlon917B04_C11	Vv	-26.021729020115416	-0.7446597773379038
PI_588155__BIvDNAgut0026C02_D04	NA2	24.14323077313895	17.25602366783543
588653__vDNAlon787A12_G11	NA1	40.37386605289235	39.10801363126284
Y128-71__BIvDNAnae0002A02_D12	Vv	-31.444277068835138	-0.4402281212405821
PI_588460__BIvDNAgut0033C09_F09	NA2	27.65918590558087	23.544969961589604
E199__vDNAlon1140F08_A02	NA1	38.15477023178201	38.11241757014053
9.8.164__EXTvDNAbar0005H11_E01	Vv	-33.35259653226595	-0.8531484609424905
Parent_Tarheel__EXTvDNAWOR0030A04_B01	Mus	38.91187174124448	-39.91064424607366
W0255__vDNAhei1341G03_H01	Vv	-24.552381916614472	1.1630664307141312
Y213.002__BIvDNAnae0015B03_B01	NA1	23.729603466625534	22.676979341374423
6.24.74__EXTvDNAbar0002B03_A09	Vv	-32.36412996258714	-1.0944876297602677
85__EXTvDNAels0022A01_H07	Mus	40.802105418569575	-43.6979176894241
6.12.163__EXTvDNAbar0001A02_C08	Vv	-33.08520003337566	-1.1988009072945096
VRMNW__vDNAfen1172C01_E01	NA1	38.964527870256696	37.916366914032004
DVIT0319_0000C__BIvDNAara1073G01_A04	Vv	-25.48749415905067	-1.1619485289697424
d18s19__vDNAdia1375E12_C03	NA2	28.473134566836734	22.163985068903923
H4251__vDNAhei1330F04_H02	NA2	22.552500824424687	14.731453612617727
DVIT0607_0000C__BIvDNAara1075G03_B12	Vv	-23.620827652572988	-1.278230548025598
CIOTAT__BIvDNAnae0003A03_A12	Vv	-30.833858424193174	-0.1706990640123548
DVIT0341_0000C__BIvDNAara1073G01_A08	Vv	-18.77050994469677	-1.4693175910799858
S2727__vDNAhei1335F09_E06	NA2	26.200674006827303	22.056581853722825
588271__vDNAlon501A05_D05	NA1	39.28642005034507	38.783165860257135
Chouchillon__EXTvDNAbar0006A01_A07	Vv	-25.944953271742037	-0.48716536042590647
Parent_AM_38__EXTvDNAWOR0031A05_D01	Mus	37.530161492197024	-41.3196204912092
8.14.180__EXTvDNAbar0003C04_D11	Vv	-31.18922480765404	-0.1653691909798071
5.3.77__EXTvDNAbar0012C03_E10	Vv	-30.55408299978065	-1.1825870309345126
DVIT0363_0000E__BIvDNAara1074G02_B03	Vv	-20.219353001954005	-1.476006235228008
DVIT0864_0000C__BIvDNAara1100A04_E04	Vv	-21.58325916728952	-1.5926361390901747
317__EXTvDNAels0025A04_B01	Mus	41.5441041177304	-45.01350842444951
B69-42__EXTvDNAsca1443D08_D06	NA2	26.996119965653122	23.170626205485135
5.10.88__EXTvDNAbar0007B03_B12	Vv	-32.2308391366687	-0.6687721192351878
8.6.43__EXTvDNAbar0002B03_C11	Vv	-30.896799587266504	0.03128459525434842
DVIT2050_0000C__BIvDNAara1074G02_A10	Vv	-24.57439076107792	-1.4648865855253308
ND_1_99_14__vDNAhat908A07_F05	NA1	36.751455802651336	35.4734775987741
S3720__vDNAhei1336F10_G12	NA1	36.39116621886034	33.880103725275326
S0613__vDNAhei1330F04_E09	NA2	28.843275354312077	23.791374120019263
AM167__Muscadine_Plate3_F08	Mus	37.90478029525429	-41.22853189377618
373__EXTvDNAels0025A04_C08	Mus	40.281035323930624	-42.92986842037621
17_109_08__vDNAcad1067F07_A10	EA	8.616400637288834	11.748544664866355
ND_1_99_51__vDNAhat908A07_G10	NA1	36.10803401373078	35.33721775040641
DVIT0886_0000E__BIvDNAara1099A03_F04	Vv	-22.854461395722403	-0.8170529174149337
A2Y1_C206L__vDNAlon918B05_F01	Vv	-29.45229136631698	-0.03122887449435304
588160__vDNAfen551A01_C01	NA1	40.78641776225364	38.87087778662185
DVIT2690.A__BIvDNAara1089H05_H07	Vv	-27.129992171721618	-0.7836009929595592
588160__vDNAfen1149A03_C03	NA1	40.86015528495611	39.32283684853512
Plate4_A1_Muscat_of_Alexandria__EXTvDNAmej0016A07_A01	Vv	-24.58270980964619	-0.30027614268983366
DVIT0524_0000I__BIvDNAara1075G03_E08	Vv	-18.339302975461056	-1.2894470517908587
Y146-106-08__BIvDNAnae0001A01_A03	Vv	-31.199282896556376	-0.8442935143009316
0423.0000C__BIvDNAara0048D12_G05	Vv	-13.409553904327517	-1.1442981459803157
Seleccion.5__EXTvDNAbar0006A01_B05	Vv	-31.84635072701962	-0.5746528273954239
B50_1__vDNAled565B03_B12	Vv	-32.234762704333384	-1.3220831627962633
160x271_939__vDNAfen201A01_G05	NA1	36.784288591059855	35.94060418746927
e1_100__Muscadine_Plate2_C05	Vv	-32.096587542220774	-0.8954066703623227
K1163__vDNAhei1309D07_H05	Vv	-29.6897894819715	-0.41427519686128506
A2Y1_C68L__vDNAlon917B04_H06	Vv	-26.992388286203205	-1.4199584396163658
E141__vDNAlon1139F07_E03	NA1	40.80549794915014	40.18893450578093
DVIT0916_0000C__BIvDNAara1099A03_G06	Vv	-27.85132518515557	-1.1238778998949908
FANTASYSEEDLESS__BIvDNAnae0003A03_G04	Vv	-30.09348417055063	-0.2306157622567299
Chaouch__Muscadine_Plate1_B02	Vv	-31.89901639023702	-0.889127039701332
ND_1_99_54__vDNAhat908A07_B11	NA1	37.58119310183324	36.34626510990226
6.14.180__EXTvDNAbar0001A02_F08	Vv	-31.85912638047273	-0.5916941512587502
Ark1212_06__EXTvDNAWOR0032A06_G04	Mus	36.084916408053395	-40.04741938634737
367__EXTvDNAels0025A04_B04	Mus	41.048574421654465	-44.57999878610113
DVIT0747_0000C__BIvDNAara1102A06_D06	Vv	-24.756639689769123	-0.24803056798113698
L1053__vDNAhei1315E01_G10	Vv	-27.588527786163613	-0.2512112226858217
82__EXTvDNAels0022A01_E07	Mus	41.19913818261536	-43.760080438335805
Plate7_E1_Pinot_Noir__EXTvDNAmej0019A10_E01	Vv	-29.81755194571499	-0.35933746211659
Y146-106__BIvDNAnae0001A01_B03	Vv	-31.293363983180836	-0.2889373941754281
E088__vDNAlon1139F07_F10	NA1	41.970807231982114	41.33165147191222
SELMAPETE__BIvDNAnae0003A03_F07	Vv	-29.884469288828356	-0.08724049927067094
DVIT2325_0000A__BIvDNAara1076G04_B05	Vv	-26.927333636508294	-0.05915034056142402
Seyval_Blanc__vDNAfen137D05_H05	NA1	39.78693752126417	38.46173315633183
9.1.38__EXTvDNAbar0003C04_G03	Vv	-29.368543768651623	-0.2544873614492136
Y149-91__BIvDNAnae0004A04_D05	Vv	-31.97269729476044	-0.5906804688545128
141__EXTvDNAels0023A02_B03	Mus	41.0172742997072	-44.58854242186403
PI_588718__BIvDNAgut0039D03_H09	NA1	39.708414821838325	37.73220637048322
E028__vDNAlon1138F06_B04	NA1	36.7743719232368	35.85309843290563
2215.0001A__BIvDNAara0067A01_D12	NA2	28.572939107587384	23.517299824888756
DVIT0525_0000C__BIvDNAara1075G03_F08	Vv	-20.65189638558209	-2.2472469048576516
PI_597114__BIvDNAgut0027C03_G08	NA1	39.93387374921402	38.905747394247356
160x271_928__vDNAlon506A10_D12	NA1	39.7442977351081	38.967442054517115
588143__vDNAlon096H12_B08	NA2	28.20890266717679	24.066836204459353
Y152-128__BIvDNAnae0001A01_F09	Vv	-33.530752093462475	-1.2617086614286792
9.4.80__EXTvDNAbar0004E09_D02	Vv	-32.64314372409551	-0.6944637274982116
160x271_927__vDNAlon506A10_C12	NA1	35.78816775770351	34.95180914296422
DVIT2307_0000B__BIvDNAara1101A05_C09	Vv	-24.277554313673356	-1.1565245171926166
0393.0000C__BIvDNAara0048D12_H03	Vv	-19.832902628342108	-2.093504322860552
Ark1212_15__EXTvDNAWOR0032A06_H05	Mus	37.0429931753862	-40.758544610892706
DVIT0619_0000C__BIvDNAara1101A05_B12	Vv	-22.103577447668243	-0.689539931371029
PI_483149__BIvDNAgut0032C08_A07	NA2	25.46286750517641	20.136216748788183
343__EXTvDNAels0025A04_F04	Mus	41.104347765569216	-43.93897518257244
Usakhelouri_T70_11__vDNAcad1493F03_A01	Vv	-23.838090679700336	1.6311356267767805
pc07082020_43__EXTvDNAcou0039A01_F11	Vv	-16.71843460431663	-1.5275492996764688
L_06_42__BIvDNAara1100A04_H05	Vv	-22.453836806127264	-1.4461611454619634
DVIT0556_0000C__BIvDNAara1075G03_E11	Vv	-19.365917965214532	-1.625198548986959
588641__vDNAcad441D05_A06	EA	9.782063217301314	13.34912347640973
DVIT0805_0000C__BIvDNAara1100A04_H04	Vv	-20.45935516537024	-1.4122174992946965
80__EXTvDNAels0022A01_C07	Mus	41.136694595503364	-44.34964103081734
Nimrang__vDNAlon510B02_F02	Vv	-26.665417324401275	-0.5878037243493092
2006-047__vDNAwor1641A04_A07	Mus	39.2242327110886	-43.01009258538576
0602.0000C__BIvDNAara0047D11_C05	Vv	-13.258230776330462	-1.4313561855777646
6.24.70__EXTvDNAbar0002B03_A05	Vv	-32.107119790589	-0.8923373269764068
W0617__vDNAhei1342G04_C12	Vv	-27.332339570179965	0.4296109062046421
L1565__vDNAhei1317E03_C12	Vv	-26.879829945622134	-0.5552661798341042
PI_594346__BIvDNAgut0039D03_C10	Vv	-28.857672751795334	-0.5442650339835472
B26-120__BIvDNAnae0001A01_B05	Vv	-31.063822503978365	-0.5256453573490038
A2Y1_C308L__vDNAlon918B05_H03	Vv	-31.179640463497254	-0.6904381779079699
DVIT1004_0000A__BIvDNAara1101A05_E02	Vv	-22.38886797526836	-1.3269160126411417
342__EXTvDNAels0025A04_E04	Mus	40.862391641260565	-44.40255300206401
DVIT0866_0000C__BIvDNAara1099A03_B01	Vv	-29.22663848169963	-1.0109244751845512
195__EXTvDNAels0023A02_G09	Mus	40.96853763257652	-44.25132400621133
V_riparia37__vDNAfen138D06_A10	NA1	40.07378582351354	38.646842520428386
vin30__vDNAcad1518F09_G09	Vv	-23.512830342586284	-0.7942782352343583
E060__vDNAlon1138F06_F08	NA1	34.689808891391884	33.93321821628742
276__EXTvDNAels0024A03_A08	Mus	41.91730391530255	-44.76408212400536
PI_588220__BIvDNAgut0039D03_G05	NA1	39.384157014987956	37.91469793504278
160x271_896__vDNAlon506A10_G07	NA1	38.305280445934976	37.63372876019598
588272__vDNAlon095H11_D10	NA1	38.9793359423037	38.15177454301502
17_109_11__vDNAcad1067F07_D10	EA	8.684659716348355	12.52456115004095
225__EXTvDNAels0024A03_E01	Mus	41.573347144136314	-43.765768791834105
9.4.121__EXTvDNAbar0004E09_F02	Vv	-33.099419230062004	-0.8055273231670977
DVIT2175_0000A__BIvDNAara1076G04_E11	Vv	-19.37592407105037	-1.0502665001648006
ND_1_99_60__vDNAhat908A07_H11	NA1	37.060131343585354	35.823800758889504
E006__vDNAlon1138F06_F01	NA1	41.20891997496642	40.51706841308316
WV23_20_001__vDNAsap1562D03_B01	Vv	-28.9961385448489	-0.13234636304276778
DVIT0729_0000C__BIvDNAara1102A06_D11	Vv	-23.8072775740926	-1.1530211800913348
160x271_855__vDNAlon506A10_F02	NA1	40.364916633415206	39.79089951841612
E231__vDNAlon1140F08_F05	NA1	41.14934719205163	40.240466298964584
PW_1_2__EXTvDNAhau1401G09_B01	Vv	-31.739972065625597	-0.5549726644110777
DVIT0575_0000C__BIvDNAara1074G02_B04	Vv	-22.01427860354424	-1.2025090869729895
A69-79__BIvDNAnae0001A01_C05	Vv	-31.429516497392104	-0.4494046064265561
8.6.79__EXTvDNAbar0002B03_D10	Vv	-30.72730472809788	-0.503717268520732
2242.0002A__BIvDNAara0066F06_A05	Mus	38.988969283178065	-39.94692758649262
B57-14__BIvDNAnae0001A01_D11	Vv	-30.593049794659592	-0.1593850251003624
PI_597297__BIvDNAgut0035C11_H01	EA	8.754264734205329	12.790195374479007
5.2.10__EXTvDNAbar0009D07_A07	Vv	-29.023146607362808	-1.0997544689694942
DVIT1666.E__BIvDNAara1089H05_A01	Vv	-26.285395579725822	-0.5227054795149688
5.3.66__EXTvDNAbar0009D07_C11	Vv	-31.191162422068185	-0.37565786172939647
6.12.235__EXTvDNAbar0001A02_D05	Vv	-32.96716942880999	-0.675444602999243
DVIT0945_0000E__BIvDNAara1099A03_B10	Vv	-26.928138652149997	-0.6793723204784646
DVIT2324_0000A__BIvDNAara1076G04_H04	Vv	-26.724743170482984	-0.5661703242935617
DVIT0868_0000C__BIvDNAara1099A03_E06	Vv	-19.792471126032964	-0.9525518441952104
Topsail_JB__Muscadine_Plate2_A11	Mus	31.23877239743272	-34.07804744683169
B70-57__BIvDNAnae0001A01_B12	Vv	-31.25580614203197	-0.10100213879610945
ChardonnaySelf2C11__BIvDNAnae0016B04_C11	Vv	-21.422898819217785	-0.936548045883402
DVIT0706_0000C__BIvDNAara1102A06_H05	Vv	-24.057927684909515	-1.0195203137370943
DVIT1657_0000C__BIvDNAara1074G02_F08	Vv	-17.21103660054026	-0.9746496743796199
DVIT0385_0000D__BIvDNAara1073G01_C05	Vv	-24.226828940238235	-0.8801397106002959
DVIT2159_0000B__BIvDNAara1076G04_F07	Vv	-26.76719023823989	-1.0469369508098216
DVIT0339_0000C__BIvDNAara1073G01_C08	Vv	-20.974190801602813	-1.5367732014138031
A161-80__BIvDNAnae0001A01_E04	Vv	-31.636546421666374	-0.23124589944298227
Pervenetz__EXTvDNAbar0008C05_E05	Vv	-30.739601672042863	-0.8275404164676393
ND_1_99_43__vDNAhat908A07_F09	NA1	35.93481098253283	35.440672108308036
E092__vDNAlon1139F07_B10	NA1	41.56340612810449	41.059408359335904
Y127-67__BIvDNAnae0002A02_E07	Vv	-31.971555972861314	-0.6426145199818362
S1508__vDNAhei1332F06_F06	NA2	25.61333489473813	18.8065025175295
DVIT0543_0000C__BIvDNAara1075G03_E10	Vv	-18.888101095038397	-1.7363754366833906
160x271_922__vDNAlon506A10_F11	NA1	39.29790509268607	38.52397230404884
160x271_778__vDNAlon505A09_D04	NA1	35.69786399708396	34.91897332066305
8.6.32__EXTvDNAbar0002B03_C08	Vv	-30.172769681247047	-0.360768766715599
AUTUMNKING__BIvDNAnae0002A02_C11	Vv	-31.126095988766593	-0.5994562828314207
1899.0000B__BIvDNAara0070A04_B08	NA2	22.1908007702979	16.550689517440244
185__EXTvDNAels0023A02_E08	Mus	41.16991908827389	-44.66167295026684
P1__EXTvDNAhau0044A03_B03	Vv	-21.415763667157112	-1.7958455409869907
DVIT0909_0000C__BIvDNAara1099A03_H01	Vv	-21.127116578144484	-1.8858100034238123
Moscatel.Rosada__EXTvDNAbar0007B03_C07	Vv	-24.457807257419937	-1.852573066982716
H4226__vDNAhei1330F04_H01	Mus	42.946244984450715	-39.05448291207351
DVIT2681.0000A__BIvDNAara1092H08_D11	Vv	-26.6513840438116	-0.5944907766817552
S0607__vDNAhei1330F04_A09	NA2	27.72647874861688	23.13337647845819
9.12.191__EXTvDNAbar0005H11_G12	Vv	-31.285660790259367	-0.6082021145967095
L0945__vDNAhei1315E01_B05	Vv	-26.860037885302024	-0.4174724380743519
8.6.104__EXTvDNAbar0002B03_E03	Vv	-30.678469252669935	-0.565660662561212
Y130_175__vDNAled565B03_B05	Vv	-33.09320108566818	-1.1234189465863362
588271__vDNAfen1147A01_D01	NA1	41.22506140573032	40.7541989951201
D2464__EXTvDNAsca1443D08_F12	Vv	-29.99799951273043	0.2637087014861497
371__EXTvDNAels0025A04_A08	Mus	41.19841275882374	-44.95509818404304
588220__vDNAlon096H12_D06	NA2	27.731626118797802	24.159821499328274
Y537-174-10__BIvDNAnae0001A01_G04	Vv	-32.16774686548185	-0.8345387926612913
0509.0000C__BIvDNAara0048D12_E03	Vv	-11.51998846003539	-0.5930319884895365
DVIT0672_0000C__BIvDNAara1102A06_D09	Vv	-22.64424542714634	-1.0221511590157981
RUBYSEEDLESS__BIvDNAnae0005A05_G01	Vv	-32.78060104383643	-0.6499958075746397
588190__vDNAlon095H11_E07	NA1	38.70929008842519	37.85880560493253
DVIT2103_0000A__BIvDNAara1076G04_G09	Vv	-28.19846911211022	-0.8304064253857635
2212.0021A__BIvDNAara0067A01_D02	NA2	14.278734944263766	11.550057323868074
1365.0000A__BIvDNAara0068A02_F04	NA2	27.293908653602664	23.400273387280023
2212.0019A__BIvDNAara0067A01_E02	NA2	26.149007434904345	20.877133781945282
A69_100__vDNAled565B03_G06	Vv	-31.22874481658534	-0.7256267162995161
0480.0000C__BIvDNAara0047D11_D12	Vv	-16.813373030835493	-1.6360241572007408
AM193__Muscadine_Plate3_H07	Mus	39.11318420381079	-42.92718214995939
Y213.005__BIvDNAnae0015B03_E01	NA1	28.026949084419044	27.163633542437708
359__EXTvDNAels0025A04_F06	Mus	41.273731334380614	-44.00675397028492
DVIT0589_0000D__BIvDNAara1074G02_A02	Vv	-21.858819381716398	-2.062229204447738
9.12.198__EXTvDNAbar0005H11_H06	Vv	-32.850788775138454	-0.4242772989209081
A2Y1_C333L__vDNAlon918B05_C07	Vv	-30.56795290915062	-0.7790553279291118
2006-010__vDNAwor1641A04_E02	Mus	37.840879244024784	-42.266408350857816
C61-31__BIvDNAnae0002A02_F09	Vv	-32.0636699733421	-0.25198836069587494
336__EXTvDNAels0025A04_E03	Mus	40.60145939416739	-43.80344137595192
Alicante_Bouschet__vDNAfen552A02_C05	Vv	-30.888585941261763	-0.21598588777366434
DVIT0810_0000C__BIvDNAara1100A04_F03	Vv	-24.688918442268523	-1.5423984742949894
5.3.64__EXTvDNAbar0012C03_D12	Vv	-24.610595206372615	-1.9079585891085296
ND_1_86_126__vDNAhat900H11_G03	NA1	37.877133685715414	36.46064699531205
6.13.143__EXTvDNAbar0001A02_D07	Vv	-31.76084428888528	-0.7039126514245442
V_riparia37__vDNAfen195A03_H12	NA1	39.453088887982055	38.106419492805365
Y526_25_07__vDNAcad1437B11_A02	Vv	-28.79998883232004	0.2949569438828901
WAM2__EXTvDNAWOR0033A07_C12	Mus	31.52850439202804	-34.29259393195055
2238.0006A__BIvDNAara0066F06_H08	NA1	39.98003919754695	37.38745398587336
lab105__vDNAcad1516F07_H01	NA2	19.78323772946594	15.77397973137675
K1041__vDNAhei1308D06_G11	Vv	-25.639290082368575	0.2066390678598888
A2Y1_C55L__vDNAlon917B04_C05	Vv	-28.746978595449058	-1.5821804287205246
8.8.4__EXTvDNAbar0002B03_H08	Vv	-31.721745633992615	-0.33817134223317885
Parent_Tarheel__EXTvDNAWOR0030A04_A01	Mus	36.64262314756083	-40.03001039043002
6.14.122__EXTvDNAbar0001A02_E04	Vv	-31.218275104904805	-0.21773665674242162
DVIT0761_0000C__BIvDNAara1100A04_B02	Vv	-20.653420372268226	-2.085201389219892
Orbois__EXTvDNAbar0006A01_A09	Vv	-28.31242825869089	-0.060256755844072266
354__EXTvDNAels0025A04_A06	Mus	41.03347461742031	-44.63871896812032
PI_588459__BIvDNAgut0030C06_C03	NA1	38.73989064236816	36.41997424091833
E048__vDNAlon1138F06_E06	NA1	36.98954174034824	36.727649351405006
P1__EXTvDNAhau0044A03_C03	Vv	-24.003395158911864	-2.2486638934864747
8.14.200__EXTvDNAbar0003C04_E11	Vv	-31.254875380574514	-0.7251416784106391
B29-91__BIvDNAnae0001A01_F11	Vv	-32.09159442041469	-1.010622011779125
375__EXTvDNAels0025A04_E08	Mus	41.15317322003338	-45.009668968366604
WCM2__EXTvDNAWOR0047A01_A02	Mus	36.09402043136676	-38.67898531894182
A2Y1_C79L__vDNAlon917B04_C08	Vv	-26.31413093381149	-1.6163689951772362
Y128-43__BIvDNAnae0002A02_G11	Vv	-32.942234798284495	-0.8683382094588337
160x271_911__vDNAlon506A10_F09	NA1	36.02450679667147	34.62918066990738
DVIT0746_0000C__BIvDNAara1102A06_C06	Vv	-23.619608534509425	-0.26779525389270786
160x271_817__vDNAlon505A09_H09	NA1	41.990230329773446	41.11530090372201
A2Y1_C172L__vDNAlon917B04_D09	Vv	-27.337536874545417	-1.4549182967624903
0368.0000D__BIvDNAara0048D12_F11	Vv	-15.522876385380574	-1.4978794760678222
S1731__vDNAhei1333F07_H03	NA2	23.791778137015257	17.258111294068193
ND_1_86_120__vDNAhat900H11_H02	NA1	38.82108461651596	37.84164856245853
B28-128__BIvDNAnae0001A01_G06	Vv	-32.137619731272	-0.9416170223499147
128__EXTvDNAels0023A02_C01	Mus	40.862500976732385	-44.287010923920995
DVIT0743_0000C__BIvDNAara1102A06_G12	Vv	-23.2580680904543	-1.450954267182949
9.8.138__EXTvDNAbar0005H11_C11	Vv	-32.895779302743605	-0.7399839851218927
2006-007__vDNAwor1641A04_B02	Mus	38.705353274077005	-42.7091649052896
9.12.175__EXTvDNAbar0005H11_F12	Vv	-32.61959137197295	-0.8801996334707243
A2Y1_C315L__vDNAlon918B05_G04	Vv	-31.038599770477145	-0.7112342096547012
H2613__vDNAhei1325E11_C11	NA1	32.18216777334431	30.07038979485272
DVIT2054_0000A__BIvDNAara1076G04_F05	Vv	-26.89841995113394	-0.8689050609962234
TEX1__EXTvDNAWOR0048A02_A01	Mus	37.38455789060639	-38.93659292532443
DVIT2085.G__BIvDNAara1089H05_G09	Vv	-26.266793761128163	-0.796525883522175
ND_1_86_105__vDNAhat900H11_G01	NA1	38.59323828034774	37.29374332415692
DVIT2115_0000A__BIvDNAara1101A05_A10	Vv	-21.47862278459399	-1.9574400315756075
143_1_08__vDNAled565B03_D11	Vv	-31.15989905870177	-0.9902607883858131
Y530-37-07__BIvDNAnae0004A04_C03	Vv	-31.513091497352004	-0.44736119866428764
K0277__vDNAhei1304D02_G10	Vv	-22.722347338102523	-1.0233626881727775
Mixed_sample__Muscadine_Plate3_D05	Vv	-30.981839679943533	-0.6267908486449668
Y146-118__BIvDNAnae0004A04_A10	Vv	-31.330992802955155	-0.7146950751269213
Unkx13_101_19__Screenhouse-Plate1_B02	NA1	37.20207403066612	35.45359019715605
1701_92__EXTvDNAWOR0048A02_F12	Mus	39.89825363059976	-42.838242560729306
DVIT0676_0000C__BIvDNAara1102A06_G08	Vv	-22.642612569676434	-0.007645340507228991
A1Y1_50RT__vDNAlon916B03_C12	NA1	33.6993779646587	32.41329933904115
5.2.5__EXTvDNAbar0008C05_F08	Vv	-33.64873189254759	-0.9109057781184855
E161__vDNAlon1139F07_B01	NA1	40.59630905421711	40.553255806695574
9.4.115__EXTvDNAbar0004E09_E12	Vv	-34.00325312630045	-0.6526739879802033
DVIT1072_0000A__BIvDNAara1101A05_C03	Vv	-25.533493999269204	-1.4108424814685765
160x271_862__vDNAlon506A10_E03	NA1	35.56874818111889	34.33173214970371
L0839__vDNAhei1314D12_B11	Vv	-24.758397525140662	-0.9162057602294199
PI_588460__BIvDNAgut0034C10_F10	NA2	27.165778324787514	22.973206786411097
160x271_847__vDNAlon506A10_F01	NA1	37.997916487527	37.117642535396236
318__EXTvDNAels0025A04_C01	Mus	41.1244875228034	-44.60222114192846
OKL7__EXTvDNAWOR0048A02_F04	Mus	26.393102808012017	-27.910453775715947
DVIT0536_0000C__BIvDNAara1075G03_H09	Vv	-20.760585446566083	-1.294044214214787
Plate7_C1_Crimson_Seedless__EXTvDNAmej0019A10_C01	Vv	-33.55528199184312	-0.93608513233504
6.12.188__EXTvDNAbar0001A02_C12	Vv	-32.46130268986871	-0.636779424821727
Latham__Muscadine_Plate1_G09	Mus	39.55565040177476	-41.87889069316782
Plate9_E1_Pinot_Noir__EXTvDNAmej0021A12_E01	Vv	-30.14367253488105	-0.571735624511578
100__EXTvDNAels0022A01_G09	Mus	41.106606197450475	-44.15106663756724
DVIT0392_0000E__BIvDNAara1073G01_F04	Vv	-26.406770550379267	-1.02846715289733
E045__vDNAlon1138F06_B06	NA1	36.08247384822561	35.09416137456206
588399__vDNAcad441D05_H04	NA1	39.04741804443537	37.524977366885786
9.2.77__EXTvDNAbar0004E09_C03	Vv	-31.044051028979087	-0.3914667646500338
DVIT2672.0000A__BIvDNAara1092H08_F10	Vv	-26.5932089460639	-1.1981987410272599
E222__vDNAlon1140F08_G04	NA1	39.18789017037354	38.69234682079686
Carlos__Muscadine_Plate1_E07	Mus	38.6509625091891	-42.392437920051584
Usakhelouri_T71_10__vDNAcad1492F02_B11	Vv	-23.611763810787703	0.8748372579292119
8.11.178__EXTvDNAbar0003C04_C02	Vv	-25.261843410019896	-0.46873624869999686
2010-101__vDNAwor1522F06_A02	Mus	38.62708890489384	-39.63537338061957
2228.0009A__BIvDNAara0067A01_G03	NA2	23.543551261585037	16.211462730676644
5.10.102__EXTvDNAbar0012C03_F06	Vv	-27.09753089508306	-0.8792878968023695
L0871__vDNAhei1315E01_D01	Vv	-26.390979091939215	-0.8621577330910749
588228_vDNAlon096H12_A07__vDNAlon096H12_A07	NA2	27.95684245513974	24.016793033790066
9.6.123__EXTvDNAbar0004E09_H09	Vv	-32.703280142110465	-0.6048089720470563
E145__vDNAlon1139F07_B03	NA1	40.73592489364879	39.78072533333043
CABERNET__vDNAnae946D09_F09	Vv	-29.754007197522867	-0.020842722053853992
W0364__vDNAhei1341G03_F10	Vv	-23.579452620046407	0.28896950660889087
AM127__Muscadine_Plate3_E04	Mus	36.329734266977006	-39.09639447135373
A2Y1_C84L__vDNAlon917B04_H08	Vv	-29.992953525932375	0.07153342760954218
ND_1_99_27__vDNAhat908A07_H07	NA1	37.89674647242247	36.97646833921569
DVIT0772_0000D__BIvDNAara1100A04_A08	Vv	-20.18263299690244	-1.8669226618552572
w6s89__vDNAdia1381F06_D12	Vv	-28.969088014801414	0.5151694585713061
6.12.230__EXTvDNAbar0001A02_D04	Vv	-30.49638626989314	-0.30152270381748614
Y150-110-08__BIvDNAnae0001A01_C04	Vv	-31.326725462741074	-0.2352704287522661
Barrett_Mn1__Muscadine_Plate1_E03	Mus	36.006017983076596	-39.07985783180031
7.11.21__EXTvDNAbar0002B03_B12	Vv	-32.62025461855286	-1.0205874956597951
d17s81__vDNAdia1374E11_A11	NA2	27.62072923274256	23.279247599163156
S1601__vDNAhei1332F06_B09	NA2	26.627629635439554	20.603379850373038
DVIT0825_0000D__BIvDNAara1100A04_D09	Vv	-22.07367074608546	-1.309082002282301
160x271_801__vDNAlon505A09_C07	NA1	34.31794483186609	32.665297734496626
2215.0008A__BIvDNAara0068A02_C01	NA2	28.277638282797938	23.673481457355116
8.14.195__EXTvDNAbar0003C04_E09	Vv	-31.05410916738628	-0.6399798974609635
2010-105__vDNAwor1522F06_E02	Mus	41.22582760221095	-41.10357997115127
308__EXTvDNAels0024A03_A12	Mus	41.296241729716556	-44.14841710669426
RST_2_3__vDNAlon918B05_E12	NA1	40.972906324729124	39.072681658591385
B24_34__vDNAled565B03_F05	Vv	-32.75477974754208	-1.1221500450249957
lab81__vDNAcad1516F07_H12	NA2	25.501195975311884	20.594840995583247
DVIT0694_0000A__BIvDNAara1101A05_C01	Vv	-24.71225652742428	-1.3622492772316002
DVIT0586_0000D__BIvDNAara1074G02_D02	Vv	-21.72778906038719	-1.623647321696071
8.11.157__EXTvDNAbar0003C04_B02	Vv	-32.34252536102351	-0.7731102663797043
8.11.139__EXTvDNAbar0003C04_A03	Vv	-30.896867566388906	-0.4114544457689749
Saperavi_5_003__vDNAfen201A01_C04	Vv	-22.962966281759236	-1.445761808983236
Y539-157__BIvDNAnae0003A03_H01	Vv	-31.23845082416528	-0.7741094220933173
H4212__vDNAhei1330F04_C01	NA1	39.7708821610138	36.50690374325373
9.4.73__EXTvDNAbar0004E09_C10	Vv	-33.548295966002485	-1.0067324325271367
2006-114__vDNAwor1640H03_C03	Mus	35.368869228472214	-39.69453472256101
KIL1__EXTvDNAWOR0047A01_E07	Mus	35.66547654743776	-37.68900675964029
ChardonnaySelf2E02__BIvDNAnae0016B04_E02	Vv	-22.31009401992036	-1.5333871732385962
DVIT0806_0000E__BIvDNAara1100A04_G04	Vv	-23.92385936239854	-0.9855759975575143
ND_1_86_96__vDNAhat900H11_A01	NA1	39.05425935342784	37.9148541762276
67__EXTvDNAels0022A01_G05	Mus	41.91277668272038	-45.52306656395774
ROTGe__EXTvDNAsca1439D04_A05	Mus	43.26533526844972	-41.19980827854741
PI_588230__BIvDNAgut0030C06_F11	NA1	37.57674874469455	35.59093083231989
Plate4_B1_Muscat_of_Alexandria__EXTvDNAmej0016A07_B01	Vv	-32.95353110202027	-0.8790789762134962
A2Y1_C303L__vDNAlon918B05_C03	Vv	-29.49963456245762	-0.09874594817200773
S3509__vDNAhei1336F10_D08	NA2	24.4470213736185	20.928969575620417
C_84_80__vDNArei307A11_D06	Vv	-30.891647804458103	-1.0113795250944626
DVIT2107_0000A__BIvDNAara1076G04_E09	Vv	-23.745144795843462	-1.3471611395096343
588270__vDNAlon095H11_C10	NA1	38.39431256957615	37.596637272505646
E024__vDNAlon1138F06_F03	NA1	37.70605613248435	36.798057668556076
CabSauv__vDNAlon787A12_A06	Vv	-29.3298870930535	-0.0295654576286239
183__EXTvDNAels0023A02_C08	Mus	41.19214061024136	-44.10914851764896
H0603__vDNAhei1320E06_D01	NA2	25.11031695257189	21.21357783908469
588258__vDNAlon095H11_F10	NA1	39.28186745966892	38.38634263085986
DVIT0677_0000C__BIvDNAara1102A06_F08	Vv	-24.373440104978535	-0.00519709581395793
A2Y1_C298L__vDNAlon918B05_F02	Vv	-29.492865361420872	0.0092714371942417
DVIT1127_0000A__BIvDNAara1101A05_A06	Vv	-25.92488464812337	-0.33199689421413814
H2427__vDNAhei1325E11_H04	NA1	33.38038020240664	31.25947034874452
S1428__vDNAhei1332F06_D05	NA1	34.25816175535793	32.95971213223476
0378.0000C__BIvDNAara0051E03_H05	Vv	-12.441491848655822	-1.116271542793607
C43-26__BIvDNAnae0002A02_C03	Vv	-31.34994795954908	-0.7292813517937534
PI_588369__BIvDNAgut0030C06_D08	NA1	38.96865999934895	37.1730302191249
PI_588335__BIvDNAgut0026C02_H05	NA1	38.46145273726772	36.06826517173058
DVIT2342_0000A__BIvDNAara1101A05_G06	Vv	-24.06286423626096	-0.7825178583278086
588631__vDNAlon787A12_A09	EA	9.70336329611711	12.799945219931242
Alburla__EXTvDNAbar0008C05_A04	Vv	-25.989784604931405	-0.6153483645120797
PI_588458.f__BIvDNAgut0037D01_G06	NA1	39.665687766308224	37.90999528097081
DVIT0458_0000C__BIvDNAara1075G03_F01	Vv	-21.449496612104966	-1.7882788921698203
376__EXTvDNAels0025A04_F08	Mus	40.577297864632406	-43.925541191502916
Black_Morocco__Muscadine_Plate1_A06	Vv	-30.306402207888965	-0.3449121061905422
2010-136__vDNAwor1522F06_A07	Mus	36.891368279960744	-38.13558671038383
DVIT0819_0000C__BIvDNAara1100A04_F08	Vv	-21.26537469487953	-0.8019020200166385
S3724__vDNAhei1337F11_A01	NA1	32.89635661888823	32.466676888400286
PI_588630__BIvDNAgut0033C09_A11	EA	8.708647427262266	11.476109314320835
B53-106__BIvDNAnae0003A03_F09	Vv	-29.47922793381386	0.2773809728124221
DVIT0702.0000C__BIvDNAara1092H08_F02	Vv	-24.32401822459389	-0.8076744678248161
0352.0000C__BIvDNAara0048D12_H10	Vv	-14.094406897662218	-1.0079087222103056
9.1.51__EXTvDNAbar0003C04_G06	Vv	-29.50216296145333	0.06339311517811232
1701_126__EXTvDNAWOR0048A02_G02	Mus	39.47930545556104	-42.1992205974872
K0375__vDNAhei1305D03_H03	Vv	-25.994744026166256	0.5483161727084066
A2Y1_C62L__vDNAlon917B04_B06	Vv	-23.767537683435968	-1.0365018122955252
DVIT0665_0000D__BIvDNAara1102A06_A10	Vv	-23.21438893369189	-1.5830383919819544
160x271_765__vDNAlon505A09_G02	NA1	39.600191620438075	38.4916763461818
Ark1212_68__EXTvDNAWOR0032A06_E12	Mus	39.996446315249706	-43.1248416055549
VCR-24-66__EXTvDNAkha1526H05_G09	Vv	-30.974635992424354	-0.5082761810584993
2004.0000B__BIvDNAara0065F05_D10	NA2	26.27615686221601	22.213023080466478
Ark1214_08__EXTvDNAWOR0030A04_F10	Mus	36.72819069221618	-39.62634086656515
L1103__vDNAhei1315E01_F12	Vv	-27.825333363577364	-0.24258198239733297
Alicante_Bouschet__vDNAfen1155A09_D09	Vv	-30.332894603163034	-0.04964849083811153
3309C_3__vDNAfen1153A07_E05	NA1	39.414087162632356	37.712105951104085
8.7.77__EXTvDNAbar0002B03_F11	Vv	-31.414332509577857	-0.48060505050531527
A2Y1_C50L__vDNAlon917B04_F04	Vv	-28.481966108682556	-0.1954113813664745
Ark1212_09__EXTvDNAWOR0032A06_B05	Mus	40.99225029201163	-42.28617539703029
229__EXTvDNAels0024A03_A02	Mus	41.97409471811674	-44.775131691071735
Fricke_Mystery13__vDNAlon1201F02_D07	NA2	24.308780345339144	21.00626156060297
Nesbitt_UA__Muscadine_Plate1_G11	Mus	38.968534831626435	-42.796662101758564
5.2.13__EXTvDNAbar0008C05_A09	Vv	-32.123665106357926	-0.4710547496121173
8.11.172__EXTvDNAbar0003C04_B11	Vv	-32.47160891015571	-0.4656267331910058
M13__vDNAled779A04_B04	Vv	-31.346768974091948	-0.9563535112585758
E148__vDNAlon1139F07_G02	NA1	41.48751224989283	40.73308339446778
PI_588460.d__BIvDNAgut0039D03_G12	NA1	40.02418235447967	38.697778576918886
E224__vDNAlon1140F08_A05	NA1	39.53912732307729	39.411474786932196
DVIT0546_0000C__BIvDNAara1075G03_F10	Vv	-21.151778032132054	-1.6073933671478633
160x271_777__vDNAlon505A09_C04	NA1	35.407187654313375	34.23517325210028
S1008__vDNAhei1331F05_G03	Mus	36.538480663764176	-32.83205642003459
3309C_6__vDNAfen1153A07_H05	NA1	38.888895216596296	37.0857409098027
PW_1_1__EXTvDNAhau1399G07_B01	Vv	-31.083094688105113	-0.12095348337019966
DVIT0342_0000F__BIvDNAara1076G04_E01	Vv	-26.494106523988844	-0.8629017954656144
B39-11__BIvDNAnae0004A04_H02	Vv	-31.333153473200262	-0.8866854309710284
3309C__vDNAlon787A12_E07	NA1	40.481408047757256	38.85175168016959
E059__vDNAlon1138F06_E08	NA1	36.51251541118665	36.23484856734779
E155__vDNAlon1139F07_H01	NA1	41.319304497470995	40.97314139121565
DVIT0852_0999C__BIvDNAara1100A04_B12	Vv	-23.467047733887135	-0.9960215740357415
KIL10__EXTvDNAWOR0047A01_F04	Mus	30.87958142560653	-32.7136966792287
DVIT0745.0000C__BIvDNAara1092H08_D03	Vv	-23.997619522612723	-0.9126158180989153
2238.0003A__BIvDNAara0066F06_E08	NA1	39.31544352909969	36.91794959799193
PI_588459.b__BIvDNAgut0037D01_F05	NA1	33.258109154454324	31.161138389796744
E103__vDNAlon1139F07_G08	NA1	41.3062557030266	40.85444011568034
S-11-10__BIvDNAara0066F06_G03	Mus	38.54097898702272	-40.41221405710143
B23-86__BIvDNAnae0001A01_F07	Vv	-31.75652984082947	-0.2092177915488886
DVIT0994_0000C__BIvDNAara1099A03_E12	Vv	-20.736142409762035	-1.8941817991016836
AM-183__vDNAwor1522F06_H04	Mus	39.03206276097434	-40.26026587133908
RIBIER__BIvDNAnae0003A03_B05	Vv	-32.501752020099936	-0.9112708436817203
2010-102__vDNAwor1522F06_B02	Mus	40.6267801303181	-41.33111217748289
S1618__vDNAhei1332F06_E10	NA2	27.411690463275786	22.98630398193976
S0902__vDNAhei1331F05_D01	NA1	31.072923831203443	27.585622822062344
PI_495622.i__BIvDNAgut0037D01_H03	NA1	40.59839644733135	38.49077898599236
PI_597232__BIvDNAgut0034C10_H08	NA2	27.87203043961997	23.74196023246391
DVIT2043_0000C__BIvDNAara1074G02_F09	Vv	-21.032848217389777	-1.1149249803767767
173__EXTvDNAels0023A02_A07	Mus	41.34708604677338	-43.97789959390672
Rem26_75__Muscadine_Plate1_C06	NA2	26.058334679839394	20.465919897512048
AM195__Muscadine_Plate3_H09	Mus	39.943822769691806	-43.15486052203808
AS_4__EXTvDNAhau1397G05_B06	Vv	-31.143858801732208	-0.006961042826106674
DVIT1102_0000A__BIvDNAara1101A05_A04	Vv	-26.82754104170345	-0.523607311187598
148__EXTvDNAels0023A02_H03	Mus	40.30205582598442	-42.726511087814195
8.14.191__EXTvDNAbar0003C04_E06	Vv	-31.185444665686706	-0.32357773919022487
L0753__vDNAhei1314D12_A07	Vv	-23.66241376701775	-0.6136163480548507
E139__vDNAlon1139F07_G03	NA1	42.21125188951237	41.74206497744492
AM-382__vDNAwor1521F05_F11	Mus	40.19929496817875	-42.579831376353404
DVIT2912.0000A__BIvDNAara1097A01_A02	Vv	-23.967807659984214	-0.14595453048291773
C65-81__BIvDNAnae0003A03_G06	Vv	-32.08846563815552	-0.2800126430251989
PI_588586__BIvDNAgut0026C02_C11	NA1	39.90307004435995	38.05526159472642
V_cinerea_B9__vDNArei050E02_E06	NA2	26.339388188141484	22.71139062334962
1450.0000D__BIvDNAara0068A02_G04	NA2	27.675644228628265	23.117165208660655
DVIT0816_0000B__BIvDNAara1101A05_G01	Vv	-24.757590811830077	-1.218008037930585
S1908__vDNAhei1333F07_G07	NA2	24.00108731986505	19.809896805996402
Chaoch__vDNAlon787A12_F07	Vv	-29.99083609449533	-0.04828975410940977
W0626__vDNAhei1342G04_G12	Vv	-29.624442663280643	-0.18753802742022038
588378__vDNAlon096H12_C02	NA1	38.712174146825745	37.227473411596314
V_cinerea__Muscadine_Plate1_D05	NA2	27.777654837837687	23.05030923617438
E015__vDNAlon1138F06_G02	NA1	40.27854158447796	39.64450354360308
DVIT0737.0000C__BIvDNAara1092H08_B03	Vv	-24.46374668547228	-0.9759064397796765
2006-084__vDNAwor1641A04_D11	Mus	39.179484813107564	-43.01444035651959
1701_91__EXTvDNAWOR0048A02_F11	Mus	38.98065936992551	-42.055720627510205
9.2.38__EXTvDNAbar0004E09_A07	Vv	-31.398929247358748	-0.6470656729895733
S1610__vDNAhei1332F06_A10	NA2	25.1340875507179	20.169152043731135
A2Y1_C335L__vDNAlon918B05_E07	Vv	-29.654676143287833	0.09360721113758033
B31-164__BIvDNAnae0001A01_D07	Vv	-31.605247786199755	-1.0948847021536214
122__EXTvDNAels0022A01_E12	Mus	42.181492709141544	-44.654931686570016
135__EXTvDNAels0023A02_D02	Mus	42.45169656092828	-45.92352918704077
A2Y1_C196L__vDNAlon917B04_D12	Vv	-25.496099214725763	-1.5492796153484385
PI_588448__BIvDNAgut0032C08_C11	NA1	39.56182438951452	37.18442584647596
9.4.181__EXTvDNAbar0004E09_G07	Vv	-30.891462972918067	-0.4805920875787377
PI_588641__BIvDNAgut0034C10_E08	EA	9.664744044186891	12.819283291521739
PI_588231__BIvDNAgut0030C06_E11	NA1	38.631984467995316	36.22885597794593
H1131__vDNAhei1321E07_A08	NA1	32.94749515813124	30.24755330090123
DVIT2051_0000C__BIvDNAara1074G02_B10	Vv	-25.472314471696137	-1.5123735590198681
VRW_001__vDNAfen201A01_B01	NA1	35.20015483496119	33.921184179141136
9.1.102__EXTvDNAbar0003C04_H10	Vv	-29.09226834063712	-0.09465841481109662
Y128-94__BIvDNAnae0004A04_F04	Vv	-30.85385295143829	-0.38773317364828913
124__EXTvDNAels0022A01_G12	Mus	41.67391819355671	-44.388479776829904
PI_588134__BIvDNAgut0031C07_H04	NA2	26.130787290155506	22.05046376974353
S3805__vDNAhei1337F11_G01	NA1	36.18396361813016	33.87832496847805
Usakhelouri_T69_11__vDNAcad1493F03_H02	Vv	-20.33741589350214	1.3274958835189898
DVIT0738_0000C__BIvDNAara1102A06_C12	Vv	-22.532907639855882	-1.3561654761850352
2020_6_71_16138155__vDNAlon509B01_F12	Vv	-30.12084905101735	-0.5187585588325339
2241.0006A__BIvDNAara0066F06_C04	Mus	38.64373300132291	-39.78576125536495
5.3.10__EXTvDNAbar0011B01_E09	Vv	-29.74727243043817	-0.9235328039690116
VRMNW__vDNAfen1172C01_D01	NA1	39.35365512956747	38.092270291584725
DVIT0658_0000C__BIvDNAara1102A06_G03	Vv	-25.51772214788624	-0.6755113715098683
23__EXTvDNAels0022A01_F01	Mus	41.97038573582885	-44.93379851802752
W0247__vDNAhei1341G03_B01	Vv	-24.957694746979563	0.5067053315073815
S0609__vDNAhei1330F04_B09	NA2	28.645992680813226	23.848705103672206
DVIT0910.0000C__BIvDNAara1092H08_G07	Vv	-22.657053337798395	-0.822622463898865
DVIT0312_0000I__BIvDNAara1073G01_E03	Vv	-18.55375955808896	-1.4306192096540666
DVIT0999_0000C__BIvDNAara1099A03_H11	Vv	-26.821921092752824	-1.215605280699265
588344__vDNAlon095H11_C08	NA1	38.607485475028675	37.6940003733646
8.11.175__EXTvDNAbar0003C04_C01	Vv	-32.898634352371104	-0.24121344116239335
Alicante_Bouschet__vDNAfen552A02_E06	Vv	-30.67553545278468	-0.30744221422952284
9.8.162__EXTvDNAbar0005H11_D11	Vv	-33.650834048212744	-0.9233951271341582
E067__vDNAlon1138F06_D09	NA1	42.476649853561725	41.47174521133878
jCS__EXTvDNAZYP0037A03_G03	Vv	-29.500176906051767	0.17661316684871636
Ga9_11_2__Muscadine_Plate1_G01	Mus	38.810888510328795	-42.87512313981424
Ark1212_45__EXTvDNAWOR0032A06_F09	Mus	36.32740106886037	-39.84665281706933
8.14.192__EXTvDNAbar0003C04_E07	Vv	-30.71282790708502	-0.6225807166302993
PI_588460__BIvDNAgut0028C04_F04	NA2	26.09833454863454	20.6922761466579
WV23_17_107__vDNAsap1576B05_H08	Vv	-24.8781959245023	1.2575915038900578
Assyl.Kara__EXTvDNAbar0008C05_E04	Vv	-24.62481354099317	-1.005040203439704
S-12-25__BIvDNAara0066F06_G07	Mus	41.05541383372606	-43.7900649600724
DVIT1125_0000A__BIvDNAara1101A05_H05	Vv	-26.75971529995186	-0.8307244139017459
B45-39__BIvDNAnae0001A01_F08	Vv	-32.2441711018635	-0.8191384331505855
ND_1_99_62__vDNAhat908A07_B12	NA1	37.09038081849721	36.00917349457408
2215.0002A__BIvDNAara0067A01_E12	NA2	28.14017316286175	23.8502797672658
Y127-148__BIvDNAnae0002A02_B10	Vv	-31.737982263108783	-0.7286027471545019
DVIT0721_0000C__BIvDNAara1102A06_E10	Vv	-25.095807817851977	-0.32641594248352873
PI_588282__BIvDNAgut0030C06_G11	NA1	39.8206663131057	38.4317546432411
160x271_796__vDNAlon505A09_F06	NA1	34.616428554934316	33.736499119100365
160x271_764__vDNAlon505A09_F02	NA1	35.606024494970555	34.06376029922556
BLACKMONUKKA__BIvDNAnae0003A03_A04	Vv	-29.90658528957981	-0.2001772073898211
2010-126__vDNAwor1522F06_G05	Mus	38.401836917714164	-40.31362370373456
V_rupestris_pillans__vDNArei716D01_H01	NA1	35.36149847092962	33.74418000756257
DVIT0792_0000C__BIvDNAara1100A04_A06	Vv	-24.517698750133224	-1.3601464749100987
DVIT0958_0000C__BIvDNAara1099A03_F11	Vv	-23.078784916612438	-1.8721337530264623
E070__vDNAlon1138F06_G09	NA1	37.78708368268767	37.11256533631445
E001__vDNAlon1138F06_A01	NA1	41.09200950191642	40.8701955665903
588385__vDNAlon096H12_D05	EA	9.647847100979876	12.799178893137023
S1723__vDNAhei1333F07_H02	NA2	24.898397581155788	20.04326567519321
160x271_850__vDNAlon506A10_A02	NA1	36.162085621355935	34.84753293928924
S3822__vDNAhei1337F11_G02	NA1	37.40317583158228	35.937279647814094
WV23_20_012__vDNAsap1569C04_C04	Vv	-28.1135516299281	0.1622692526415982
PI_588448__BIvDNAgut0034C10_G12	NA1	38.455231078996725	36.78980989918744
2010-155__vDNAwor1522F06_D09	Mus	41.09286690317069	-43.68369549466863
PI_495622__BIvDNAgut0030C06_D03	NA1	39.09354699490066	37.18047870188267
7.11.45__EXTvDNAbar0002B03_C05	Vv	-32.659520166903036	-0.5528723515561833
DVIT0417_0000C__BIvDNAara1074G02_A11	Vv	-23.163442678983316	-1.9335391435646958
9.12.177__EXTvDNAbar0005H11_G01	Vv	-31.933813855200672	-0.8075094696576827
6.11.57__EXTvDNAbar0001A02_B02	Vv	-32.85260969381361	-1.14776669007807
64__EXTvDNAels0022A01_D05	Mus	41.15116505343753	-44.24644323648057
E074__vDNAlon1138F06_C10	NA1	34.79736359955907	34.223060682326604
AM121__Muscadine_Plate3_E06	Mus	39.42751478196883	-42.726378213741164
1156.0010B__BIvDNAara0065F05_B09	EA	8.914188573379592	12.326758863361196
DVIT3105.0000A__BIvDNAara1097A01_H04	Vv	-24.481405706353538	-0.2162572544587154
ChardonnaySelf1_G11__vDNAfen201A01_G11	Vv	-28.229623368259386	-0.7466483430616191
160x271_950__vDNAfen201A01_G04	NA1	36.44718292056249	35.666265698896126
160x271_819__vDNAlon505A09_B10	NA1	40.77265797443765	39.94851071335905
d18s17__vDNAdia1375E12_A03	NA2	27.755522967041863	23.220142033146683
5.2.12__EXTvDNAbar0009D07_D09	Vv	-30.755187328838012	-0.42729452784118666
A2Y1_C313L__vDNAlon918B05_E04	Vv	-30.104252586895857	-0.9634884869680742
2010-094__vDNAwor1522F06_B01	Mus	40.76250282385711	-41.007991401931115
DVIT0914_0000E__BIvDNAara1099A03_E01	Vv	-24.656513622932707	-1.1676544060112948
A2Y1_C177L__vDNAlon917B04_A10	Vv	-25.3389569703407	-1.6899896130219432
MT224__EXTvDNAsca1443D08_C06	Vv	-29.873228343449036	-0.37209652635877394
ChardonnaySelf1_F10__vDNAfen201A01_F10	Vv	-25.135302970047896	-0.464862909461146
V_rupestris_pillans__vDNArei714C11_F11	NA1	38.35300750932926	36.39026727905893
Supreme__Muscadine_Plate2_A08	Mus	39.60674476897509	-43.147916009972135
Ark1212_4__EXTvDNAWOR0032A06_E04	Mus	34.48478651524177	-38.057558781965184
DVIT0591_0000C__BIvDNAara1074G02_G01	Vv	-20.27288839505286	-1.5710647409358198
DVIT0506_0000C__BIvDNAara1075G03_F02	Vv	-20.353023961581577	-1.6067790358318066
PI_588710.c__BIvDNAgut0037D01_C02	NA1	39.52635226392128	38.30453368720062
PI_588262__BIvDNAgut0030C06_C11	NA1	40.38553197073687	39.22883978644888
483147_010__vDNAcad1069F09_B01	NA2	23.426410570325743	19.249474080369357
588222__vDNAlon096H12_A06	NA2	27.99113125797748	23.285323424552235
2234.0004A__BIvDNAara0069A03_A12	NA2	27.57913089696625	23.661730900174618
113__EXTvDNAels0022A01_D11	Mus	41.046219631188805	-43.53921981442061
2221.0002A__BIvDNAara0067A01_A11	NA2	27.229777122109184	22.92197136201012
6.14.137__EXTvDNAbar0001A02_E11	Vv	-32.42006880239924	-0.8847004183489341
K_08_56__BIvDNAara1074G02_D01	Vv	-19.35407963841428	-1.7708757391011494
2235.0004A__BIvDNAara0068A02_H05	NA2	28.295008083455315	23.519576783854983
1159.0003A__BIvDNAara0065F05_E07	EA	9.350432634461496	12.169810010889352
WV23_17_099__vDNAsap1576B05_H07	Vv	-24.784323158578513	1.057187577428764
BSpB10__EXTvDNAsca1439D04_A07	Vv	-30.295444643193086	-0.5313832491190457
A2Y1_C179L__vDNAlon917B04_C10	Vv	-25.810865941842856	-0.8091828190907617
PI_588438__BIvDNAgut0030C06_D12	NA1	40.14964333736722	38.69624411457595
588271__vDNAlon1139F07_A08	NA1	39.9033804792672	39.615092516953744
DVIT2259_0000A__BIvDNAara1076G04_B12	Vv	-23.04431615623073	-1.0694462537671
2312.0000A__BIvDNAara0040D04_H07	Vv	-13.358908357471414	-1.71236925305715
DVIT1038_0000A__BIvDNAara1101A05_B03	Vv	-20.017363620668416	-1.5642097717845271
PI_588190__BIvDNAgut0039D03_H01	NA1	38.199998923049925	37.281424639978084
AM-384__vDNAwor1521F05_G11	Mus	37.81527510992071	-42.29324357326052
ChardonnaySelf1_E10__vDNAfen201A01_E10	Vv	-26.662899552192908	0.04945904453302186
588629__vDNAcad441D05_D06	EA	9.643285494468762	12.404362526865945
17_109_39__vDNAcad1065F05_B11	EA	7.720334444601549	10.98680665741426
PI_588435__BIvDNAgut0031C07_E05	NA1	37.081581134743026	35.79979611703173
wCf__EXTvDNAZYP0035A01_F12	Vv	-27.421783069980403	0.4503650696636136
DVIT0367_0000D__BIvDNAara1074G02_H02	Vv	-21.80542931494321	-1.4161583084629101
Plate1_B1_Muscat_of_Alexandria__EXTvDNAmej0013A04_B01	Vv	-33.57589974874052	-0.9309416969142086
1701_75__EXTvDNAWOR0048A02_F09	Mus	39.431593957423324	-42.72485143936012
A40_93__vDNAled565B03_H04	Vv	-31.547586836086662	-0.8892429974272484
150_134_08__vDNAled565B03_B09	Vv	-32.575585786572894	-1.0374681114515836
DVIT1114_0000A__BIvDNAara1101A05_D04	Vv	-26.000445095208185	-1.0677131146302605
Prune.de.Cazouls__EXTvDNAbar0012C03_F11	Vv	-27.62623005493231	-0.9638254282936078
160x271_863__vDNAlon506A10_F03	NA1	33.10715005964228	31.43943064394262
PI_594336__BIvDNAgut0028C04_F05	NA1	38.50046875786391	36.958552478517134
149_53_12__vDNAled565B03_D10	Vv	-31.22794065301938	-0.4212347414444292
Traminette_vDNAlon095H11_G02__vDNAlon095H11_G02	Vv	-26.92185123961591	-0.20803553983640963
160x271_771__vDNAlon505A09_E03	NA1	37.77302833005258	37.39505251250271
e5_112__Muscadine_Plate2_D07	Vv	-29.439991310814527	-0.1309391280230958
6.14.117__EXTvDNAbar0001A02_E03	Vv	-31.859697455980395	-1.1270318128628964
DVIT0673_0000E__BIvDNAara1102A06_B09	Vv	-26.264731479089036	-1.2000487342070214
160x271_852__vDNAlon506A10_C02	NA1	32.870525831630665	31.119528544263034
A2Y1_C73L__vDNAlon917B04_E07	Vv	-30.503771099893115	-1.042868193472021
Schwarzmann__vDNAlon787A12_F10	NA1	40.09029462759106	38.0723506040829
PW_1_1__EXTvDNAhau1401G09_A01	Vv	-31.079052502114006	-0.1857303997101457
DVIT1001.0000C__BIvDNAara1091H07_A01	Vv	-25.756704957512785	-0.6765645961685663
Chardonnay__vDNArei1241H01_F05	Vv	-31.227752363035307	-0.7180859824663036
17_109_41__vDNAcad1066F06_F08	EA	9.51220632403792	12.744542178219456
ND_1_86_117__vDNAhat900H11_E02	NA1	39.2162682379589	37.53045965568631
588271__vDNAfen1149A03_E03	NA1	41.167167468265916	40.79220094739095
PI_313922__BIvDNAgut0030C06_F07	NA1	37.678494583425184	36.03359015926149
ND_1_86_114__vDNAhat900H11_D02	NA1	39.23924648040258	37.542772713672676
5.10.66__EXTvDNAbar0007B03_B11	Vv	-33.136487334326056	-1.0150924660484213
6.14.183__EXTvDNAbar0001A02_F09	Vv	-31.349775689895022	-0.4180587078470333
DVIT2158_0000A__BIvDNAara1076G04_G07	Vv	-20.68695807991783	-1.3168550638152174
Chardonnay-rei__vDNArei091H07_H08	Vv	-30.44654026743903	-0.9090948983159319
160x271_800__vDNAlon505A09_B07	NA1	32.50462103408567	31.150023767498148
9.6.137__EXTvDNAbar0005H11_A03	Vv	-32.478085597651095	-0.4885171423626568
E020__vDNAlon1138F06_C03	NA1	38.770123105500446	38.24757665188742
Arna.Guirna__EXTvDNAbar0008C05_B05	Vv	-27.569143793108474	0.3587198764405636
pc07082020_42__EXTvDNAcou0039A01_E11	Vv	-20.28229038161018	-1.1947089330836345
1364.0000C__BIvDNAara0070A04_C11	NA2	23.88705954126812	16.01895356513461
DVIT0900_0000C__BIvDNAara1099A03_F02	Vv	-19.052799715653382	-0.6903292063630547
2217.0005A__BIvDNAara0067A01_D08	NA2	28.27686261327843	23.447664763837352
L_02_50__BIvDNAara1101A05_D08	Vv	-24.10646861639678	-1.576050111957534
E179__vDNAlon1139F07_E11	NA1	42.1909594059681	41.38944421849079
Big.red__EXTvDNAbar0006A01_C10	Vv	-31.972369918902388	-0.9061342632108129
AM169__Muscadine_Plate3_F09	Mus	38.72268931755711	-42.203122357822664
A2Y1_C304L__vDNAlon918B05_D03	Vv	-30.57006351013402	-1.0282775404365636
PI_588709__BIvDNAgut0035C11_C02	Vv	-29.719234601429182	-0.2324095908354179
W0262__vDNAhei1341G03_C02	Vv	-24.408018537853177	0.711104816977197
150_134_08__vDNAled565B03_A10	Vv	-32.82816350165879	-0.9005666623944987
Y538-200__BIvDNAnae0003A03_B01	Vv	-31.879357289657715	-0.8556129094948264
E110__vDNAlon1139F07_C07	NA1	42.327472465171255	41.294195342765846
L1123__vDNAhei1316E02_H01	Vv	-27.55646625550138	-0.4399990254263035
8.6.72__EXTvDNAbar0002B03_D06	Vv	-30.256682150068666	-0.4529692345251978
DVIT0505_0000C__BIvDNAara1075G03_G02	Vv	-21.869611005965556	-1.6975033734543108
Y533-53__BIvDNAnae0001A01_A11	Vv	-31.84764386873445	-0.6325912630655276
A2Y1_C173L__vDNAlon917B04_E09	Vv	-25.787767448518046	-1.440713621275939
C94-71__BIvDNAnae0002A02_F12	Vv	-31.047887505392325	-0.5548736877122628
C56_11__vDNAled562A12_D12	Vv	-30.998420158994907	-1.1043505333072707
pc07082020_46__EXTvDNAcou0039A01_E12	Vv	-15.85061662363605	-1.9547925158802473
Plate1_E1_Pinot_Noir__EXTvDNAmej0013A04_E01	Vv	-29.867316122343787	-0.2561919830720043
DVIT0391_0000C__BIvDNAara1073G01_G04	Vv	-23.41071124921027	-1.1007783545037364
2215.0013A__BIvDNAara0068A02_G01	NA2	28.217451389482587	22.983254447157755
318684__vDNAlon096H12_A01	NA1	39.68290134880129	38.01038683956928
A2Y1_C199L__vDNAlon917B04_G12	Vv	-25.29181732128924	-0.9649989719886056
CINM__EXTvDNAsca1439D04_F09	NA2	28.434963165482063	24.257468771919086
CabernetSauvignon__vDNAhwa204A04_E04	Vv	-29.22445800841268	-0.02141630107216324
S0801__vDNAhei1330F04_H11	Mus	44.546599779224046	-39.65399447585877
DVIT0450_0000C__BIvDNAara1075G03_A01	Vv	-22.199852851276365	-1.5223789101648448
1156.0005A__BIvDNAara0065F05_G08	EA	9.360568872750848	12.370860496668659
0329.0000C__BIvDNAara0048D12_G08	Vv	-14.107724920764195	-0.7517399665591444
Ark1212_26__EXTvDNAWOR0032A06_C07	Mus	37.938810975798155	-42.07587604335652
PI_588460__BIvDNAgut0035C11_F11	NA2	26.881465401807752	22.61773399481635
PI_483167__BIvDNAgut0032C08_H08	NA1	39.77181701806185	38.33935110245013
5.3.68__EXTvDNAbar0012C03_D10	Vv	-31.995201886702812	-1.087426692970066
PI_588415__BIvDNAgut0031C07_B03	NA1	39.734360176513576	38.10766777977181
6.24.19__EXTvDNAbar0001A02_G07	Vv	-32.093275793467235	-1.3060607592750981
5.3.2__EXTvDNAbar0010E10_F06	Vv	-32.21954911540104	-0.28143176363757094
E115__vDNAlon1139F07_G06	NA1	41.76073588429101	41.14203359412159
408__EXTvDNAels0025A04_F12	Mus	41.24652480795447	-44.20760343922711
588271__vDNAfen551A01_E01	NA1	40.61235648883748	40.20449886518028
B25_101__vDNAled565B03_F06	Vv	-30.93552343794494	-0.5239485309157546
2224.0004A__BIvDNAara0067A01_H05	NA2	27.974616356038197	23.702538674432745
0459.0000C__BIvDNAara0048D12_F08	Vv	-16.131566866827082	-1.74210891623292
328__EXTvDNAels0025A04_E02	Mus	40.232890251308184	-43.925372453203565
WAM1__EXTvDNAWOR0033A07_B12	Mus	37.97561433012739	-40.072582356743276
588641__vDNAlon096H12_F04	EA	9.828180892657572	13.231914614241612
374__EXTvDNAels0025A04_D08	Mus	40.600658950124476	-43.179844886422075
White_male_JB__Muscadine_Plate2_B07	Mus	37.697037587979075	-40.96019508779764
1728.0000E__BIvDNAara0066F06_H03	Mus	40.33906785345897	-43.48015907927747
DVIT0623_0000D__BIvDNAara1101A05_E12	Vv	-25.298047024794574	-1.1873410669811788
B53-46__BIvDNAnae0003A03_A06	Vv	-30.312055274580384	0.3249999469900421
Y519_190__vDNArei307A11_F06	Vv	-29.043167751983933	-0.1743689415044836
7.11.11__EXTvDNAbar0002B03_B08	Vv	-32.95401559183981	-1.060006446870315
H3031__vDNAhei1327F01_C02	NA1	33.108530090075	32.22580605578796
Melissa__EXTvDNAbar0006A01_A04	Vv	-33.33582467557292	-0.5253210321283883
9.12.203__EXTvDNAbar0005H11_H10	Vv	-32.62469601649514	-0.6297881162923535
L1007__vDNAhei1315E01_H07	Vv	-26.300562936984626	-1.1645875549145626
2010-146__vDNAwor1522F06_C08	Mus	36.15803489796535	-38.386512224080136
AG.Isioum__EXTvDNAbar0007B03_C03	Vv	-30.344108043732547	-0.42942829742392996
A2Y1_C69L__vDNAlon917B04_A07	Vv	-24.02826018143389	-1.9564393435255005
nn__EXTvDNAbar0008C05_A11	Vv	-26.67651096316622	-0.6899506800229297
2221.0006A__BIvDNAara0067A01_E11	NA2	27.359306006927138	22.748760936502137
588349__vDNAlon095H11_F09	NA1	39.03448733852784	37.89150753310722
PI_588688.a__BIvDNAgut0036C12_H12	NA1	40.33753757093534	38.83966687468493
9.1.37__EXTvDNAbar0003C04_G02	Vv	-29.8343892030609	-0.21542231634487122
160x271_872__vDNAlon506A10_G04	NA1	36.62063959256562	35.31583699748675
GE1956_2_071__vDNAhat1061F01_G03	Vv	-30.183849393241307	-0.34682946436091855
V_cinerea_B9__vDNArei049E01_E04	NA2	28.053428534428853	23.9452062312854
243__EXTvDNAels0024A03_A04	Mus	41.18127023757464	-43.613039169698325
ChardonnaySelf2E12__BIvDNAnae0016B04_E12	Vv	-19.362468736988145	-1.5612665369584624
DVIT2161_0000A__BIvDNAara1076G04_E07	Vv	-21.140217145423552	-0.9935434362107397
2005B__EXTvDNAsca1443D08_G04	Vv	-28.264965058156267	0.5029657720755617
B35-98__BIvDNAnae0002A02_F07	Vv	-31.66000113625267	-0.5264091763474846
588160__vDNAlon1138F06_H06	NA1	35.623681995655126	34.145029780815335
E173__vDNAlon1139F07_G10	NA1	41.229197700806026	39.86780278220942
Nimrang__vDNAlon508A12_D12	Vv	-24.07512220656751	-1.5800923139052394
5.3.63__EXTvDNAbar0012C03_H01	Vv	-25.11434483596445	-1.4711073203336655
Ark1212_16__EXTvDNAWOR0032A06_A06	Mus	36.973343712993056	-40.34766921574372
45__EXTvDNAels0022A01_A03	Mus	41.10680856668149	-44.34352275623247
DVIT2318_0000A__BIvDNAara1101A05_E08	Vv	-22.72830388459933	-0.5529188029171869
PI_588710.d__BIvDNAgut0037D01_G02	NA1	39.52395898936001	37.54194330648935
Usakhelouri_T69_6__vDNAcad1493F03_C02	Vv	-24.877559871219926	1.1169261874648644
Ark1212_40__EXTvDNAWOR0032A06_A09	Mus	36.51468927771095	-40.29609856570995
S3222__vDNAhei1336F10_E03	NA2	28.001803299387504	23.31006261493959
588160__vDNAlon505A09_B09	NA1	38.89010899895222	37.07769640193899
6.10.4__EXTvDNAbar0001A02_H11	Vv	-32.97559105810563	-0.43361565045082673
0736.0000C__BIvDNAara0041D05_H10	Vv	-13.049024680806411	-1.3334469991621754
S1505__vDNAhei1332F06_C06	NA2	25.95347101616324	19.760532632259963
PI_588333__BIvDNAgut0039D03_D05	NA1	37.55381759339415	36.373472923623844
Y131-181__BIvDNAnae0004A04_H06	Vv	-32.01292743060025	-1.047532117943924
V_riparia37__vDNAfen138D06_H06	NA1	39.838275091683	38.490338828419375
Plate3_A1_Muscat_of_Alexandria__EXTvDNAmej0015A06_A01	Vv	-32.990312792389766	-1.1016379246883965
CabFranc__vDNAlon1140F08_G10	Vv	-26.42653307254215	1.1387565434202656
PI_597297__BIvDNAgut0039D03_F10	EA	8.240438881205684	12.105688363996562
7.11.15__EXTvDNAbar0002B03_B10	Vv	-31.282512992480974	-0.6446109892100501
DVIT0581_0000C__BIvDNAara1074G02_D03	Vv	-22.252611610919953	-1.4253161672979489
DVIT0813_0000C__BIvDNAara1100A04_C03	Vv	-23.374712440152663	-1.0440331048271099
PI_588398__BIvDNAgut0039D03_C07	NA2	27.245064955880533	23.463340181087396
V_cinerea_B9__vDNArei043D07_D08	NA2	26.894382745644588	22.716926634786326
DVIT2094_0000B__BIvDNAara1076G04_B10	Vv	-28.219932972217624	-1.1259869003287375
2216.0012A__BIvDNAara0068A02_A03	NA2	28.440021301575815	24.316576453034116
S1830__vDNAhei1333F07_A07	NA2	24.236652114884297	16.13571813687417
160x271_802__vDNAlon505A09_D07	NA1	36.244187880729385	35.057666416998686
DVIT0367_0000D__BIvDNAara1074G02_A03	Vv	-19.385446367699757	-1.36470778170038
DVIT0638_0000E__BIvDNAara1102A06_H01	Vv	-28.431613414477223	-0.5583338481371751
ND_1_99_59__vDNAhat908A07_G11	NA1	37.627549689059954	36.47239998983264
S0517__vDNAhei1330F04_C08	NA2	25.960163222285736	17.036741798744686
DVIT0495_0000C__BIvDNAara1075G03_F03	Vv	-20.882677367808572	-1.9037626211325713
A2Y1_C324L__vDNAlon918B05_B06	Vv	-30.818990201493502	-0.7478369853218759
KIL4__EXTvDNAWOR0047A01_E10	Mus	38.29915661433915	-40.0662390518646
160x271_769__vDNAlon505A09_C03	NA1	41.643164622570744	40.98157459304934
0404.0000C__BIvDNAara0048D12_A05	Vv	-13.963507828384236	-0.8242480722704795
C56_11__vDNArei092H08_G06	Vv	-31.12882851007564	-0.963488595147796
DVIT2168_0000A__BIvDNAara1076G04_G06	Vv	-22.558841353747123	-0.9980476464997695
AS_2__EXTvDNAhau1398G06_C07	Vv	-29.921534032863146	-0.28406670971999026
160x271_901__vDNAlon506A10_D08	NA1	33.34408777384817	32.37903024647268
160x271_838__vDNAlon505A09_E12	NA1	38.05154431820235	37.070452993021256
S1127__vDNAhei1331F05_A09	Mus	36.99824024464603	-34.923841810965435
DVIT0314_0000C__BIvDNAara1073G01_G03	Vv	-19.73656892242492	-1.1574639426818858
SILk17__EXTvDNAsca1439D04_D06	Vv	-28.741910120989633	0.16878476923367147
DVIT0561_0000C__BIvDNAara1075G03_H11	Vv	-19.89656659388417	-1.7040449320829336
ValleyPearl__vDNAled932C07_F12	Vv	-29.788586945805417	-0.6043415633782301
ChardonnaySelf1_G12__vDNAfen201A01_G12	Vv	-29.49372461431381	-0.5711220223235626
DVIT0924_0000C__BIvDNAara1099A03_G07	Vv	-28.850167052051972	-0.5376451261589015
Y127-111__BIvDNAnae0004A04_D01	Vv	-31.10372260999597	-0.29836149650753785
DVIT0636_0000H__BIvDNAara1102A06_F01	Vv	-23.394094843427045	-1.8637252034472618
DVIT0352_0000C__BIvDNAara1073G01_B07	Vv	-25.06432942360721	-0.8780651853430145
9.12.169__EXTvDNAbar0005H11_F06	Vv	-32.983428823849	-0.7418123212664505
DVIT2157_0000B__BIvDNAara1076G04_H07	Vv	-21.218908524733724	-1.4207052720548015
pc07082020_41__EXTvDNAcou0039A01_B11	Vv	-14.052213564005063	-1.4905306404781407
WV23_17_086__vDNAsap1576B05_C06	Vv	-24.356968557030946	1.4064540819650664
2195.0000B__BIvDNAara0066F06_D03	Mus	40.53388669777099	-43.75743336571898
160x271_930__vDNAlon506A10_F12	NA1	35.03358909173653	34.53512229176675
DVIT2165_0000B__BIvDNAara1101A05_E09	Vv	-24.707317356583083	-1.2061359486654337
160x271_828__vDNAlon505A09_C11	NA1	35.11613168673483	33.87973822022987
A2Y1_C70L__vDNAlon917B04_B07	Vv	-28.081320682739925	-0.21775028298886218
348__EXTvDNAels0025A04_C05	Mus	40.80718626474769	-44.336030322299294
K0955__vDNAhei1308D06_A08	Vv	-27.305498845476336	0.32138027018325643
L0833__vDNAhei1314D12_G10	Vv	-28.204052890718547	-0.12387017476362747
AM-183__vDNAwor1519F03_H03	Mus	39.942137514560606	-42.65140180538195
DVIT1116_0000A__BIvDNAara1101A05_E04	Vv	-20.518416162978735	-1.012130086178933
PEL9__EXTvDNAWOR0048A02_C04	Mus	36.05463915435544	-38.346948399823155
VCR-24-65__EXTvDNAkha1526H05_F09	Vv	-31.08224699097614	-0.32766255465024907
0401.0000C__BIvDNAara0048D12_G04	Vv	-15.211459080257539	-1.7088921065613918
OKL2_2__EXTvDNAWOR0048A02_E11	Mus	37.561066205877765	-39.02029249492114
DVIT3345_0000B__BIvDNAara1099A03_C01	Vv	-25.646792796528672	0.3578310058742256
Ark1214_01__EXTvDNAWOR0030A04_D10	Mus	36.470853757033474	-38.879029123302075
S3923__vDNAhei1337F11_H04	NA1	29.912817627863024	28.217438925534967
AB_003__vDNAfen201A01_E04	Vv	-30.86792418582896	-0.14482721339454843
ND_1_99_20__vDNAhat908A07_D06	NA1	37.510762573234395	36.17557854503936
LaSalle__Muscadine_Plate1_G08	Mus	39.08676679767928	-41.913238170781106
Plate7_D1_Crimson_Seedless__EXTvDNAmej0019A10_D01	Vv	-33.43594382703873	-0.8233768012158875
Y127-194__BIvDNAnae0004A04_D10	Vv	-31.89006124069488	-0.49562101500331734
9.4.81__EXTvDNAbar0004E09_D03	Vv	-32.42570002519499	-0.6321185837040276
2_47_10__vDNAcad1068F08_D08	NA2	22.563160522707502	18.1333918673144
362__EXTvDNAels0025A04_A07	Mus	41.17385824950255	-43.35809050568698
C63-83__BIvDNAnae0002A02_F10	Vv	-30.500604878927312	-0.06727007895717475
9.12.172__EXTvDNAbar0005H11_F09	Vv	-33.07470310565853	-0.8466511999575295
K1553__vDNAhei1310D08_G12	Vv	-29.075228647400927	-0.634857075147243
S0305__vDNAhei1330F04_A05	NA2	25.814439510272155	16.898317893085032
PI_588501__BIvDNAgut0033C09_H03	NA2	25.382222353860595	20.367356323777738
Delizia.di.Vaprio__EXTvDNAbar0006A01_C11	Vv	-32.80461107877234	-0.7988859973914099
2006-154__vDNAwor1640H03_G07	Mus	39.13299545465668	-42.30286013968527
0484.0000C__BIvDNAara0048D12_C01	Vv	-14.31699325410355	-1.2488761701366975
UMT3__EXTvDNAWOR0047A01_B03	Mus	35.61258105089162	-37.438349899672424
PI_588501__BIvDNAgut0039D03_B08	NA2	19.851354399717565	15.696646962734288
CL14RT__vDNAlon913A12_F02	NA1	32.50191911909216	31.193095721498665
ND_1_99_63__vDNAhat908A07_C12	NA1	37.49416725716714	36.19979307103501
2005.0006A__BIvDNAara0065F05_F10	EA	10.008498325714513	13.376074049416633
S0602__vDNAhei1330F04_E08	NA2	25.54586624817609	16.65659096006417
DVIT0493_0000C__BIvDNAara1075G03_D04	Vv	-23.046546336440123	-1.4334907755505064
588271__vDNAlon096H12_G10	NA1	40.52457784002789	40.12582671628322
DVIT0421_0000C__BIvDNAara1074G02_F10	Vv	-19.016988649394126	-1.2981889873866315
160x271_888__vDNAlon506A10_G06	NA1	35.381862466530315	33.79844140024013
1156.0012A__BIvDNAara0065F05_D09	EA	9.956577468369785	12.557279971108576
S3726__vDNAhei1337F11_B01	NA1	31.08956730754048	29.757039447826372
2_73_33__vDNAcad1068F08_A07	NA2	29.102427807287086	24.417688540189207
C56_11__vDNAled562A12_E12	Vv	-30.938902211448948	-1.033599376026071
DVIT2104_0000A__BIvDNAara1076G04_F09	Vv	-23.440562035187146	-1.1856590955895763
2220.0001A__BIvDNAara0067A01_D10	NA2	27.229234741698463	22.98698672273995
DVIT2112_0000B__BIvDNAara1076G04_B09	Vv	-31.87688941596671	-1.101356078813957
279__EXTvDNAels0024A03_D08	Mus	41.593341941857425	-44.63417213073557
DVIT2323_0000A__BIvDNAara1076G04_H12	Vv	-27.28347303437036	-1.2270114955722002
ROTDe__EXTvDNAsca1439D04_D05	Mus	42.02960125825955	-40.88854708007209
DVIT0746_0000C__BIvDNAara1102A06_B06	Vv	-19.913144290151457	-0.5109253182742678
e5_124__Muscadine_Plate2_D09	Vv	-30.010408065028184	-0.37786655865038205
3309C_1__vDNAfen1153A07_C05	NA1	38.20624897340866	36.56978847880311
50__EXTvDNAels0022A01_F03	Mus	41.0040357867	-44.13376671610063
9.4.177__EXTvDNAbar0004E09_G06	Vv	-32.77764492123118	-0.7984521142570657
5.2.2__EXTvDNAbar0009D07_H03	Vv	-31.17128243903327	-1.162138932775564
Ark1212_55__EXTvDNAWOR0032A06_H10	Mus	37.04084159366315	-40.45764708819231
2193.0000B__BIvDNAara0066F06_B08	Mus	41.25022227786299	-43.12010673563311
nn__EXTvDNAbar0008C05_B11	Vv	-31.83215940018608	-0.5022321036029642
B33-46__BIvDNAnae0002A02_G04	Vv	-32.60206455806747	-0.7964188991099348
2010-098__vDNAwor1522F06_F01	Mus	40.01739848158464	-42.276621661508585
588160__vDNAlon787A12_E08	NA1	39.63596128687504	37.94931897665825
DVIT0867_0000C__BIvDNAara1099A03_F06	Vv	-27.199693991517883	-0.32425361966312516
8.7.21__EXTvDNAbar0002B03_F06	Vv	-32.2634783714875	-0.7832692549108801
V_cinerea_B9__vDNArei049E01_E05	NA2	28.227952987039153	23.827883292221166
DVIT0646_0000C__BIvDNAara1102A06_F02	Vv	-19.185659171764556	-1.505774421997771
0542.0000C__BIvDNAara0047D11_H08	Vv	-14.643550455263494	-1.3808494826457023
588685__vDNAlon096H12_C09	NA2	27.709663586205092	23.41724225618968
8.6.131__EXTvDNAbar0002B03_F01	Vv	-32.36174338136306	-1.1037830174740726
B24-10__EXTvDNAsca1439D04_H01	NA2	26.7933326980563	23.232964100764647
HAR1__EXTvDNAWOR0047A01_C11	Mus	37.18051538721225	-39.324088222632405
0479.0000C__BIvDNAara0047D11_C12	Vv	-14.843488151294297	-1.3613374867100057
S1822__vDNAhei1333F07_A06	NA2	26.948789347845178	21.443571713400484
191__EXTvDNAels0023A02_C09	Mus	40.93508431948997	-43.84560951974616
C48-52__BIvDNAnae0004A04_D08	Vv	-31.782705257504897	-0.2621106194802141
PI_588439__BIvDNAgut0032C08_C04	NA1	40.55783302887697	38.45195755214887
2203.0004A__BIvDNAara0068A02_B11	NA2	25.336774413982514	18.40174137567395
160x271_884__vDNAlon506A10_C06	NA1	37.66805699056436	36.72601650021728
Ark1212_39__EXTvDNAWOR0032A06_H08	Mus	37.62214040691692	-41.095265490270286
d18s10__vDNAdia1375E12_B02	NA2	27.924851983045198	23.481688236370136
A40-21__BIvDNAnae0001A01_B02	Vv	-31.684711468547963	-0.6647239480977213
Ark1212_32__EXTvDNAWOR0032A06_A08	Mus	36.68465184106995	-39.869389853615225
L_03_59__BIvDNAara1102A06_A03	Vv	-27.11298635273219	-0.8684337901597254
2010-152__vDNAwor1522F06_A09	Mus	39.42546627881537	-41.65331739280449
VIL5__EXTvDNAWOR0047A01_E01	Mus	36.9879885490268	-39.14357078823853
8.11.170__EXTvDNAbar0003C04_B09	Vv	-32.42664904323874	-0.9393925101318615
GE1956_4_036__vDNAhat1061F01_C02	Vv	-30.19701646685439	-0.18894394733269854
5.3.94__EXTvDNAbar0006A01_H11	Vv	-30.93189309357073	-1.0058082769527998
THOMPSONSEEDLESS__BIvDNAnae0005A05_D03	Vv	-30.279923677558266	0.030230000633485923
DVIT0383_0000C__BIvDNAara1073G01_E05	Vv	-22.583021243541378	-0.5521116068648197
111__EXTvDNAels0022A01_B11	Mus	41.26012647302782	-44.04843303416548
DVIT0693_0000C__BIvDNAara1102A06_E07	Vv	-22.65215658564519	-1.2800299287120847
588455__vDNAlon096H12_D11	NA1	39.85669557908988	38.31395462711243
160x271_783__vDNAlon505A09_A05	NA1	36.2426544995694	35.76601163454326
1274.0000B__BIvDNAara0068A02_H03	NA2	27.624152163905773	23.09517073404926
DVIT2680.0000A__BIvDNAara1092H08_C11	Vv	-24.80362454988751	-1.227711504830622
S4002__vDNAhei1337F11_E05	NA1	36.01187722887762	34.88712868806348
44__EXTvDNAels0022A01_H02	Mus	41.8310466045661	-44.97953203592874
V_ripariaNH2__vDNAfen138D06_E11	NA1	38.747175908906144	37.646593944322404
5.2.8__EXTvDNAbar0009D07_B05	Vv	-30.484415302730458	-0.5941137586358973
160x271_816__vDNAlon505A09_G09	NA1	36.09482160905733	34.70254547553363
Riesling__vDNAlon1140F08_A10	Vv	-28.242395112994533	0.5740968743765184
588160__vDNAlon506A10_B10	NA1	36.572368809449735	34.80482073538607
d18s24__vDNAdia1375E12_H03	NA2	27.82744634760163	23.593730026550606
GVIT_1729__BIvDNAgut0034C10_C04	NA1	37.84651011859909	36.69928795989184
K0577__vDNAhei1307D05_F01	Vv	-29.032612427309196	-0.7128921726742429
A2Y1_C48L__vDNAlon917B04_D04	Vv	-30.519516710914168	-0.1443443557033038
0525.0000C__BIvDNAara0047D11_A07	Vv	-17.582323940482837	-2.2687459920964548
H2825__vDNAhei1326E12_H06	NA1	34.94566663541868	31.956995527536236
588648__vDNAlon095H11_A05	NA2	24.882886650734324	20.031277949515673
2549_007__vDNAcad1066F06_A04	EA	7.891501600033276	11.731726356288638
588711__vDNAlon787A12_C09	NA1	37.18099082777363	35.752156470412146
PI_588457__BIvDNAgut0032C08_F09	NA1	40.424868384701284	39.19701491775046
HAR10__EXTvDNAWOR0047A01_D08	Mus	37.40164987272918	-39.433280629998904
302__EXTvDNAels0024A03_C11	Mus	41.50105762781064	-44.40851453123209
ScarletRoyal__vDNAlon1140F08_C09	Vv	-31.905814006522277	-0.0008708418511266122
160x271_834__vDNAlon505A09_A12	NA1	35.19302412864698	33.67949929120368
2224.0003A__BIvDNAara0067A01_G05	NA2	25.604646278470383	21.77689283846576
DVIT2111_0000A__BIvDNAara1076G04_C09	Vv	-22.77986714801839	-2.241235256281285
160x271_812__vDNAlon505A09_F08	NA1	37.367856860365535	35.886655113428084
17_109_47__vDNAcad1067F07_C06	EA	7.15901720257435	10.052097343179216
Y525-113-11__BIvDNAnae0002A02_F08	Vv	-32.395051875462926	-1.24784807704821
5.3.91__EXTvDNAbar0010E10_G08	Vv	-28.104891768074914	-1.573340004453283
DVIT2049_0000C__BIvDNAara1074G02_H09	Vv	-19.03480196808177	-1.2014552924733886
2020_6_53_16138064__vDNAlon510B02_A11	Vv	-30.16479267205112	-0.38307754351915274
Chardonnay__vDNArei1241H01_E05	Vv	-31.532849172666428	-0.803191377101104
S1817__vDNAhei1333F07_D05	NA2	25.778914788260995	20.87149175275926
DVIT0666_0000D__BIvDNAara1102A06_H09	Vv	-21.79896361058134	-1.5964864125940228
2006-133__vDNAwor1640H03_E05	Mus	37.55909661496993	-41.646296596217134
VRMNW__vDNAfen1147A01_G12	NA1	40.07137638281273	38.61233357161703
E130__vDNAlon1139F07_H04	NA1	41.946052315486135	40.998360397554976
AM-330__vDNAwor1521F05_A06	Mus	44.061866919735465	-43.222107433776486
K1645__vDNAhei1311D09_B05	Vv	-27.04809793547545	-0.643848306358944
THOMPSONSEEDLESS__BIvDNAnae0005A05_B01	Vv	-30.41009050302171	-0.2799040336427664
2187.0000B__BIvDNAara0066F06_E07	Mus	40.20724961809101	-43.53013127799194
Ark1212_11__EXTvDNAWOR0032A06_D05	Mus	40.64628874694633	-43.23277847483472
VRW_002__vDNAfen201A01_C01	NA1	36.83995977264056	35.330445340017455
17_109_31__vDNAcad1067F07_E12	NA2	23.707900121961522	19.75625373670334
DVIT0408_0000C__BIvDNAara1074G02_E11	Vv	-21.341442756260182	-2.1302947050988914
Autumn.Royal__EXTvDNAbar0007B03_C05	Vv	-31.208373950876634	-1.111801172620268
ChardonnaySelf2F10__BIvDNAnae0016B04_F10	Vv	-21.968099963277282	-1.960032658604236
310__EXTvDNAels0024A03_C12	Mus	42.96062369890666	-46.550450295672086
S1730__vDNAhei1333F07_G03	NA2	23.35772658383023	18.487290064051376
DVIT0800_0000E__BIvDNAara1100A04_C05	Vv	-23.557240221526186	-0.15032200242398028
5.3.96__EXTvDNAbar0009D07_D01	Vv	-24.320478131871837	-1.3158192781229403
A2Y1_C170L__vDNAlon917B04_B09	Vv	-26.667002939863867	-1.4347321674840456
2245.0012A__BIvDNAara0066F06_G01	Mus	39.49836215152489	-40.220865106199746
A2Y1_C190L__vDNAlon917B04_F11	Vv	-25.815466801402575	-0.866312677877096
5.3.113__EXTvDNAbar0012C03_F03	Vv	-31.21359926747778	-0.6671536746521951
E223__vDNAlon1140F08_H04	NA1	39.28299287685373	38.95717069369299
PI_318684__BIvDNAgut0026C02_A11	NA1	40.039472012536535	38.27543340808908
DVIT0436_0000C__BIvDNAara1073G01_C12	Vv	-22.68915607911518	-0.8352853311156736
PI_588668__BIvDNAgut0034C10_B04	Vv	-30.783299918876843	-0.5210858339937019
6.14.161__EXTvDNAbar0001A02_F03	Vv	-31.54197579087155	-0.6034594243346081
6.14.125__EXTvDNAbar0001A02_E06	Vv	-32.02738556158692	-0.7694393622926814
1703_22__EXTvDNAWOR0048A02_G07	Mus	37.4331058708757	-40.560322984502065
2010-165__vDNAwor1522F06_F10	Mus	41.09360446921864	-41.91632011759565
8.6.81__EXTvDNAbar0002B03_D11	Vv	-31.58074034603847	-0.7078581152856709
ChardonnaySelf1_F11__vDNAfen201A01_F11	Vv	-28.652532398390946	0.2124966211621028
17_109_28__vDNAcad1067F07_C12	EA	8.289326924417484	11.600124005185872
8.14.179__EXTvDNAbar0003C04_D10	Vv	-30.42631896847025	-0.40507345078713364
Y130-30__BIvDNAnae0001A01_E02	Vv	-32.20204268173242	-0.5512863798305884
Ark1214_14__EXTvDNAWOR0030A04_H10	Mus	36.636707074601304	-39.6304710399305
CABERNET__vDNAnae947D10_E10	Vv	-29.625975864237084	0.1472857233526133
ND_1_99_52__vDNAhat908A07_H10	NA1	37.00934967171492	36.238977465535406
S3728__vDNAhei1337F11_C01	NA1	36.582819215840274	34.729741464100655
DVIT2167_0000B__BIvDNAara1076G04_H06	Vv	-21.68822185655683	-1.3837464429476602
160x271_938__vDNAfen201A01_F05	NA1	32.967832831111316	32.279733793699016
2010-179__vDNAwor1522F06_D12	Mus	37.23818658257262	-39.416473886445026
PI_588590__BIvDNAgut0026C02_F12	NA1	40.762549666202624	38.9401186375998
152__EXTvDNAels0023A02_D04	Mus	41.77591155543692	-45.53517031811754
192__EXTvDNAels0023A02_D09	Mus	40.64664193009614	-44.18564721116606
DVIT0549_0000C__BIvDNAara1075G03_A11	Vv	-20.518737609444702	-1.7135032461487125
8.14.187__EXTvDNAbar0003C04_E03	Vv	-31.36169680150769	-0.2514602507939497
160x271_846__vDNAlon506A10_E01	NA1	36.56810744836692	35.24966957389078
DVIT0418_0000I__BIvDNAara1074G02_H10	Vv	-22.584717199562572	-1.4559040064399196
K0533__vDNAhei1305D03_C11	Vv	-27.34419782497283	-0.15094855949731906
S1611__vDNAhei1332F06_B10	NA2	26.720684471883377	21.125907405966572
6.12.135__EXTvDNAbar0001A02_C06	Vv	-31.903301520320486	-0.9056688786985577
DVIT1082_0000A__BIvDNAara1076G04_H02	Vv	-26.07518750792452	-1.3838137018647263
DVIT2177_0000D__BIvDNAara1076G04_F11	Vv	-25.050225135613662	-1.2440106777101874
130__EXTvDNAels0023A02_E01	Mus	41.443438812625885	-44.582063431401
PI_588154__BIvDNAgut0031C07_D05	NA2	27.312287207172204	22.777179267624394
DVIT0344_0000E__BIvDNAara1073G01_H07	Vv	-20.171767322950902	-0.8661217042124502
B71-60__BIvDNAnae0001A01_F12	Vv	-31.954799262275824	-0.591646302338345
V_cinerea_B9__vDNArei092H08_H12	NA2	25.42691799786029	21.605959846753343
PI_483161__BIvDNAgut0032C08_A03	NA2	26.243183538650264	20.880143975023746
588456__vDNAlon096H12_C10	NA1	39.75799569692193	38.47553750664881
DVIT1340_0000A__BIvDNAara1101A05_E11	Vv	-25.00976833008108	-0.8838463720051872
H2413__vDNAhei1325E11_A04	NA1	34.71837274995133	30.190551423981276
DVIT2660.B__BIvDNAara1089H05_A08	Vv	-24.485248306490444	0.23817195592495247
DVIT0373_0000E__BIvDNAara1074G02_G12	Vv	-21.47327773437608	-1.570575386698967
93__EXTvDNAels0022A01_H08	Mus	41.22578159057314	-44.219457346536764
PI_588429__BIvDNAgut0030C06_D07	Vv	-33.31835313778054	-1.3890154939666661
9.12.197__EXTvDNAbar0005H11_H05	Vv	-32.73115793943072	-0.8762289335351452
160x271_770__vDNAlon505A09_D03	NA1	38.893963432675356	37.73115600317466
SAP_05__vDNAfen1172C01_C12	Vv	-26.58370110469239	-0.07494314466529074
S1516__vDNAhei1332F06_G07	NA2	24.257794084468262	18.716768130195288
DVIT0305_0000D__BIvDNAara1073G01_G02	Vv	-23.030203783923433	-0.8779895654193224
Parent_Magoon__EXTvDNAWOR0029A03_B01	Mus	40.39503800412365	-42.391973672181365
Y213.003__BIvDNAnae0015B03_C01	NA1	30.36414218586272	29.46560282308134
DVIT0479_0000C__BIvDNAara1075G03_G05	Vv	-22.446542999475717	-1.0208897029293074
DVIT0794_0000A__BIvDNAara1101A05_F01	Vv	-23.99794748397834	-0.8727786511220909
160x271_832__vDNAlon505A09_G11	NA1	35.597887655388625	34.06014750045438
VIL10__EXTvDNAWOR0047A01_E06	Mus	37.00623444681369	-39.372062575999294
S2324__vDNAhei1334F08_C08	NA2	24.583386842263923	18.218377737659647
338__EXTvDNAels0025A04_G03	Mus	41.18868076971235	-44.5523336201362
6.10.58__EXTvDNAbar0001A02_A12	Vv	-31.861175130785004	-0.9306932319292941
1366.0000C__BIvDNAara0070A04_D11	NA2	23.959857532903936	15.844987074753982
Y127-200__BIvDNAnae0002A02_D10	Vv	-31.434660040668366	-0.37917027801315006
177__EXTvDNAels0023A02_E07	Mus	41.46539414702207	-44.72068544167046
6.24.38__EXTvDNAbar0001A02_H02	Vv	-32.299656653084504	-0.9897440335743241
160x271_946__vDNAfen201A01_E06	NA1	37.4423578987879	36.5354819048166
E075__vDNAlon1138F06_D10	NA1	35.87163851847725	35.87652555573629
8.7.108__EXTvDNAbar0002B03_G08	Vv	-32.15247017057961	-0.7673347212739001
DVIT0550_0000D__BIvDNAara1075G03_B11	Vv	-22.527946762268442	-1.0154019998345638
PetitMenseng__vDNAsap1575A05_B05	Vv	-26.8737228373238	0.49707204362748003
86__EXTvDNAels0022A01_A08	Mus	41.36997753892942	-44.16866597461049
DVIT0547_0000D__BIvDNAara1075G03_G10	Vv	-21.568101243946643	-1.4582286524124393
DVIT0843_0000F__BIvDNAara1100A04_B11	Vv	-22.22752537326537	-2.424398453698838
9.1.64__EXTvDNAbar0003C04_G09	Vv	-32.10524425711227	-0.8059048924693267
B23-45__BIvDNAnae0003A03_G09	Vv	-29.03972485431777	0.2454604802676688
188__EXTvDNAels0023A02_H08	Mus	41.05821568135807	-44.37288226750221
AUTUMNBLACK__BIvDNAnae0003A03_H02	Vv	-31.358951274455826	-1.0708566190670137
160x271_830__vDNAlon505A09_E11	NA1	39.44474238847325	38.70005170506031
2228.0003A__BIvDNAara0067A01_D03	NA2	28.410626740490628	22.274233366549815
B23-72__BIvDNAnae0001A01_F03	Vv	-30.20508429736539	-0.1497484732078033
DVIT2327_0000B__BIvDNAara1073G01_A01	Vv	-26.966294610337584	-1.3496772352087183
208__EXTvDNAels0023A02_D11	Mus	40.87676648804298	-43.68702787049914
PI_588718__BIvDNAgut0035C11_A01	NA1	40.11124081122729	37.86976579270978
6.24.50__EXTvDNAbar0001A02_H06	Vv	-32.329358413008805	-0.8933601386827538
DVIT0374_0000C__BIvDNAara1073G01_B06	Vv	-25.591291846192078	-0.45848509609293364
wMGw__EXTvDNAZYP0036A02_C12	NA1	24.065536446802316	22.066817412047396
1714.0000A__BIvDNAara0069A03_A08	NA2	26.434472275518946	22.102043547872636
S0417__vDNAhei1330F04_B07	NA2	25.971663663892013	16.80959274269086
Gewurztraminer__vDNAcla1037D01_G12	Vv	-29.514529818510685	-0.44055562661529
17_109_33__vDNAcad1067F07_G12	NA2	28.689757938473573	23.710985220720378
3309C__vDNAfen552A02_G08	NA1	40.60035563411318	38.815939594898616
CARDINAL__BIvDNAnae0003A03_D04	Vv	-32.37408677312806	-1.0167351646732488
1602.0000B__BIvDNAara0068A02_B04	Vv	-29.13545696775472	0.13027015448989407
P1__vDNAcad1354E07_F07	Vv	-32.135376594649344	-0.46300322249908776
131__EXTvDNAels0023A02_F01	Mus	40.7434344701659	-43.88685162312894
B52-72__BIvDNAnae0003A03_G05	Vv	-30.964570253487942	-0.133713218864131
2233.0006A__BIvDNAara0069A03_A11	NA2	26.459920161086885	22.717484596568774
2720.0000A__BIvDNAara0070A04_D10	NA2	23.53326008111698	15.8077222345736
E099__vDNAlon1139F07_C09	NA1	41.563408119149095	40.82821184390644
Unkx13_101_67__Screenhouse-Plate1_H06	NA1	39.40903491925025	38.13060232815505
Gewurztraminer__vDNAcla1037D01_H12	Vv	-21.611425117391178	-0.2609896103009233
E057__vDNAlon1138F06_C08	NA1	34.89615580039165	33.58367428141371
FR_1__EXTvDNAhau1402G10_A11	Vv	-31.98267152811685	-0.30457772887501483
H1437__vDNAhei1322E08_H06	NA1	31.927228365523852	29.420530900060005
2062.0000C__BIvDNAara0045D09_F01	Vv	-14.07092927418095	-1.9056721917684445
483168__vDNAlon096H12_E10	NA1	39.51460899731416	38.914344450006915
PI_588653__BIvDNAgut0034C10_C08	NA1	40.07609492384498	38.44029079729089
PI_588673__BIvDNAgut0034C10_E04	Vv	-29.44019812926127	0.04454123821539524
0673.0000C__BIvDNAara0041D05_A08	Vv	-13.21821139802806	-1.3198045401350227
B9Cinereo_38__Greenhouse-Plate4_E07	NA2	27.18432512791704	23.150902371355258
FR_1__EXTvDNAhau1402G10_H10	Vv	-31.99213611833445	-0.35653722536972976
Chardonnay__vDNAsap1563E03_G03	Vv	-31.36538980456705	-0.7067343064891283
2218.0010A__BIvDNAara0067A01_D09	NA2	27.529415899015813	23.12373730487452
PI_588420.d__BIvDNAgut0037D01_D06	EA	8.941661951384576	12.639950208934145
L1309__vDNAhei1316E02_C11	Vv	-29.528199053765142	-0.026754588097609444
Alicante_Bouschet__vDNAfen552A02_D05	Vv	-30.903103319955502	-0.26054214468542947
VCR-24-63__EXTvDNAkha1526H05_D09	Vv	-31.428667704155718	-0.8816175928173301
9.4.94__EXTvDNAbar0004E09_D12	Vv	-32.73728428950638	-0.8515176018674284
2242.0007A__BIvDNAara0066F06_E05	Mus	38.94090741367466	-39.898638249189155
Y125_39__vDNAled565B03_D07	Vv	-30.806390199757555	-0.5156664100958864
160x271_936__vDNAfen201A01_D05	NA1	41.49811915886871	40.991371064263724
Cioutat__EXTvDNAsvy1639B09_C12	Vv	-30.89672844623219	-0.3989936121892379
ND_1_99_57__vDNAhat908A07_E11	NA1	38.128193324587876	36.73260585851564
E017__vDNAlon1138F06_A03	NA1	37.609216089635034	36.40419165199165
Unkx13_101_3__Screenhouse-Plate1_E03	NA1	34.73715017822632	32.76685136203361
ND_1_99_50__vDNAhat908A07_F10	NA1	36.52159124683024	35.93899369126151
E152__vDNAlon1139F07_C02	NA1	41.43439394893975	40.84715165289694
B23-12__BIvDNAnae0001A01_A02	Vv	-31.21521595857921	-0.4062151875364937
DVIT0848_0000D__BIvDNAara1100A04_F11	Vv	-21.68224820756431	-1.719097819625772
E181__vDNAlon1139F07_G11	NA1	40.547801225044545	39.88823034848219
E131__vDNAlon1139F07_G04	NA1	41.95356996158306	41.06810686241427
AM156__Muscadine_Plate3_F07	Mus	36.61393722100387	-40.29590953391719
DVIT0728_0000C__BIvDNAara1102A06_C11	Vv	-21.742710989393974	-1.7556686970783295
Fry_1__EXTvDNAbab0041A02_A12	Mus	38.397597399881676	-40.136184410062214
160x271_782__vDNAlon505A09_H04	NA1	35.58369245314044	33.95087149458717
DVIT0735.0000C__BIvDNAara1092H08_A03	Vv	-20.97593132649221	0.04817637156251494
K0515__vDNAhei1305D03_B10	Vv	-30.80309685594887	-1.2084810817683018
A61_80__vDNAled565B03_C06	Vv	-31.567443686978457	-0.2101993406834332
PI_483164__BIvDNAgut0032C08_H02	NA2	26.6321456792818	21.295729033701296
6.24.84__EXTvDNAbar0002B03_B02	Vv	-32.53208742947326	-1.5363555537608917
L_09_67__BIvDNAara1099A03_H10	Vv	-22.471252229479607	-0.9800657794001609
S1828__vDNAhei1333F07_G06	NA2	25.037841300066898	20.65714831461808
W0611__vDNAhei1342G04_H11	Vv	-29.87716986401361	-0.2547661753401348
3309C__vDNAfen552A02_E08	NA1	40.91413360936418	39.09247532967617
VCR-24-69__EXTvDNAkha1526H05_B10	Vv	-31.565657118119134	-0.4756155967735745
483165__vDNAlon096H12_E11	NA1	38.88711263134657	37.394253314451845
160x271_926__vDNAlon506A10_B12	NA1	38.404094076629015	37.48326511491661
1125.0000A__BIvDNAara0040D04_C05	Vv	-12.94673007079859	-0.8748774139905893
AM148__Muscadine_Plate3_F03	Mus	39.10742538874489	-42.728358497623816
160x271_780__vDNAlon505A09_F04	NA1	36.57468648969083	35.74228523706085
DVIT0891_0000D__BIvDNAara1099A03_B04	Vv	-26.006755956453418	-1.2588768523933354
Y525-25-11__BIvDNAnae0002A02_D04	Vv	-31.399717488623033	-0.5853475762437227
Semillon__Muscadine_Plate1_D01	Vv	-29.798006188476652	-0.129998158482056
L0973__vDNAhei1315E01_H06	Vv	-25.999432873574374	-1.2856883894558921
A1Y1_26RT__vDNAlon916B03_C09	NA1	33.81630068652468	31.630062282944603
588271__vDNAfen551A01_D01	NA1	40.64757618823419	40.0301193068364
E050__vDNAlon1138F06_D07	NA1	33.58332725271134	33.8376289324653
W0354__vDNAhei1341G03_D09	Vv	-23.323851073675392	1.2153378803066253
ND_1_99_25__vDNAhat908A07_F07	NA1	35.87998967283501	36.2053100386952
ChardonnaySelf1_H12__vDNAfen201A01_H12	Vv	-25.625451352005303	-0.6263576384923836
M13__vDNAled782A07_C07	Vv	-32.62130177364356	-1.0028126972577922
US_1924__EXTvDNAbab0041A02_H04	Mus	35.310223137320634	-37.796336973328465
E027__vDNAlon1138F06_A04	NA1	38.47423919218623	37.753227805724045
CABERNET__vDNAnae947D10_F10	Vv	-29.635185311199475	0.1059669757319144
DVIT2647.0000A__BIvDNAara1092H08_F09	Vv	-23.095876831777638	-0.4172476038543833
2010-168__vDNAwor1522F06_A11	Mus	39.555483594454635	-39.96586726291574
Saperavi_4_003__vDNAfen201A01_E03	Vv	-27.354890182188534	-0.5557571689505127
S1910__vDNAhei1333F07_B08	NA2	28.01150545043418	22.38051818190734
H1511__vDNAhei1322E08_H08	NA1	35.09104794147428	32.57508069046998
275__EXTvDNAels0024A03_H07	Mus	41.506525685148894	-44.534081779049146
2217.0004A__BIvDNAara0067A01_C08	NA2	27.35488021239941	23.07666079599271
L0617__vDNAhei1313D11_G11	Vv	-29.319394487268706	-0.5000145138522825
S4016__vDNAhei1337F11_D06	NA1	35.63429331849144	33.88496845353515
DVIT0790_0000H__BIvDNAara1100A04_B06	Vv	-21.314887406201883	-0.6655328710120637
9.4.159__EXTvDNAbar0004E09_F12	Vv	-30.596765390814614	-0.6813621498326364
2003C__EXTvDNAsca1443D08_C04	Vv	-28.011166500184114	0.20879831266142035
CL26RT__vDNAlon913A12_B04	NA1	29.996013562472164	27.80327670441442
62__EXTvDNAels0022A01_B05	Mus	41.6789499756135	-44.639203757861026
2217.0003A__BIvDNAara0067A01_B08	NA2	27.34142884170923	23.282374606925053
A2Y1_CG20__vDNAlon914B01_F01	Vv	-22.030832617158577	-1.430414420016281
L1049__vDNAhei1315E01_E10	Vv	-27.765780579918932	-0.4348545313188737
SH11025__vDNAhei1346G08_D11	Vv	-29.285556232230288	-0.9692594345114548
ChardonnaySelf2D10__BIvDNAnae0016B04_D10	Vv	-19.986388634527856	-1.833498135927152
311__EXTvDNAels0024A03_D12	Mus	41.899731440360476	-44.79354844074008
8.7.123__EXTvDNAbar0002B03_G11	Vv	-32.26299769527808	-0.669543384260183
DVIT0717_0000C__BIvDNAara1102A06_F04	Vv	-26.31431004284828	-0.8139375561366988
Alicante_Bouschet__vDNAfen552A02_H06	Vv	-30.430937507863355	-0.35379339560420503
Y537_032_06__vDNArei307A11_A12	Vv	-24.573297219690037	-1.86919159442147
AM-116TubeB__vDNAwor1640H03_D01	Mus	38.98642629734302	-42.37954758946823
S3708__vDNAhei1336F10_A12	NA1	37.69219032878238	35.246926164423066
DVIT0605_0000C__BIvDNAara1075G03_D12	Vv	-19.50900545147566	-1.3210435953855373
B48_19__vDNAled565B03_E11	Vv	-31.66913374308866	-1.2119612292682065
L_06_63__BIvDNAara1100A04_F04	Vv	-19.276605413483065	-1.5908028475702933
6.12.66__EXTvDNAbar0001A02_B08	Vv	-32.503391328339106	-0.7054052793439007
Unkx13_101_48__Screenhouse-Plate1_F04	NA1	37.071830583646076	35.49768128950825
NC2__EXTvDNAWOR0047A01_F08	Mus	35.819139221585665	-38.07626384603049
H2517__vDNAhei1325E11_H07	NA1	34.674062057401535	32.24476172712811
RST_6_1__vDNAlon918B05_F10	NA1	39.540906124358536	37.45430466692293
E114__vDNAlon1139F07_H06	NA1	40.36013343669606	39.901114601185384
324__EXTvDNAels0025A04_A02	Mus	41.222294559458255	-44.0708133889229
PI_588328__BIvDNAgut0033C09_B12	NA2	25.13376429066692	21.330037084820002
S2430__vDNAhei1334F08_C11	NA2	24.287213417347587	20.775998306632097
PI_588226__BIvDNAgut0031C07_D01	NA1	40.2216144890357	38.3640848371167
PI_279897__BIvDNAgut0031C07_A03	NA1	38.04562091281383	37.111203993902976
160x271_886__vDNAlon506A10_E06	NA1	37.693906690844074	37.34164912543356
2218.0012A__BIvDNAara0067A01_E09	NA2	27.28846443599115	22.721526924370195
E165__vDNAlon1138F06_F12	NA1	37.527089527989595	36.70778638221976
e2_107__Muscadine_Plate2_C12	Vv	-31.605289316393034	-0.8198980257204844
Couderc__vDNAlon787A12_B10	NA1	35.557164399101005	34.45288061190685
PI_588260__BIvDNAgut0030C06_H10	NA1	39.503540575215794	38.424339278297936
321__EXTvDNAels0025A04_F01	Mus	40.70765892592113	-43.28068558314634
DVIT2101_0000B__BIvDNAara1076G04_H09	Vv	-28.960588872626385	-0.7978432094570315
588634__vDNAlon096H12_G03	EA	9.25265618256897	13.161800137125272
S1724__vDNAhei1333F07_A03	NA2	27.0116719056948	22.392203213135144
jTV__EXTvDNAZYP0037A03_B03	Vv	-25.138042547935274	0.3912149993169705
DVIT0539_0000C__BIvDNAara1075G03_A10	Vv	-17.076734502635198	-1.3711560991194487
2242.0008A__BIvDNAara0066F06_F05	Mus	38.73141754774933	-39.580932079087134
DVIT0590_0000C__BIvDNAara1074G02_H01	Vv	-22.43326949965014	-2.1884287681007435
CabernetSauvignon__vDNAhwa912A11_D11	Vv	-23.65809803176854	-0.9782696786229337
B27-61__BIvDNAnae0001A01_E06	Vv	-32.06726670404887	-1.3728485527869403
PI_588304__BIvDNAgut0031C07_H01	NA1	38.09976584982291	36.8639095090439
PI_588325__BIvDNAgut0039D03_D06	NA1	37.3403358409486	35.21426378175028
5.10.99__EXTvDNAbar0009D07_H12	Vv	-32.044792089192356	-0.8202980657426706
DVIT2252__vDNAcad1431B05_F12	NA2	24.431099443346277	20.37886034583068
Nimrang__vDNAlon787A12_B07	Vv	-29.593829624721977	-0.3465897184383204
H2515__vDNAhei1325E11_G07	NA1	31.440742879535502	29.870175718287044
2603.0000C__BIvDNAara0052E04_E02	Vv	-13.389958275208167	-1.1313611178902019
6.24.45__EXTvDNAbar0001A02_H04	Vv	-32.39765684604855	-1.017594473490087
A2Y1_C200L__vDNAlon917B04_H12	Vv	-24.975522586754604	-1.2429537979323593
B28_36__vDNAled565B03_D08	Vv	-32.40974494607127	-0.5782620154111432
Chard__vDNAlon787A12_E03	Vv	-28.72571426489543	-1.0213425792437616
175__EXTvDNAels0023A02_C07	Mus	40.413855999839186	-43.81979077708101
DVIT0685.0000C__BIvDNAara1092H08_A02	Vv	-22.607683046443476	-0.7068118941713187
RS_25__EXTvDNAhau1398G06_A06	Vv	-29.882654949301276	-0.31260815059902747
DVIT0688_0000D__BIvDNAara1102A06_H07	Vv	-27.623845842152146	-1.5392159156381715
DVIT0791.0000C__BIvDNAara1092H08_A07	Vv	-23.437440297834133	0.4166334799168828
B53-101__BIvDNAnae0004A04_A08	Vv	-30.225724826949563	-0.16731015020676682
CL46RT__vDNAlon913A12_F06	NA1	22.489217198739826	21.12559048289807
S1630__vDNAhei1332F06_H11	NA2	26.704749095178947	20.28918610587477
E087__vDNAlon1138F06_G11	NA1	39.745509812921036	39.29460626024219
160x271_768__vDNAlon505A09_B03	NA1	38.02390960401911	37.608820134939975
6.24.59__EXTvDNAbar0001A02_H09	Vv	-32.2040264644687	-1.2141048902536289
409__EXTvDNAels0025A04_G12	Mus	41.309286574112555	-44.12312945746969
Syrah__vDNAlon1140F08_E11	Vv	-28.68334141242494	0.6419139757495526
1641.0000B__BIvDNAara0065F05_G11	NA2	23.71698074603546	16.916463873011438
2233.0011A__BIvDNAara0069A03_E11	NA2	26.980006798100554	22.98372741121995
CABERNET__vDNAnae946D09_E09	Vv	-29.52899132216704	0.15506694516079203
Y133-26__BIvDNAnae0004A04_F07	Vv	-31.56889970554541	-0.4589809138797894
156__EXTvDNAels0023A02_H04	Mus	40.82212698628455	-43.713760850081016
160x271_868__vDNAlon506A10_C04	NA1	40.19452768006221	39.32704750801242
A2Y1_CG84__vDNAlon915B02_F12	Vv	-23.773401986200188	-0.8367238285498542
Deutschheim_Mystery2__vDNAlon1201F02_C10	NA1	38.221668292805	36.83602671301606
9.1.39__EXTvDNAbar0003C04_G04	Vv	-29.121799590231156	-0.19993817376737655
ChardonnaySelf1_H11__vDNAfen201A01_H11	Vv	-25.88700138373295	-0.6858081317139827
160x271_892__vDNAlon506A10_C07	NA1	39.09228985674949	38.47267523412088
215__EXTvDNAels0023A02_C12	Mus	41.240516858507085	-44.17266787096944
E183__vDNAlon1139F07_A12	NA1	41.0904585219653	40.61063243298018
17_109_35__vDNAcad1065F05_A02	EA	9.081613666689462	12.279341824729176
8.14.158__EXTvDNAbar0003C04_C09	Vv	-29.99471687280052	-0.5889433443526603
S1703__vDNAhei1332F06_D12	NA2	22.60618544847474	18.603701331423
8.7.119__EXTvDNAbar0002B03_G09	Vv	-32.482636388024034	-0.9582214310468024
E215__vDNAlon1140F08_A04	NA1	39.27762100323868	38.28733494059337
E218__vDNAlon1140F08_C04	NA1	37.38342468582693	37.6032535523933
WV23_20_013__vDNAsap1569C04_E04	Vv	-28.119771261603713	0.25222099138200865
PI_588271__BIvDNAgut0032C08_G04	NA1	40.693740401785774	40.1068373687596
Ark1214_50__EXTvDNAWOR0032A06_D03	Mus	39.986203102344625	-42.47258259476335
Plate3_C1_Crimson_Seedless__EXTvDNAmej0015A06_C01	Vv	-33.31910433337674	-0.9069660855633999
ChardonnaySelf2C10__BIvDNAnae0016B04_C10	Vv	-21.703667446559646	-1.652197780186089
P1__vDNAcad1357E10_F10	Vv	-32.061994599827635	-0.40188147628303783
VCR-24-61__EXTvDNAkha1526H05_B09	Vv	-31.85173172330057	-1.0442361151866055
ND_1_99_30__vDNAhat908A07_C08	NA1	36.440973015924655	35.753114550661664
5.3.62__EXTvDNAbar0012C03_B10	Vv	-31.139930170794063	-0.8831201437535839
5.3.116__EXTvDNAbar0012C03_F09	Vv	-27.960661659264552	-1.4937741744767756
AM143__Muscadine_Plate3_D10	Mus	37.23212507211011	-40.89915381435948
17_109_14__vDNAcad1067F07_G10	EA	7.443621132041748	11.110782758407858
Plate7_B1_Muscat_of_Alexandria__EXTvDNAmej0019A10_B01	Vv	-32.950169297495584	-0.6325707236812603
PI_588330__BIvDNAgut0031C07_G04	NA1	36.82029125562142	35.44400607195295
Trayshed__Muscadine_Plate1_E02	Mus	39.077569068763445	-41.59192682647304
5.3.86__EXTvDNAbar0010E10_G07	Vv	-32.7077082051579	-0.4760605953032716
HAR9__EXTvDNAWOR0047A01_D07	Mus	38.35426710054843	-40.00479466789167
Fennels3way_hybrid__Muscadine_Plate2_H05	Mus	37.213357141648345	-38.824612558674936
Plant.de.Maroc__EXTvDNAbar0006A01_C04	Vv	-29.292229771974803	-0.423188016537307
GS_1_1__EXTvDNAhau1511G05_A01	Vv	-29.027293384143306	-0.00639456681944539
PI_588273__BIvDNAgut0032C08_F05	NA1	39.91105022529909	39.00995026729618
160x271_815__vDNAlon505A09_F09	NA1	35.666500624220454	33.98870893082481
WCM4__EXTvDNAWOR0047A01_A04	Mus	37.048423899570544	-39.334319491503386
S1506__vDNAhei1332F06_D06	NA2	26.042605361222193	19.924374815333632
A10-7__BIvDNAnae0003A03_D09	Vv	-31.238934567363753	-0.22327472418906735
Dulcet__Muscadine_Plate1_F05	Mus	38.60491552436225	-41.50668326376495
DVIT2333_0000B__BIvDNAara1101A05_F07	Vv	-27.892960606362543	-0.3722613569297139
ND_19_001_1_012__vDNAhat1061F01_C08	NA1	38.17544047186813	37.046539651265064
A2Y1_C301L__vDNAlon918B05_A03	Vv	-27.991431311922717	-0.6057476536442667
pc07082020_42__EXTvDNAcou0039A01_D11	Vv	-17.740232526595815	-1.318132065148404
ND_1_99_17__vDNAhat908A07_A06	NA1	37.95244821053989	37.120835000415674
78__EXTvDNAels0022A01_A07	Mus	41.49211627470011	-44.469397503853585
DVIT1092_0000B__BIvDNAara1076G04_D03	Vv	-24.380508543257488	-0.499046629461643
160x271_752__vDNAlon505A09_B01	NA1	36.823396752799916	35.52987438501841
B30-69__BIvDNAnae0001A01_B07	Vv	-32.086361473197755	-0.5941682734755626
0396.0000C__BIvDNAara0048D12_B04	Vv	-16.196874058557768	-1.2702607566636892
334__EXTvDNAels0025A04_C03	Mus	41.15501206634327	-43.91529343522802
2234.0006A__BIvDNAara0069A03_C12	NA2	28.150413773065893	23.990122053742105
2904.0000A__BIvDNAara0052E04_G11	Vv	-13.715646243566427	-1.2729213245564712
Alicante_Bouschet__vDNAfen1153A07_F02	Vv	-30.80220945417639	-0.20509381680938535
CabSauv__vDNAlon1140F08_H11	Vv	-27.719885286218002	0.8448050345635556
NC1__EXTvDNAWOR0047A01_F07	Mus	33.36193133147206	-35.60213145780858
2_73_22__vDNAcad1068F08_F05	NA2	25.03280072017755	21.713203743058475
H4107__vDNAhei1346G08_D01	NA2	28.85000571113754	23.751670069944012
KIL12__EXTvDNAWOR0047A01_F06	Mus	36.523593372685745	-39.14558063824405
160x271_821__vDNAlon505A09_D10	NA1	35.624454579828566	34.41042755174606
160x271_756__vDNAlon505A09_F01	NA1	38.02742385940154	37.314450591908425
DVIT1088_0000A__BIvDNAara1076G04_C03	Vv	-27.94379093283483	-0.45363704882811107
DVIT0699_0000E__BIvDNAara1102A06_A07	Vv	-24.621007161462288	-0.38457070162104595
120__EXTvDNAels0022A01_C12	Mus	42.267374147834104	-45.127949361367065
CL52RT__vDNAlon913A12_D07	NA1	32.14249896501682	30.17870057741303
DVIT0692_0000D__BIvDNAara1102A06_F07	Vv	-23.4069235420913	-1.4283815198384706
588435__vDNAlon095H11_E11	NA1	38.62572130564004	37.30683526203754
DVIT1095_0000A__BIvDNAara1076G04_E03	Vv	-29.45399038568362	-0.35827690157525743
DVIT0679_0000D__BIvDNAara1102A06_D08	Vv	-23.915046590737724	-0.4544660480545494
AM194__Muscadine_Plate3_H08	Mus	39.98766903486333	-43.26471001372128
Chardonnay__vDNAsap1563E03_H03	Vv	-31.508123735388526	-0.667658334372428
1604_8__EXTvDNAWOR0048A02_H12	Mus	37.38481821421893	-40.82941684696213
1955.0000A__BIvDNAara0065F05_G09	NA2	26.021936426314962	22.051552936360704
PI_483145__BIvDNAgut0032C08_E06	NA2	26.443063567659816	21.17947951247854
483145_044__vDNAcad1069F09_A10	NA2	25.855342417909007	20.53816154527859
483178__vDNAlon096H12_G12	NA1	40.02520275048675	38.59916882930371
AM64__Muscadine_Plate3_D09	Mus	38.75636812640272	-42.18316010462155
VIL8__EXTvDNAWOR0047A01_E04	Mus	36.92382626810724	-38.927506451627174
AM192__Muscadine_Plate3_H06	Mus	39.70503978383538	-42.95616765705781
483145_023__vDNAcad1069F09_B07	NA2	21.306301091772756	17.12188390694538
Ark1214_40__EXTvDNAWOR0032A06_B02	Mus	37.426702384594606	-40.846546436169334
S1916__vDNAhei1333F07_E08	NA2	25.30267014940577	20.151547832700366
GP_22__EXTvDNAhau0046A05_D05	Vv	-22.177610320524774	-1.4695369757057781
127__EXTvDNAels0023A02_B01	Mus	41.34686543554807	-44.60851190993708
2010-176__vDNAwor1522F06_A12	Mus	40.29752204148676	-39.78545563428007
PI_594344__BIvDNAgut0034C10_B08	NA1	39.331372582282405	38.14602659244208
9.4.146__EXTvDNAbar0004E09_F08	Vv	-33.21362364253978	-0.8374373739969262
DVIT0337_0000C__BIvDNAara1073G01_D08	Vv	-25.390714731676418	0.015371453027523971
Ark1212_60__EXTvDNAWOR0032A06_E11	Mus	40.72335895475377	-43.298874615463546
8.14.177__EXTvDNAbar0003C04_D08	Vv	-31.02701641380831	-0.8381932477187936
d17s74__vDNAdia1374E11_B10	NA2	27.62206971726044	22.949437561291344
S2217__vDNAhei1346G08_F06	NA2	29.29287880493138	23.628951428993762
114__EXTvDNAels0022A01_E11	Mus	40.76445535705586	-43.554464483168715
E219__vDNAlon1140F08_D04	NA1	38.75877347912924	38.402045065679474
DVIT0686_0000D__BIvDNAara1102A06_B08	Vv	-24.16225365863803	-0.7845560530566215
6.12.122__EXTvDNAbar0001A02_C04	Vv	-31.514603811656173	-0.7187558013336783
PI_588460.b__BIvDNAgut0037D01_A02	NA2	28.411413535717873	24.071632746869618
d14s10__vDNAdia1371E08_B02	NA2	26.445228127016453	21.979908951382324
PI_588214__BIvDNAgut0026C02_H02	NA1	40.50870778184006	38.71197626237619
DVIT0764_0000C__BIvDNAara1100A04_D02	Vv	-20.235417060215646	-1.8882492645095215
160x271_857__vDNAlon506A10_H02	NA1	38.16152672091023	36.730212538449614
S1729__vDNAhei1333F07_F03	NA2	25.664091406985918	21.0196638960859
L1273__vDNAhei1316E02_C10	Vv	-24.859355539896796	-0.3635068938841585
Y132-106__BIvDNAnae0004A04_E07	Vv	-31.87469768183167	-0.22436552553746858
DVIT0338_0000A__BIvDNAara1076G04_D01	Vv	-22.101258319354933	-1.3736121474061
A2Y1_C176L__vDNAlon917B04_H09	Vv	-27.35458268593533	-1.377992814685993
RST_2_2__vDNAlon918B05_G09	NA1	40.07687375193457	38.05148296433115
160x271_865__vDNAlon506A10_H03	NA1	40.731632551824056	39.69666990089697
PI_588449.a__BIvDNAgut0037D01_C06	NA1	39.41804222975143	36.68326938063615
9.12.168__EXTvDNAbar0005H11_F05	Vv	-32.772798263659695	-1.0694841159185864
6.12.197__EXTvDNAbar0001A02_D01	Vv	-32.578532746426696	-1.0688065453765325
588467__vDNAlon095H11_A07	NA2	22.710371654448736	16.211875212205744
57__EXTvDNAels0022A01_E04	Mus	41.96777123636247	-44.489320091641694
vin26__vDNAcad1518F09_A07	Vv	-23.114570893754816	0.535365778669022
2218.0015A__BIvDNAara0067A01_F09	NA2	27.44128554274841	22.67520511585097
L1147__vDNAhei1316E02_F03	Vv	-27.363250012228765	0.42175884771304467
483147_033__vDNAcad1069F09_A04	NA2	25.883761715446607	20.73067823014212
DVIT1121_0000A__BIvDNAara1101A05_H04	Vv	-26.953702860677254	-0.8356717467322551
H2425__vDNAhei1325E11_G04	NA1	33.199119883773214	31.509130753867737
2190.0000A__BIvDNAara0066F06_H07	Mus	40.09216265964982	-43.245927856492976
E159__vDNAlon1139F07_D01	NA1	40.071611175202555	39.45759794433058
588262__vDNAlon095H11_E09	NA1	39.29138232027023	38.410775826838794
WV22_02_020__vDNAsap1256A04_E11	Vv	-27.392921142542	1.013352763220767
711_MA_022__vDNAlon501A05_D10	NA1	39.817689145552016	38.62363854074316
2006.0003A__BIvDNAara0065F05_B08	EA	8.996737558336036	12.289709604890643
1898.0000C__BIvDNAara0070A04_A08	NA2	20.426537027391127	14.916783801170672
NC5__EXTvDNAWOR0047A01_F11	Mus	35.98346101768462	-38.15298597960443
C66-40__BIvDNAnae0002A02_A11	Vv	-31.47364165906428	-0.9186042181161963
HAR8__EXTvDNAWOR0047A01_D06	Mus	33.880286445915424	-35.89350878016311
C54-58__BIvDNAnae0002A02_H06	Vv	-31.76342109399247	-1.078694906874547
160x271_810__vDNAlon505A09_D08	NA1	37.629081473526846	36.57702326152548
588271__vDNAlon505A09_E09	NA1	35.52259659454236	35.192368903168415
134__EXTvDNAels0023A02_A02	Mus	41.72887248708317	-44.75379192972542
1638.0000B__BIvDNAara0066F06_B11	NA2	28.541364232799125	24.47321173912959
CIN31__EXTvDNAsca1439D04_E09	NA2	28.285258384039622	24.260493145814884
L0535__vDNAhei1313D11_A08	Vv	-29.507193747584175	-0.17821140349563244
Y150-94-12__BIvDNAnae0002A02_H08	Vv	-31.865119733980347	-0.4255221226296856
PI_597257__BIvDNAgut0034C10_G08	EA	9.192970855664733	12.45278196692836
9.2.81__EXTvDNAbar0004E09_C05	Vv	-30.874128227599655	-0.6114557686273911
E192__vDNAlon1140F08_B01	NA1	40.70894488264505	40.12391403554903
GP_12__EXTvDNAhau0045A04_E04	Vv	-30.014414529642988	-0.5950963482611595
8.11.144__EXTvDNAbar0003C04_A06	Vv	-30.107531330822255	-0.02044645473937601
DVIT2162_0000A__BIvDNAara1076G04_D07	Vv	-20.2243005150647	-1.9285146994609828
Thompson_seedless__vDNAcad1437B11_E02	Vv	-28.05186085796767	0.278038320905887
9.6.200__EXTvDNAbar0005H11_B07	Vv	-32.80022543096742	-0.7349082322206504
L1077__vDNAhei1315E01_C12	Vv	-29.63892252005573	-0.33739310333168715
ThompsonSeedless_37__Greenhouse-Plate4_D07	Vv	-28.151172478705146	-0.6615523173648052
S3712__vDNAhei1336F10_C12	NA1	37.794502648664285	35.07826328711637
5.3.93__EXTvDNAbar0010E10_B07	Vv	-28.9700779503498	-0.5573589714948277
ND_1_86_98__vDNAhat900H11_C01	NA1	37.57162192639184	36.254511751213094
160x271_842__vDNAlon506A10_A01	NA1	37.02884689299677	36.81491865634575
DVIT2045_0000A__BIvDNAara1076G04_D05	Vv	-21.95592620462456	-1.6459417733781052
588208__vDNAlon096H12_D07	NA2	28.65073150086997	24.26898272324812
ChardonnaySelf2F02__BIvDNAnae0016B04_F02	Vv	-23.88761519634645	-1.7480776158903315
160x271_757__vDNAlon505A09_G01	NA1	39.33490678393011	38.653137665727186
8.7.12__EXTvDNAbar0002B03_F04	Vv	-31.77954585967495	-0.7150726929127477
DVIT0759_0000E__BIvDNAara1100A04_H01	Vv	-22.035770934831596	-1.8328101330236097
Ark1212_27__EXTvDNAWOR0032A06_D07	Mus	42.54728667202644	-42.61580243153508
2010-167__vDNAwor1522F06_H10	Mus	37.9993771947412	-37.70908712715394
DVIT0670_0000D__BIvDNAara1102A06_E09	Vv	-24.36110579089286	-1.394825936323638
153__EXTvDNAels0023A02_E04	Mus	41.04030877273876	-43.902239549914945
ND_1_99_55__vDNAhat908A07_C11	NA1	38.11260467109953	37.13825594834522
9.6.209__EXTvDNAbar0005H11_B10	Vv	-31.316918533624047	-0.5670727267491098
S1720__vDNAhei1333F07_E02	NA2	27.501231732009153	22.07131886040508
5.10.65__EXTvDNAbar0012C03_E11	Vv	-27.520238232040345	-1.2824153409352141
588354__vDNAlon095H11_E08	NA1	39.515092019730496	37.833157066505926
DVIT0632_0000E__BIvDNAara1102A06_C01	Vv	-22.122815033452156	-1.3660718555422675
C57-60__BIvDNAnae0002A02_B08	Vv	-32.346283664872225	-0.7800879774184629
M13__vDNAled782A07_B07	Vv	-32.37653959769695	-0.9477522612564377
Yuga__Muscadine_Plate2_B08	Mus	38.34035076979244	-42.21366601671237
Sum_2__EXTvDNAbab0041A02_A08	Mus	38.51270858085795	-41.342649629219814
1273.0000A__BIvDNAara0068A02_G03	NA2	27.2769968013756	23.19369482791954
2224.0002A__BIvDNAara0067A01_F05	NA2	26.709988755413807	22.6570749004213
WV23_20_006__vDNAsap1563E03_F03	Vv	-28.11673241289731	0.2023452348953628
B02-5__EXTvDNAsca1439D04_D01	NA2	27.135884552460276	22.93419885971046
K0803__vDNAhei1307D05_H11	Vv	-29.77840674739164	0.36411701771645805
Ruby.Cabernet__EXTvDNAbar0007B03_C06	Vv	-32.500115924155516	-0.9591229534583332
160x271_804__vDNAlon505A09_F07	NA1	34.30634593818247	33.16815663539605
E082__vDNAlon1138F06_B11	NA1	35.897717883746054	35.31645553515014
PI_495622__BIvDNAgut0036C12_B12	NA1	39.67696279688048	37.91511311088156
588216__vDNAlon096H12_C08	NA2	28.30958972034398	23.48463619651828
S0308__vDNAhei1330F04_D05	NA2	25.5840898816977	17.019193218545606
DVIT1308_0000C__BIvDNAara1074G02_H06	Vv	-22.298857980288556	-1.9006999903682213
2003B__EXTvDNAsca1443D08_B04	Vv	-27.906163404818326	0.1200075930920957
2010-171__vDNAwor1522F06_D11	Mus	38.25827086368374	-41.38555141905862
9.12.188__EXTvDNAbar0005H11_G10	Vv	-31.47471675626464	-0.41170961795366484
jTV__EXTvDNAZYP0037A03_C03	Vv	-25.295757267927776	0.531494647009293
CabernetSauvignon__vDNAhwa204A04_D04	Vv	-29.32680165453538	-0.012573050855844405
129__EXTvDNAels0023A02_D01	Mus	41.193016561590575	-44.25980159620284
330__EXTvDNAels0025A04_G02	Mus	41.32514097082219	-44.00204709885168
98__EXTvDNAels0022A01_E09	Mus	41.311394567613675	-44.63916456801289
B50-1__BIvDNAnae0001A01_H09	Vv	-32.27116984216825	-1.213787501812259
9.8.140__EXTvDNAbar0005H11_C12	Vv	-31.909411236889287	-0.7622226430191132
Maravilla.de.Malaga__EXTvDNAbar0007B03_C01	Vv	-31.08025936167489	-0.47258580207787676
PW_1__EXTvDNAhau1399G07_A08	Vv	-31.283799353183408	-0.5599118118217025
K_05_67__BIvDNAara1075G03_B01	Vv	-16.641154096370933	-1.394015197543527
S4107__vDNAhei1337F11_F07	NA1	34.0237561362054	32.991431143380275
DVIT0484_0000D__BIvDNAara1075G03_B05	Vv	-20.994950928130635	-1.109616284075235
Pletchistik__EXTvDNAbar0006A01_B02	Vv	-22.122606847585992	-1.6340794456377499
ANA1_2__EXTvDNAWOR0048A02_A11	Mus	34.93385045000997	-36.962440137596744
DVIT0897_0000C__BIvDNAara1099A03_F03	Vv	-21.621478840098423	-1.4698662075899314
9.12.196__EXTvDNAbar0005H11_H04	Vv	-32.2441108203572	-0.6517597724473366
DVIT0812_0000C__BIvDNAara1100A04_D03	Vv	-22.5439097005941	-1.7645085964692029
352__EXTvDNAels0025A04_G05	Mus	40.371107981935694	-44.133354031089304
8.11.140__EXTvDNAbar0003C04_A04	Vv	-30.45689159807404	-0.611476555590037
L1037__vDNAhei1315E01_G09	Vv	-24.83718340070321	-0.7572687573713334
Y132-25-09__BIvDNAnae0001A01_A07	Vv	-32.63203585168928	-0.6578719051248978
AB_002__vDNAfen201A01_E01	Vv	-29.177033646961185	-0.6849970638583777
8.14.161__EXTvDNAbar0003C04_C11	Vv	-30.546938804164522	-0.723511405569712
DVIT0542_0000C__BIvDNAara1075G03_D10	Vv	-20.990942351417335	-1.1635334633442802
K1577__vDNAhei1311D09_C02	Vv	-25.751677049270143	-0.7868436600023655
ND_1_99_31__vDNAhat908A07_D08	NA1	34.46917193488777	34.90237355786693
9.4.84__EXTvDNAbar0004E09_D05	Vv	-33.355032039487725	-0.9754297952783257
DVIT0784_0000C__BIvDNAara1100A04_H06	Vv	-22.52004328832178	-0.8876791011202471
DVIT1080_0000A__BIvDNAara1101A05_E03	Vv	-22.797226689073884	-1.9675294577529896
9.8.146__EXTvDNAbar0005H11_D04	Vv	-32.09155087785016	-0.8372470462620148
PI_588629__BIvDNAgut0034C10_F07	EA	9.61075259681177	12.417218455460105
588629__vDNAlon096H12_B05	EA	9.819162870775772	12.557056354147706
E036__vDNAlon1138F06_B05	NA1	37.418880778542196	36.443625202635985
AM135__Muscadine_Plate3_E10	Mus	39.324584607047846	-43.274320970604116
ChardonnaySelf1_B11__vDNAfen201A01_B11	Vv	-28.36230232711856	-0.366043599582048
DVIT0700_0000C__BIvDNAara1102A06_H06	Vv	-25.201008713766175	-0.49866276526280484
Chardonnay-rei__vDNArei092H08_H09	Vv	-30.270928396667003	-0.7986477055763515
588304__vDNAlon095H11_F08	NA1	38.91431804412588	37.94255883405635
92__EXTvDNAels0022A01_G08	Mus	41.2655464643346	-44.41686525209262
B26_120__vDNAled565B03_H06	Vv	-32.54973665786196	-0.7172287282764325
A2Y1_C53L__vDNAlon917B04_A05	Vv	-28.414701023476646	-1.2884210479365619
588639__vDNAlon096H12_A04	EA	9.625859718165266	12.79807784660626
ANA4_2__EXTvDNAWOR0048A02_B02	Mus	32.161062432813836	-34.43643774437358
H4220__vDNAhei1330F04_G01	Mus	43.57910210792712	-39.75617842832994
B23-100__EXTvDNAsca1439D04_F01	NA2	27.333330640680867	23.035337829131898
8.11.148__EXTvDNAbar0003C04_A09	Vv	-32.637675948227646	-0.8984381874892982
6.12.81__EXTvDNAbar0001A02_B11	Vv	-31.41837237385913	-0.968397588173545
0454.0000J__BIvDNAara0048D12_B08	Vv	-14.024248736628095	-1.5386486541150308
0426.0000C__BIvDNAara0048D12_A06	Vv	-14.271732059905235	-1.5093817372491862
0340.0000C__BIvDNAara0048D12_H09	Vv	-12.359593386024882	-0.9722856099015367
155__EXTvDNAels0023A02_G04	Mus	41.02423422303906	-44.12361175536418
SH12103__vDNAhei1345G07_A02	NA1	34.96903668318414	33.38574739796347
E121__vDNAlon1139F07_A06	NA1	40.94815739636618	40.31910683276889
ND_1_99_22__vDNAhat908A07_F06	NA1	35.117333727409786	34.92001634860364
S0723__vDNAhei1330F04_G11	NA2	28.752030055702846	23.646382447926964
9.1.9__EXTvDNAbar0003C04_F05	Vv	-29.373186933305934	-0.3150994451377871
DVIT0535_0000C__BIvDNAara1075G03_G09	Vv	-18.61030507279422	-1.414616990615564
PI_588441__BIvDNAgut0030C06_A12	NA1	38.5050998078747	36.9508239451789
47__EXTvDNAels0022A01_C03	Mus	41.30978156439468	-44.26755418538936
5.3.5__EXTvDNAbar0009D07_E05	Vv	-33.206516304350274	-1.1900449930022237
S0811__vDNAhei1330F04_E12	Mus	42.67437247373614	-39.76509970726157
PI_588639__BIvDNAgut0034C10_F02	EA	9.612110629538668	12.686554168179562
CL47RT__vDNAlon913A12_G06	NA1	23.751060295647868	22.050445603547946
DVIT0503_0000C__BIvDNAara1075G03_H02	Vv	-22.428860840877867	-1.8455174350050165
TAMIAMI__BIvDNAnae0007A07_B08	Vv	-33.52655777372391	-0.7269295430487612
483182__vDNAlon096H12_D12	NA1	38.97409444947722	37.59258646809651
2010-137__vDNAwor1522F06_B07	Mus	39.62301528507014	-41.33651475154752
9.8.151__EXTvDNAbar0005H11_D06	Vv	-32.74971634192812	-0.6358988690899736
6.14.147__EXTvDNAbar0001A02_F01	Vv	-32.2097935835206	-0.6466515192188433
DVIT3153.0000A__BIvDNAara1097A01_B02	Vv	-28.104392680932275	-0.6537240338437339
S0704__vDNAhei1330F04_D10	Vv	-30.61277159906436	-0.20215665806161198
S4303__vDNAhei1337F11_B11	NA1	36.98936315119928	36.21905321294058
CabernetSauvignon__vDNAhwa804C05_G05	Vv	-21.25418898026409	-0.5268168268352247
6.24.79__EXTvDNAbar0002B03_B01	Vv	-32.33148140453591	-1.1733962742806823
WV23_20_010__vDNAsap1565G03_A04	Vv	-27.657164176554275	0.3078171821052337
PI_588177__BIvDNAgut0026C02_F09	Vv	-28.439249681352983	-0.2277305861874608
9.1.73__EXTvDNAbar0003C04_G11	Vv	-28.805945899214997	-0.04842164647754567
A2Y1_C311L__vDNAlon918B05_C04	Vv	-30.070753219468852	-1.020884884332119
483147_035__vDNAcad1069F09_C04	NA2	16.368953258256678	16.005801025946166
PI_588676__BIvDNAgut0034C10_H03	Vv	-29.05157586978921	0.5867505656427546
588644__vDNAlon096H12_G09	EA	10.160692100602027	12.582775305190118
B31-28__EXTvDNAsca1439D04_A02	NA2	27.33020859925965	23.34872886792226
C70-121__BIvDNAnae0003A03_E02	Vv	-30.923494196725866	0.16016578272926052
49__EXTvDNAels0022A01_E03	Mus	41.465191559595766	-44.27423235662944
PI_588110__BIvDNAgut0039D03_C12	NA1	39.9691878881183	38.1233902771727
Plate2_D1_Crimson_Seedless__EXTvDNAmej0014A05_D01	Vv	-33.44610997284664	-0.8407930509959028
pc07082020_8__EXTvDNAcou0039A01_H02	Vv	-17.783555523935842	-1.2118606845399125
S2903__vDNAhei1346G08_G06	NA1	38.97882554555205	36.59252979215345
S1819__vDNAhei1333F07_F05	NA2	25.817549026694895	20.38707210394548
UMT1__EXTvDNAWOR0047A01_B01	Mus	32.18744081546935	-34.93049808273857
DVIT0844_0000E__BIvDNAara1100A04_C11	Vv	-21.63740419903939	-1.779384179302865
5.3.70__EXTvDNAbar0012C03_H10	Vv	-31.652487357831074	-0.9624688112013756
0444.0000C__BIvDNAara0048D12_B07	Vv	-14.467167034232883	-1.1356429860248753
160x271_754__vDNAlon505A09_D01	NA1	38.024071633249505	37.496479395259264
DVIT0997_0000C__BIvDNAara1099A03_B12	Vv	-22.14592818472487	-1.6859548859118743
ValleyPearl__vDNAled932C07_E12	Vv	-29.550633393145542	-0.7766100228217877
Unkx13_101_59__Screenhouse-Plate1_G05	NA1	34.596365242406186	33.47745411238744
S1605__vDNAhei1332F06_D09	NA2	25.042961961662517	19.114835216043282
160x271_809__vDNAlon505A09_C08	NA1	32.92621850546238	31.92794379920955
588350__vDNAlon095H11_E10	NA1	38.973730265648875	37.814197224457416
2221.0001A__BIvDNAara0067A01_H10	NA2	27.314157023252633	23.48067737505238
P1__EXTvDNAhau0042A01_B01	Vv	-21.604466302589838	-1.8719922192589502
9.8.143__EXTvDNAbar0005H11_D02	Vv	-32.87774749839622	-0.754644013594409
DVIT0740_0000C__BIvDNAara1102A06_E12	Vv	-24.3259387842233	-1.5796002342744397
0569.0000C__BIvDNAara0047D11_F01	Vv	-13.27597075030049	-0.882345746976945
2224.0008A__BIvDNAara0067A01_C06	NA2	28.08220108711899	23.51806964066357
2219.0001A__BIvDNAara0067A01_B10	NA2	26.661986756721017	22.290484206077963
DVIT0324_0000C__BIvDNAara1073G01_D04	Vv	-23.858312593853512	-0.8193719848555043
PI_588459.u__BIvDNAgut0037D01_G07	NA1	39.12308232855988	36.58627928550162
Beauty__EXTvDNAbar0007B03_D01	Vv	-30.14542733748566	-0.25418335792230845
CHARDONNAY__BIvDNAnae0003A03_H12	Vv	-31.554646874772747	-0.6301268080761461
Y151-2__BIvDNAnae0001A01_D03	Vv	-32.47320452762038	-0.719182863179787
391__EXTvDNAels0025A04_E10	Mus	40.95172384412595	-43.549418058218215
V_riparia37__vDNAfen195A03_D03	NA1	39.43271441334082	38.00690084288425
A2Y1_C299L__vDNAlon918B05_G02	Vv	-29.071517813900112	-0.10136907788312526
WCM3__EXTvDNAWOR0047A01_A03	Mus	37.28201525569527	-39.40688619040789
160x271_807__vDNAlon505A09_A08	NA1	33.88123337912006	32.28334250956924
DVIT0642_0000C__BIvDNAara1102A06_C02	Vv	-26.28345490872168	-0.8250344385015732
ANA7_2__EXTvDNAWOR0048A02_B05	Mus	34.69836059336139	-36.44590635833288
9.12.187__EXTvDNAbar0005H11_G09	Vv	-32.053441966633685	-0.9466919974292409
K0269__vDNAhei1304D02_C10	Vv	-23.130134949033298	-1.7608429281882625
9.8.176__EXTvDNAbar0005H11_E07	Vv	-33.20225904525206	-1.1159461157370028
E186__vDNAlon1139F07_D12	NA1	42.28892900291577	41.29764239478395
DVIT0516_0000D__BIvDNAara1075G03_H07	Vv	-23.10361598244505	-1.804428230985322
160x271_790__vDNAlon505A09_H05	NA1	37.33140343590333	36.32850587497487
Ark1212_18__EXTvDNAWOR0032A06_C06	Mus	37.69665197011534	-41.332352336548546
PEL6__EXTvDNAWOR0048A02_C01	Mus	29.917581507973267	-31.963512209865257
DVIT1081_0000C__BIvDNAara1074G02_G06	Vv	-18.85092924361728	-0.3164551057564968
Plate5_B1_Muscat_of_Alexandria__EXTvDNAmej0017A08_B01	Vv	-33.16612874883263	-0.9996620232503608
Plate7_A1_Muscat_of_Alexandria__EXTvDNAmej0019A10_A01	Vv	-33.41733659165939	-0.9450948426175049
DVIT0911_0000C__BIvDNAara1099A03_G01	Vv	-21.93476007722742	-1.5613918142210204
E063__vDNAlon1138F06_A09	NA1	34.845575700131526	34.52987872726032
DVIT2336_0000B__BIvDNAara1101A05_C07	Vv	-26.756425286748506	-0.4558109873357652
B29-125__BIvDNAnae0001A01_D12	Vv	-32.178903264799665	-1.0252474414239776
GP_11__EXTvDNAhau0045A04_C04	Vv	-27.067032440834033	-0.6095191655215879
8.14.193__EXTvDNAbar0003C04_E08	Vv	-31.106871485723566	-0.2115399982190099
ANA6_2__EXTvDNAWOR0048A02_B04	Mus	35.691099689220955	-37.08954239874726
588138__vDNAlon095H11_H01	NA2	25.03702797051273	20.17539480201531
PI_588325__BIvDNAgut0031C07_H02	NA1	38.0427142491664	36.13134117548336
S1229__vDNAhei1331F05_D11	Mus	38.52558995233517	-37.82429015362619
588160__vDNAlon505A09_C09	NA1	38.30171388288132	36.61180517260195
S3730__vDNAhei1337F11_D01	NA1	32.35267885488092	31.30045615716985
Parent_AM_18__EXTvDNAWOR0031A05_B01	Mus	35.44398161156937	-38.862282393934535
DVIT0739_0000C__BIvDNAara1102A06_D12	Vv	-23.250418921809253	-1.033908872728905
B28_16__vDNAled565B03_A09	Vv	-32.74797391982632	-0.60960337190875
C62-2__BIvDNAnae0002A02_A10	Vv	-31.15647281540655	-0.4399569232835892
E188__vDNAlon1139F07_F12	NA1	41.064528857619955	40.88026696842905
320__EXTvDNAels0025A04_E01	Mus	40.96061303602086	-44.355524679425564
A2Y1_C71L__vDNAlon917B04_C07	Vv	-27.86630345224747	-0.3444061247740658
C56_11__vDNAled563B01_F01	Vv	-30.943000127683238	-1.1180864596414863
WCM5__EXTvDNAWOR0047A01_A05	Mus	36.312879536396366	-38.27432693444716
VIL2__EXTvDNAWOR0047A01_D10	Mus	36.028087342897535	-38.101053410217204
S3402__vDNAhei1336F10_B06	NA2	22.845435630480925	20.01851756019712
5.10.93__EXTvDNAbar0009D07_F11	Vv	-29.808068639948978	-0.1532584804264824
DVIT2044_0000E__BIvDNAara1074G02_G09	Vv	-19.42224133510822	-1.535618703852278
CL49RT__vDNAlon913A12_A07	NA1	38.09323789966629	36.579572766594914
Thomas__Muscadine_Plate1_E01	Mus	38.81296956673631	-40.395675653154505
Queen__EXTvDNAbar0006A01_D01	Vv	-32.22915813960053	-0.8644434700807555
SH12195__vDNAhei1346G08_G07	NA1	37.98135338272179	35.597664138036016
DVIT0736_0000C__BIvDNAara1102A06_B12	Vv	-20.720037765260543	-1.5173592131660039
DVIT0779_0000B__BIvDNAara1101A05_E01	Vv	-22.08886076971661	-1.2941237081457815
Plate8_E1_Pinot_Noir__EXTvDNAmej0020A11_E01	Vv	-30.414043298889162	-0.4195461932002904
Unkx13_101_11__Screenhouse-Plate1_B01	NA1	39.46692022022106	37.7917036335647
351__EXTvDNAels0025A04_F05	Mus	39.96020944342303	-43.55596820986828
5.3.16__EXTvDNAbar0009D07_A09	Vv	-33.24994600439999	-0.8853743448478175
588201__vDNAlon095H11_G06	NA2	22.569530985572786	16.166545694422982
S0408__vDNAhei1330F04_E06	NA2	25.875657017692586	16.56710103018959
121__EXTvDNAels0022A01_D12	Mus	42.86241189748104	-46.152880490937605
8.7.94__EXTvDNAbar0002B03_G03	Vv	-32.150675126513704	-1.172467241403412
9.4.143__EXTvDNAbar0004E09_F05	Vv	-33.3524183337488	-1.143917295149807
H4249__vDNAhei1330F04_G02	NA2	25.305794031474232	16.697109748228478
5.3.87__EXTvDNAbar0012C03_A04	Vv	-28.591274842415363	-1.359542680443454
5.10.90__EXTvDNAbar0009D07_A12	Vv	-26.4708184743887	-1.114779900316223
pc07082020_38__EXTvDNAcou0039A01_D10	Vv	-13.039825311499133	-1.034484210485608
SOLmicro__EXTvDNAsca1439D04_G06	NA1	40.41677328315938	38.654586212450624
Sultanina.Monococo__EXTvDNAbar0006A01_C09	Vv	-29.177364159036237	-0.4653535968839247
2218.0018A__BIvDNAara0067A01_A10	NA2	27.289012967003398	22.73430989800708
Ark1212_34__EXTvDNAWOR0032A06_C08	Mus	41.339095661248024	-42.334812265437485
5.3.122__EXTvDNAbar0006A01_H07	Vv	-30.250970502910015	-1.3517565610356492
DVIT1032_0000A__BIvDNAara1101A05_H02	Vv	-25.926645315611204	-1.0801158379768423
S0819__vDNAhei1330F04_H12	NA1	40.24111610911701	37.929594369341444
378__EXTvDNAels0025A04_H08	Mus	41.02983850602316	-44.084539897458775
S1716__vDNAhei1333F07_A02	NA2	23.90022625936149	19.29135221828571
S1117__vDNAhei1331F05_G07	Mus	35.16050273139182	-31.282491757755288
DOVine__BIvDNAnae0003A03_D07	Vv	-30.655514764457248	-0.3942441480914281
8.6.73__EXTvDNAbar0002B03_D07	Vv	-30.41204795535165	-0.1719756421223435
S3210__vDNAhei1336F10_H02	NA2	22.22730406578229	19.81947924245835
160x271_813__vDNAlon505A09_G08	NA1	35.546504760773615	33.983854144999526
9.4.106__EXTvDNAbar0004E09_H11	Vv	-32.34121576586494	-0.706385229345214
AM190__Muscadine_Plate3_H04	Mus	39.25080451288845	-42.530400657472015
E084__vDNAlon1138F06_D11	NA1	35.797934080096184	34.898537573819155
vin10__vDNAcad1516F07_F06	Vv	-24.494880040715408	0.03813178547864911
DVIT0346_0000C__BIvDNAara1073G01_F07	Vv	-20.15526052401405	-0.9548309268303395
DVIT0643_0000C__BIvDNAara1102A06_D02	Vv	-26.156755899543953	-1.332923467002979
588160__vDNAfen551A01_B01	NA1	40.27469131160568	38.26389771018139
410__EXTvDNAels0025A04_H12	Mus	41.39685934062357	-44.271502372948945
2267.0000A__BIvDNAara0065F05_D05	Vv	-29.100417295762306	-0.06809345396788392
8.6.124__EXTvDNAbar0002B03_E09	Vv	-30.935587214997124	-0.586143726687315
2241.0010A__BIvDNAara0066F06_E04	Mus	38.20443877828319	-39.037493915397356
160x271_871__vDNAlon506A10_F04	NA1	38.14286292714411	36.782680427097034
C56_11__vDNArei092H08_G05	Vv	-30.951248707596488	-1.1239852732397517
160x271_761__vDNAlon505A09_C02	NA1	38.81435202444658	38.19830914430786
PEL8__EXTvDNAWOR0048A02_C03	Mus	38.508320551171806	-40.38657755595177
5.3.83__EXTvDNAbar0006A01_G10	Vv	-24.699566327716962	-1.9765994039222539
DVIT0818_0000C__BIvDNAara1100A04_E08	Vv	-23.971986403846664	-0.3698286100265109
PI_588346__BIvDNAgut0031C07_E03	NA1	39.11130153243078	37.47624559551525
2242.0009A__BIvDNAara0066F06_G05	Mus	37.937150044786804	-39.30142460001521
DVIT0333_0000C__BIvDNAara1073G01_G08	Vv	-24.17374701513254	-0.9015008300758908
90__EXTvDNAels0022A01_E08	Mus	41.62427557556384	-44.81144378834831
160x271_903__vDNAlon506A10_F08	NA1	32.9140210635551	31.81319197854657
ND_1_86_119__vDNAhat900H11_G02	NA1	38.211252485866176	36.76578319150133
AM186__Muscadine_Plate3_G12	Mus	38.74664271157157	-42.54343715944543
E195__vDNAlon1140F08_E01	NA1	41.054307510325465	40.6206794719931
S0605__vDNAhei1330F04_G08	NA2	29.232995650579696	23.007866689123475
Unkx13_101_26__Screenhouse-Plate1_A03	NA1	36.89400375149322	35.43163166748245
lab70__vDNAcad1517F08_B02	NA2	20.061161300296945	16.268815873010272
PEL10__EXTvDNAWOR0048A02_C05	Mus	36.18252548470841	-38.857148893357795
17_109_13__vDNAcad1067F07_F10	EA	8.586024270189142	12.113812268067132
331__EXTvDNAels0025A04_H02	Mus	40.733887295623916	-44.12738285431017
8.6.129__EXTvDNAbar0002B03_E11	Vv	-30.662840699232913	-0.2600451675982626
2015-97-0939__vDNAcad949A01_G12	Vv	-28.984199735392053	-0.18321983737562364
BIR2__EXTvDNAWOR0048A02_C08	Mus	37.847330129480305	-40.569046135323404
WV23_20_013__vDNAsap1569C04_F04	Vv	-27.927418452037717	-0.004316265375064478
CL68RT__vDNAlon913A12_D09	NA1	38.49351192210337	37.180124211644475
NC12__EXTvDNAWOR0047A01_G06	Mus	37.454013632493776	-39.39146146136951
PI_588143__BIvDNAgut0033C09_C12	NA2	28.523330753890114	24.10187446880471
Y132-116-09__BIvDNAnae0001A01_H08	Vv	-32.07299551297639	-0.6335698464699859
158__EXTvDNAels0023A02_B05	Mus	42.8638536764549	-46.28510320201653
2192.0000C__BIvDNAara0066F06_A08	Mus	40.76078800242483	-43.58172547815553
160x271_880__vDNAlon506A10_G05	NA1	40.927306185280145	39.890571165908746
DVIT1003_0000A__BIvDNAara1101A05_D02	Vv	-26.210817164714534	-0.8574534455943517
S0606__vDNAhei1330F04_H08	NA2	28.435157138785506	23.681041236302736
S1912__vDNAhei1333F07_C08	NA2	26.03827879709348	21.139996049842416
DVIT0518_0000A__BIvDNAara1076G04_D02	Vv	-23.59004931625677	-1.2379117132727113
YCY2__EXTvDNAWOR0048A02_D08	Mus	34.19697060672859	-36.22851274435494
WV23_20_009__vDNAsap1565G03_G03	Vv	-28.31522698264181	0.19674059259076154
L0971__vDNAhei1315E01_G06	Vv	-29.986692867641477	-0.5296760959433555
DVIT0667_0000D__BIvDNAara1102A06_G09	Vv	-26.057153118725378	-1.2902725864631601
DVIT1978_0000E__BIvDNAara1074G02_A09	Vv	-22.654313367781082	-1.6623793127458888
AM136__Muscadine_Plate3_E11	Mus	39.1461550658808	-42.935829437902406
2237.0004A__BIvDNAara0067A01_F01	NA1	39.13864353611227	37.004607630339486
S4314__vDNAhei1337F11_G11	NA1	35.25621574173367	34.537006143582545
5.3.89__EXTvDNAbar0012C03_E12	Vv	-27.39512134134321	-1.5188149587239104
588271__vDNAlon505A09_D09	NA1	37.27617028615021	36.5626267030375
DVIT0371_0000G__BIvDNAara1074G02_H12	Vv	-20.503540570460252	-1.5020575135275072
Black__EXTvDNAbar0006A01_C12	Vv	-28.107883332513687	0.42278461208812246
5.3.107__EXTvDNAbar0010E10_G06	Vv	-32.587178927794774	-0.9278217383493746
2241.0004A__BIvDNAara0066F06_B04	Mus	37.9316335237258	-38.809533792725325
Crimson__EXTvDNAbar0007B03_C10	Vv	-29.57796758473476	-1.4696339778560594
DVIT0787_0000C__BIvDNAara1100A04_E06	Vv	-22.60619533415126	-1.037365980838298
B37-3__BIvDNAnae0003A03_A10	Vv	-30.41867964927599	-0.14526970782810816
8.14.178__EXTvDNAbar0003C04_D09	Vv	-31.175620704027395	-0.3920862820249489
ND_1_86_131__vDNAhat900H11_E04	NA1	38.027556186664604	36.81024349525779
Parent_Magoon__EXTvDNAWOR0029A03_C01	Mus	36.51381578482293	-39.464074338764554
B28-122__BIvDNAnae0001A01_E11	Vv	-31.59154919599861	-0.5760935719543695
0594.0000C__BIvDNAara0047D11_D04	Vv	-13.025042623447781	-1.7246648098505937
PI_588333__BIvDNAgut0030C06_E08	NA1	38.57301076726165	37.06741975841487
1979.0000C__BIvDNAara0052E04_A07	Vv	-12.515974274498435	-0.4529885898413783
9.1.98__EXTvDNAbar0003C04_H08	Vv	-28.7956730709265	-0.04475629819294093
K0755__vDNAhei1307D05_C10	Vv	-31.108337627808417	-0.9442147688373773
588274__vDNAlon096H12_F10	NA1	40.097981217897996	38.5544872484925
L0511__vDNAhei1313D11_E06	Vv	-30.53750513380185	-0.23990664554849964
S4007__vDNAhei1337F11_G05	NA1	36.01565410773499	33.65008044753152
588160__vDNAfen1147A01_B01	NA1	41.106175794790985	39.45006885729468
WV23_17_095__vDNAsap1576B05_D07	Vv	-25.57603401124186	0.9951763842011001
E201__vDNAlon1140F08_C02	NA1	40.08196412253685	39.72156491214864
July.Muscat__EXTvDNAbar0008C05_D04	Vv	-30.44841383152161	-1.0669040770383997
ND_1_99_33__vDNAhat908A07_F08	NA1	36.52788596968694	36.131047498534734
DVIT2074_0000D__BIvDNAara1076G04_B06	Vv	-23.052888540627166	-0.9113879828958206
CALMERIA__BIvDNAnae0003A03_C04	Vv	-31.680075895417687	-1.0635011794588496
DVIT0486_0000D__BIvDNAara1075G03_A05	Vv	-20.82955278989722	-1.376398103779855
DVIT2682.0000A__BIvDNAara1092H08_E11	Vv	-24.531652141033792	0.005686630529149298
9.6.210__EXTvDNAbar0005H11_B11	Vv	-33.43142945816151	-0.5591930708647859
Sum_1__EXTvDNAbab0040A01_G01	Mus	34.59534593304381	-38.16093943417349
AS_4_2__EXTvDNAhau1397G05_B01	Vv	-29.289022275894016	0.17353628177310276
VIL1__EXTvDNAWOR0048A02_B07	Mus	39.17774704356487	-41.26533340776086
2218.0016A__BIvDNAara0067A01_G09	NA2	27.764248623707292	22.757240684056477
Y151-121-12__BIvDNAnae0002A02_B04	Vv	-31.52862487946672	-1.0304386927518308
1604_3__EXTvDNAWOR0048A02_H07	Mus	35.60382768188719	-39.04566905934258
7.11.41__EXTvDNAbar0002B03_C04	Vv	-33.036115531968534	-0.965481753269485
E124__vDNAlon1139F07_F05	NA1	42.57265875458768	42.11675058293275
333__EXTvDNAels0025A04_B03	Mus	41.02966712130064	-44.281131410274476
B28-16__BIvDNAnae0001A01_H06	Vv	-32.506048766143856	-0.7828397115686762
2006-053__vDNAwor1641A04_G07	Mus	37.63166233510056	-42.351623705015015
DVIT2328_0000A__BIvDNAara1073G01_B01	Vv	-26.881319736478552	-1.0517402130008648
2227.0007A__BIvDNAara0067A01_B03	NA2	28.318445910945268	21.641655224426632
S0702__vDNAhei1330F04_B10	NA2	26.60274627336882	22.072972811149757
Sterling__Muscadine_Plate2_A05	Mus	38.66440624049369	-42.12057421291691
V.rupestrisB39__vDNAlon787A12_B03	NA1	36.40974319924385	34.312952586438584
160x271_774__vDNAlon505A09_H03	NA1	37.67671687070897	36.716948527617085
Magoon_Pat_Conner__Muscadine_Plate1_G12	Mus	37.93362563182012	-40.92981962878909
3309C_4__vDNAfen1153A07_F05	NA1	29.177846510833312	28.26303766806965
588145__vDNAlon095H11_C01	NA2	24.484974568994307	19.733501641003784
C57-43__BIvDNAnae0002A02_A08	Vv	-31.737465696810087	-0.41878635929596963
lab92__vDNAcad1516F07_B05	NA2	24.317157109712266	19.497831100963502
242__EXTvDNAels0024A03_H03	Mus	41.49112330710013	-43.91869791101781
1669.0000D__BIvDNAara0051E03_A08	Vv	-15.13385672460149	-1.9932243843045117
S1007__vDNAhei1331F05_F03	Mus	35.667987742808585	-31.325031198568663
DVIT0915_0000F__BIvDNAara1099A03_D01	Vv	-26.477803496984865	-0.8969962428044707
W0236__vDNAhei1340G02_A12	Vv	-25.3141395004359	1.0930276839830504
5.3.125__EXTvDNAbar0006A01_H04	Vv	-32.37562359446351	-0.8588689302022255
2020_5_77_16138062__vDNAlon509B01_E11	Vv	-29.36033621319322	0.04687891680864864
S1701__vDNAhei1332F06_B12	NA2	28.382871834306343	23.643010519747104
Seyval_Blanc__vDNAhat908A07_D12	NA1	38.832614608549896	37.64181187116164
Sanalba__Muscadine_Plate1_H10	Mus	38.579820753531735	-41.354087660859584
DVIT0861_0000D__BIvDNAara1100A04_C04	Vv	-21.379834174881402	-1.6053077515047833
160x271_937__vDNAfen201A01_E05	NA1	37.17101965592029	35.97480068991658
160x271_916__vDNAlon506A10_H10	NA1	39.721513047455126	38.81205027925492
DVIT0653_0000C__BIvDNAara1102A06_D03	Vv	-25.3045919742731	-1.2871416565544318
106__EXTvDNAels0022A01_E10	Mus	41.09830881796865	-44.20634880330546
0472.0000C__BIvDNAara0047D11_G12	Vv	-14.217731305176073	-1.3354146579728172
DVIT0520_0000C__BIvDNAara1075G03_C08	Vv	-21.701004069026723	-1.3005392077660118
L1321__vDNAhei1316E02_A12	Vv	-30.82853988764162	-0.37949669008585274
DVIT0941_0000D__BIvDNAara1099A03_F09	Vv	-29.02374922689793	-0.785456120513579
B24-2__EXTvDNAsca1439D04_G01	NA2	27.508405412888074	23.333784229534412
2010-110__vDNAwor1522F06_B03	Mus	42.725426994087876	-42.022844185209564
E156__vDNAlon1139F07_G01	NA1	42.25402190886785	41.60237723551812
DVIT2332_0000B__BIvDNAara1101A05_G07	Vv	-22.730553166532044	-1.605471472150268
9.6.100__EXTvDNAbar0004E09_H04	Vv	-33.58905469308762	-0.8701989025366381
ROTCarl__EXTvDNAsca1439D04_G05	Mus	42.646558868136296	-41.01427186404274
DVIT0821_0000C__BIvDNAara1100A04_H08	Vv	-18.91957005750307	-1.2952843159044205
E178__vDNAlon1139F07_D11	NA1	42.63535600205056	41.51574389547626
2253.0006A__BIvDNAara0066F06_A12	NA2	26.61684061447922	22.959734430091512
DVIT0629_0000D__BIvDNAara1101A05_E05	Vv	-26.972722743903322	-0.4354409426594613
Carlos_Pat_Conner__Muscadine_Plate1_E08	Mus	38.869126705233946	-42.37560203164987
PI_597157__BIvDNAgut0028C04_H06	NA1	39.916756326941076	38.466977101745236
DVIT0828_0000C__BIvDNAara1100A04_G09	Vv	-22.840161876114745	-1.575939606671604
711_MA_030__vDNAlon501A05_D11	NA1	39.92782150974812	38.73576811616786
S3807__vDNAhei1337F11_H01	NA1	36.156278079270734	35.53347711922286
160x271_894__vDNAlon506A10_E07	NA1	34.060478706848166	33.16626257994353
Red_Malaga__Muscadine_Plate1_C05	Vv	-30.794963123032968	-0.36158694655441426
PI_588222__BIvDNAgut0030C06_G12	NA2	28.705696746167977	23.957897082817773
144_45_08__vDNAled565B03_C07	Vv	-32.351909619323195	-0.5976930374114012
DVIT0651_0000E__BIvDNAara1102A06_B03	Vv	-21.641732732028785	-1.2097236415806085
Pride__Muscadine_Plate1_H08	Mus	38.91298829369538	-42.6538933470716
H2521__vDNAhei1325E11_B08	NA1	32.350130300085375	28.995184132059023
Y133-190__BIvDNAnae0001A01_B04	Vv	-32.33580849955919	-0.7785930503442507
DVIT2389_0000A__BIvDNAara1073G01_F01	Vv	-22.1536927475303	-1.9591786672702376
2241.0012A__BIvDNAara0066F06_G04	Mus	38.23806849311771	-39.66784224990072
Ark1212_64__EXTvDNAWOR0032A06_A12	Mus	36.29100925059031	-40.09569817081387
2367.0000A__BIvDNAara0069A03_H07	NA2	23.321478125927303	19.70079777808054
Deutschheim_Mystery1__vDNAlon1201F02_D10	NA1	35.13816802394278	33.930640295800046
E049__vDNAlon1138F06_C07	NA1	36.52869860097743	35.60869408393545
588160__vDNAfen1149A03_B03	NA1	40.708198498793976	39.38628847621702
PI_483172__BIvDNAgut0032C08_A06	NA1	40.193094906704516	38.33271761209741
PI_588460.d__BIvDNAgut0037D01_E03	NA2	28.034496379258822	23.9208458940863
9.2.31__EXTvDNAbar0004E09_A05	Vv	-30.652385794235073	-0.1835502378302366
588271__vDNAfen552A02_E02	NA1	40.807064233098444	40.30072454868728
DVIT0641_0000C__BIvDNAara1102A06_B02	Vv	-23.407803390528162	-1.2117472361145607
S3826__vDNAhei1337F11_A03	NA2	22.82622800434043	19.674888745861004
P1__vDNAcad1355E08_F08	Vv	-32.09574993660165	-0.34123812125227476
3309C_2__vDNAfen1153A07_D05	NA1	38.85343362794984	36.99651478138702
wMGj__EXTvDNAZYP0035A01_C12	NA1	39.47582398163468	38.08961436679131
S0604__vDNAhei1330F04_F08	NA2	28.66955221573826	23.602421185901203
588141__vDNAlon096H12_B01	NA1	38.6083725940734	37.192369001751736
DVIT0678_0000D__BIvDNAara1102A06_E08	Vv	-25.583015594963904	-0.9108139740405566
525_125_11__vDNAled565B03_C12	Vv	-32.280828671375815	-1.0287202739922763
DVIT0824_0000C__BIvDNAara1100A04_C09	Vv	-22.328490297230996	-1.3123764013220454
588459__vDNAlon096H12_E02	NA1	38.87429025644245	36.80005503672351
S1714__vDNAhei1333F07_G01	NA2	25.483913380778805	21.27021197617709
0656.0000A__BIvDNAara0040D04_B01	Vv	-14.432539860011932	-0.7072367491550944
Gros.Colman__EXTvDNAbar0007B03_C02	Vv	-25.086947967479528	-1.3186550763190452
e2_103__Muscadine_Plate2_C10	Vv	-32.2272532992064	-1.4620932683930739
PI_588217__BIvDNAgut0031C07_G03	NA2	28.225002302561286	24.355737013253368
PINOT__EXTvDNAsca1439D04_H07	Vv	-30.254031896351584	-0.4583069467275306
244__EXTvDNAels0024A03_B04	Mus	40.77341433285913	-43.32216872043162
S3813__vDNAhei1337F11_C02	NA1	35.30980969377331	33.984801970518284
349__EXTvDNAels0025A04_D05	Mus	40.874000432402184	-43.92225895907356
2020_5_94_16138218__vDNAlon510B02_B03	Vv	-28.17499539419291	-0.22104985468960617
2101.0000A__BIvDNAara0049E01_C08	Vv	-14.36921098414141	-1.784180424168455
DVIT0713_0000E__BIvDNAara1102A06_A05	Vv	-25.28327239543215	0.02578785698879244
341__EXTvDNAels0025A04_D04	Mus	40.49350999208828	-43.04089676935018
Unkx13_101_31__Screenhouse-Plate1_G03	NA1	33.917261910509815	32.163693669196995
DVIT2910.B__BIvDNAara1089H05_F12	Vv	-26.071970511334378	-0.6342836986092661
7.10.5__EXTvDNAbar0002B03_H11	Vv	-32.81550310943344	-0.9796185985565989
GVIT_1732__BIvDNAgut0033C09_G03	NA1	38.00381958773428	37.213683593542484
2010-166__vDNAwor1522F06_G10	Mus	39.683481326889236	-41.86556932501046
K1157__vDNAhei1309D07_E05	Vv	-27.969498145742097	-0.3666186200155776
DVIT0631_0000C__BIvDNAara1102A06_B01	Vv	-21.82581069909121	-0.7626497534840125
0583.0000C__BIvDNAara0051E03_B05	Vv	-13.406433652496197	-1.2461626003012352
CABERNET__vDNAnae945D08_E08	Vv	-28.907844453576796	0.15647999128260592
DVIT0730_0000C__BIvDNAara1102A06_E11	Vv	-25.503333579856925	-1.2089357035492752
2111.0000A__BIvDNAara0049E01_H08	Vv	-13.484409893546669	-1.82408635907879
DVIT0430_0000D__BIvDNAara1073G01_H11	Vv	-26.508306744742278	-1.0176601954422202
TEX10_2__EXTvDNAWOR0048A02_A10	Mus	33.10615125772599	-35.28382500159334
C33-30__BIvDNAnae0002A02_E01	Vv	-31.614301353228797	-0.5393236603337322
ND_1_99_15__vDNAhat908A07_G05	NA1	36.48751584525669	35.588029373963884
H3029__vDNAhei1327F01_B02	NA1	35.552288093929036	33.705631749044315
9.12.185__EXTvDNAbar0005H11_G07	Vv	-31.387030090299042	-0.6333488078269798
588165__vDNAlon095H11_A01	NA2	25.260765341421408	20.343867483736265
VRW_003__vDNAfen201A01_D04	NA1	31.536562233974603	30.043733258204938
5.9.106__EXTvDNAbar0008C05_E03	Vv	-28.603969605872233	-1.5168572244374177
RS_44__EXTvDNAhau1398G06_A09	Vv	-29.27599683364909	-0.21184655864533736
ChardonnaySelf1_B12__vDNAfen201A01_B12	Vv	-27.731037445780327	-0.798078603009887
ChardonnaySelf2F12__BIvDNAnae0016B04_F12	Vv	-21.632487289604637	-1.452188804721512
BLACKCORINTH__BIvDNAnae0003A03_H03	Vv	-30.076509936415583	-0.17521467316156514
9.4.153__EXTvDNAbar0004E09_F10	Vv	-33.114510261926306	-0.7161151941501105
SH11001__vDNAhei1346G08_B08	Vv	-29.0775585866143	-0.559291312726897
6.12.186__EXTvDNAbar0001A02_C11	Vv	-31.586234054424917	-0.5618932410785786
DVIT2433.B__BIvDNAara1088H04_H09	Vv	-30.27397189358337	-0.2587273260613761
WV22_02_014__vDNAsap1256A04_G10	Vv	-27.615415793285322	0.9956893098000297
6.24.32__EXTvDNAbar0001A02_G12	Vv	-32.74475382907264	-1.1650547953416057
VCR-24-89__EXTvDNAkha1526H05_F12	Vv	-27.930365206300394	0.409557286343397
DVIT0498_0000G__BIvDNAara1075G03_C03	Vv	-19.848485165546233	-1.9259565372200762
9.12.170__EXTvDNAbar0005H11_F07	Vv	-32.87742569808166	-0.9672386399242141
Y213.004__BIvDNAnae0015B03_D01	NA1	31.40423489585445	30.026454144291503
0094.0000C__BIvDNAara0070A04_E10	NA2	24.16244470586315	16.488683221231557
NC9__EXTvDNAWOR0047A01_G03	Mus	37.42438927073548	-39.867583104346004
ChardonnaySelf1_E11__vDNAfen201A01_E11	Vv	-27.725069058791053	-0.5654276932852983
DVIT2248_11__Muscadine_Plate1_F09	Mus	37.97157556242372	-39.89183324659269
BLE8__EXTvDNAWOR0047A01_C08	Mus	36.7339771207525	-38.7465260233927
DVIT0935_0000A__BIvDNAara1101A05_C02	Vv	-21.162442903054515	-1.288240176161297
S0816__vDNAhei1330F04_G12	NA1	40.55110686012684	39.11930619967473
K0719__vDNAhei1307D05_B08	Vv	-27.82097058064322	-0.20327998002525208
383__EXTvDNAels0025A04_E09	Mus	40.25129421662087	-43.07263242908849
Y535-1-10__BIvDNAnae0002A02_E06	Vv	-32.45556299529841	-0.616403914029002
DVIT0350_0000C__BIvDNAara1073G01_D07	Vv	-19.891809959448473	-0.9473151820638788
588276__vDNAlon096H12_H10	NA1	39.85900840398093	38.56689260139624
PI_588354__BIvDNAgut0031C07_C02	NA1	40.54258482748636	38.716698324108805
Chirai.Obak__EXTvDNAbar0006A01_B01	Vv	-21.180495338683908	-1.622798535364854
6.24.44__EXTvDNAbar0001A02_H03	Vv	-31.18886247836344	-0.599017604776686
PI_588329__BIvDNAgut0034C10_B01	NA2	28.35660766409288	24.468818486347015
PI_588225__BIvDNAgut0030C06_B11	NA1	39.63672006163512	37.845979660556424
DVIT0755_0000C__BIvDNAara1100A04_E01	Vv	-22.668710791888728	-1.8779897825535259
CRIOLLAMESA__BIvDNAnae0003A03_D12	Vv	-31.854224268682877	-0.6895970081238848
DVIT0715_0000C__BIvDNAara1102A06_G04	Vv	-22.316737728671928	-1.2218262405475608
PI_588583__BIvDNAgut0034C10_F11	NA2	25.75152009890212	20.61438569525935
DVIT2163_0000A__BIvDNAara1076G04_C07	Vv	-30.295001452680037	-0.9170638467659338
DVIT2169_0000A__BIvDNAara1076G04_F06	Vv	-26.464974520464473	-1.0357640087345708
L0355__vDNAhei1312D10_B11	Vv	-20.606080954496253	-0.40597743530721736
3309C__vDNAfen552A02_A08	NA1	40.876660918160475	38.88903031954118
58__EXTvDNAels0022A01_F04	Mus	41.48159897801426	-44.41164972222096
SAP_05__vDNAfen1172C01_D12	Vv	-26.705142463142284	-0.20496401271258893
DVIT0965.0000E__BIvDNAara1090H06_A12	Vv	-31.120591406834684	-0.5550530311358446
160x271_889__vDNAlon506A10_H06	NA1	34.520658172443966	32.50337182849869
P1__vDNAcad1357E10_G10	Vv	-31.95575497365458	-0.2677825797132908
204__EXTvDNAels0023A02_H10	Mus	41.295768000022946	-44.346689291492076
PI_588355__BIvDNAgut0032C08_H04	NA1	39.223777389950946	37.55195994513949
DVIT0449_0000C__BIvDNAara1073G01_C02	Vv	-24.616037098858314	-0.9952114552997229
9.8.142__EXTvDNAbar0005H11_D01	Vv	-32.07012055393738	-0.6378428309522367
2216.0004A__BIvDNAara0068A02_G12	NA2	28.58688456463287	24.01418462448165
Ga18_5__Muscadine_Plate3_D03	Mus	37.61571325475293	-42.57569934887295
A2Y1_C48L__vDNAlon917B04_C04	Vv	-29.338650636365067	-0.12853940383239007
160x271_789__vDNAlon505A09_G05	NA1	40.55357623484416	38.98307292474523
C_84_41__vDNArei307A11_A06	Vv	-31.149817802244737	-1.1032590825640085
PI_588147__BIvDNAgut0026C02_C04	NA1	37.25656653798418	34.82070595427624
8.14.189__EXTvDNAbar0003C04_E05	Vv	-30.799405759591657	-0.4973340631152225
2010-170__vDNAwor1522F06_C11	Mus	38.46608735214125	-40.72912156328058
8.7.56__EXTvDNAbar0002B03_F09	Vv	-32.166273565626994	-0.9111659967938466
221__EXTvDNAels0024A03_A01	Mus	42.29854335982608	-44.454301234269835
DVIT0317_0000C__BIvDNAara1073G01_H03	Vv	-23.659808833134118	-0.8788342144080614
PI_588460__BIvDNAgut0032C08_F08	NA2	28.086800589924316	23.791560677371553
E100__vDNAlon1139F07_B09	NA1	40.37085978398632	39.79613155791737
E158__vDNAlon1139F07_E01	NA1	40.95522843080602	40.2567477438734
C56-11__vDNAlon787A12_D01	Vv	-31.196637765008443	-1.0883931381933725
Magdalena__EXTvDNAbar0008C05_F04	Vv	-28.553535672958883	-0.07653284232939792
DVIT0954_0000C__BIvDNAara1099A03_B11	Vv	-25.265499469946093	-1.069103956213631
0399.0000C__BIvDNAara0048D12_E04	Vv	-12.739139853909435	-1.332666644345954
PI_588197__BIvDNAgut0031C07_F05	NA2	26.50350619347402	22.399284599711656
DVIT1119_0000A__BIvDNAara1101A05_G04	Vv	-26.071482679260633	-1.1080288935708023
A56-89__BIvDNAnae0001A01_D04	Vv	-31.505117314871868	-0.24194829816895505
1916.0000C__BIvDNAara0070A04_H06	NA2	25.55004158757925	21.054921035325012
WV23_20_002__vDNAsap1562D03_A06	Vv	-28.04717428536138	0.49573825688142864
395__EXTvDNAels0025A04_A11	Mus	41.20259354396419	-44.75143893789289
AM189__Muscadine_Plate3_H03	Mus	39.07952618204375	-42.65976720618652
1283.0000D__BIvDNAara0070A04_G10	NA2	20.91416769551112	14.241539350659778
Y144-107__BIvDNAnae0002A02_D08	Vv	-31.457436128764627	-0.7511518310171003
2010-144__vDNAwor1522F06_A08	Mus	39.590680946197025	-40.22230141343368
160x271_775__vDNAlon505A09_A04	NA1	40.30724935244122	39.50151273789345
220__EXTvDNAels0023A02_H12	Mus	41.761599260968325	-44.34637197183225
PI_483146__BIvDNAgut0032C08_C06	NA2	25.593110596230233	20.540322219448303
588637__vDNAcad441D05_C05	EA	9.466637861340763	12.24476728391996
DVIT2689.0000A__BIvDNAara1092H08_A12	Vv	-26.087960915140034	-0.613416566074357
V_riparia37__vDNAfen137D05_G05	NA1	39.72718686507047	38.551499536909205
Ark1214_48__EXTvDNAWOR0032A06_B03	Mus	36.82510465771267	-40.84788019841692
Grenache_UCD__Muscadine_Plate3_F11	Vv	-29.51634082072718	-0.06599761580517743
588406__vDNAlon095H11_H09	NA1	39.10772845844015	37.93471199789862
S1427__vDNAhei1332F06_C05	NA1	36.264119379665075	34.67383670734089
Ark1212_31__EXTvDNAWOR0032A06_H07	Mus	36.40035232249535	-40.00623448601831
2244.0001A__BIvDNAara0066F06_A06	Mus	38.68758524035697	-40.147491342435515
7.11.22__EXTvDNAbar0002B03_C01	Vv	-33.15281776809654	-0.6816944896851508
S1511__vDNAhei1332F06_C07	NA2	27.609791498586763	21.573257943213324
ChardonnaySelf1_D11__vDNAfen201A01_D11	Vv	-27.093079525505413	-0.10807017630054731
9.4.112__EXTvDNAbar0004E09_E11	Vv	-32.768370935586255	-0.8417191441179912
55__EXTvDNAels0022A01_C04	Mus	41.50786775689167	-44.7511758426911
B77-75__EXTvDNAsca1439D04_A03	NA2	27.899946857310567	23.730985855155268
Y535-50__BIvDNAnae0004A04_F03	Vv	-32.14498741308135	-0.3008451456647885
DVIT0420_0000C__BIvDNAara1074G02_G10	Vv	-22.68703835389087	-1.2207272701957068
145__EXTvDNAels0023A02_E03	Mus	40.956785571200285	-44.07523331982601
0429.0000C__BIvDNAara0048D12_C06	Vv	-12.965119815084524	-1.342470265382461
403__EXTvDNAels0025A04_A12	Mus	41.054595627471826	-44.432733704246374
ScarletRoyal__vDNAlon787A12_B01	Vv	-31.66212398277392	-0.6538939202508542
483147_023__vDNAcad1069F09_G02	NA2	23.406393184187834	19.055516987930595
Y125-39__BIvDNAnae0001A01_C02	Vv	-30.932589692964825	-0.5164659963816507
8.14.157__EXTvDNAbar0003C04_C08	Vv	-30.54893195281736	-0.29888653578452695
9.8.172__EXTvDNAbar0005H11_E05	Vv	-31.994483072162094	-0.6664158628477522
2010-158__vDNAwor1522F06_G09	Mus	37.21064285916824	-39.960299760084226
2015-97-1013__vDNAcad949A01_H12	Vv	-29.420579713009506	-0.2760391886731256
6.14.191__EXTvDNAbar0001A02_F12	Vv	-31.591069035169944	-0.48654486433231886
Alicante_Bouschet__vDNAfen1153A07_G02	Vv	-30.92042320782615	-0.3448992537323962
211__EXTvDNAels0023A02_G11	Mus	41.345904668285336	-44.5394179543735
DVIT0741.0000C__BIvDNAara1092H08_C03	Vv	-25.04767533915563	0.03384939725907569
1850.0000B__BIvDNAara0067A01_G12	NA1	40.54532669751404	38.9952130046876
1817.0000B__BIvDNAara0070A04_B05	NA2	23.23558473849048	16.02570324806543
Plate9_B1_Muscat_of_Alexandria__EXTvDNAmej0021A12_B01	Vv	-33.8646999843208	-1.0551804228727382
S1712__vDNAhei1333F07_E01	NA2	23.3563467785798	18.71614617682923
6.12.222__EXTvDNAbar0001A02_D02	Vv	-31.730116650340253	-1.1137477352879226
DVIT0949_0000C__BIvDNAara1099A03_F10	Vv	-20.882350636967416	-1.5004860952035293
1961.0000C__BIvDNAara0065F05_B10	NA2	26.682028430624687	21.70419895776974
Plate6_D1_Crimson_Seedless__EXTvDNAmej0018A09_D01	Vv	-32.523316383149684	-0.6947582662264596
E233__vDNAlon1140F08_G05	NA1	38.78235523488556	38.20166849393337
ChardonnaySelf2H10__BIvDNAnae0016B04_H10	Vv	-23.666642973309152	-1.415332737225655
588637__vDNAlon787A12_C08	EA	10.005837290838281	13.073838089411208
Unkx13_101_18__Screenhouse-Plate1_A02	NA1	35.60162512078758	33.80569131454953
9.2.59__EXTvDNAbar0004E09_B09	Vv	-31.388865984879562	-0.6663058611826814
160x271_932__vDNAlon506A10_H12	NA1	35.3468350040583	34.55445537688338
V_riparia37__vDNAfen135D03_G03	NA1	39.949212996133326	38.655755451818116
K0851__vDNAhei1308D06_H02	Vv	-27.25247146750699	-0.8021360143460697
Loomis__Muscadine_Plate1_G10	Mus	38.552924864406485	-41.18691601621201
DVIT2329_0000B__BIvDNAara1101A05_A08	Vv	-26.459695312593166	-0.4649630531627816
160x271_791__vDNAlon505A09_A06	NA1	35.221672955574114	34.731471834306596
JB99_1_4_15__Muscadine_Plate1_G06	Mus	38.363855788153856	-41.98822596301668
C51-63__BIvDNAnae0002A02_B06	Vv	-32.83147615321734	-0.5140789555751548
WV23_17_091__vDNAsap1576B05_H06	Vv	-25.411433638536582	0.804674352432859
PI_588447.d__BIvDNAgut0037D01_B03	NA2	27.75244168783809	23.251265659541662
346__EXTvDNAels0025A04_A05	Mus	40.70480405573215	-44.11949819915968
1920.0000A__BIvDNAara0065F05_A12	NA2	26.68215752094862	22.109680621556496
DVIT2070_0000A__BIvDNAara1076G04_G05	Vv	-28.245704797130333	-0.8793494586790547
2224.0001A__BIvDNAara0067A01_E05	NA2	25.86652300930751	21.950860030470448
Y127-191__BIvDNAnae0004A04_C02	Vv	-31.865205090241655	-0.5572117273218615
A2Y1_C201L__vDNAlon918B05_A01	Vv	-29.15062847293211	-0.016777452194383383
PI_588165__BIvDNAgut0026C02_H09	NA2	26.233772802055114	21.031955234169093
lab43__vDNAcad1517F08_E05	NA2	26.17765601017924	21.458738914001213
E108__vDNAlon1139F07_E07	NA1	41.08549094349897	40.30937550591929
Scolokertek_Kiralynoje__Muscadine_Plate3_D04	Vv	-32.0270193964427	-1.0511844469910705
0336.0000C__BIvDNAara0048D12_E09	Vv	-12.713537323517471	-0.9977438149863617
DVIT1126_0000B__BIvDNAara1076G04_C04	Vv	-25.50947478010527	-0.5577005178645595
160x271_864__vDNAlon506A10_G03	NA1	38.53827619699618	38.14913653392643
PI_588455__BIvDNAgut0032C08_G05	NA1	40.25920930391857	38.800752366904824
339__EXTvDNAels0025A04_H03	Mus	41.081628771685935	-43.83536314467787
0386.0000C__BIvDNAara0049E01_D01	Vv	-16.977825706425307	-1.2307060408482364
DVIT1084_0000A__BIvDNAara1076G04_A03	Vv	-25.40397202613115	-1.434829609892748
DVIT0598_0000C__BIvDNAara1075G03_B04	Vv	-21.887109245952068	-1.2571588377060436
Rem_NE25__Muscadine_Plate1_C09	NA2	25.5886126717996	20.861186383586123
19-19_02__vDNAcad1068F08_F02	NA2	26.252600695788068	22.422072398306867
DVIT2657.A__BIvDNAara1089H05_E04	Vv	-24.98680233230097	-0.4912664237032021
S1702__vDNAhei1332F06_C12	NA2	26.220412790560367	19.953478212918366
e1_117__Muscadine_Plate2_C07	Vv	-31.12307485414208	-0.4131354184892603
E085__vDNAlon1138F06_E11	NA1	36.83666470724856	36.51427319793677
DVIT0388_0000C__BIvDNAara1073G01_A05	Vv	-21.168096297614813	-1.3717771402400094
6.13.142__EXTvDNAbar0001A02_D06	Vv	-32.91698904613343	-0.9222690441162004
A31-29__BIvDNAnae0001A01_G01	Vv	-31.48669646443582	-0.39955049905458556
2_47_20__vDNAcad1068F08_A10	NA2	26.921098282978313	22.85476553486531
Tarheel__Muscadine_Plate2_A09	Mus	39.24965346068289	-42.793428720046556
160x271_755__vDNAlon505A09_E01	NA1	36.94316168605251	34.97622155389913
A40-29__BIvDNAnae0001A01_F02	Vv	-31.97436898141101	-0.7789309440855616
VRMNW__vDNAfen1147A01_H12	NA1	39.382510114695926	38.31230142975376
5.10.103__EXTvDNAbar0012C03_B05	Vv	-32.45243693828392	-0.4883626393108526
Y535-82__BIvDNAnae0002A02_B05	Vv	-32.03403437918562	-0.8463716891140767
9.2.26__EXTvDNAbar0004E09_A02	Vv	-31.041818305010384	-0.694040475299303
160x271_766__vDNAlon505A09_H02	NA1	39.8053346219697	39.00430870124422
1701_51__EXTvDNAWOR0048A02_F08	Mus	38.97313132474397	-41.38794069113242
Parent_AM_38__EXTvDNAWOR0032A06_C01	Mus	41.581300213078514	-43.45365934887666
9.8.168__EXTvDNAbar0005H11_E04	Vv	-33.13752235860157	-0.6213853252492539
V_riparia37__vDNAfen138D06_G06	NA1	39.92840111326607	38.59271574434009
296__EXTvDNAels0024A03_E10	Mus	41.75744885653262	-44.82349244548694
ParentAM_18__EXTvDNAWOR0032A06_A01	Mus	37.322011233312	-40.91205299030743
325__EXTvDNAels0025A04_B02	Mus	40.57904869199356	-44.24602508780608
2216.0011A__BIvDNAara0068A02_H02	NA2	28.71390218154901	24.280488586537903
588273__vDNAlon096H12_C11	NA1	39.74738856503584	38.4649254672452
279897__vDNAlon095H11_B08	NA1	38.873304301047476	38.07249757468378
Pinot__vDNAlon1140F08_D10	Vv	-29.621399313328496	-0.2883026260177546
ChardonnaySelf2E10__BIvDNAnae0016B04_E10	Vv	-23.60885402227443	-0.9805974426717674
DVIT0847_0000C__BIvDNAara1100A04_E11	Vv	-20.31061700924421	-0.8883772935516749
9.6.181__EXTvDNAbar0005H11_A12	Vv	-32.410142491399625	-0.6483031242854058
181__EXTvDNAels0023A02_A08	Mus	41.11630534397807	-44.25450958662367
Y143-7-08__BIvDNAnae0001A01_E08	Vv	-32.08231476613378	-0.6773756194018713
NC67A027_68__Muscadine_Plate3_C06	Mus	32.45143932851145	-38.11088480846015
C88-36__BIvDNAnae0005A05_C01	Vv	-30.039706597494977	-0.1434534133142831
588210__vDNAlon096H12_F05	NA2	27.845104272219363	23.335999918569936
9.8.183__EXTvDNAbar0005H11_E11	Vv	-33.36674099879154	-0.9521039462889379
ND_1_99_49__vDNAhat908A07_D10	NA1	37.637423414839965	36.09964169117412
Chardonnay__vDNAsap1570D04_D04	Vv	-29.731678997952365	-0.3701211743892364
Y129-44__BIvDNAnae0004A04_E10	Vv	-31.682375071925076	-0.863233606103297
9.6.53__EXTvDNAbar0004E09_G10	Vv	-32.379172597801144	-1.0344731780360144
PI_588180__BIvDNAgut0036C12_D02	NA1	40.71339292389962	39.33104511221744
2006-177__vDNAwor1640H03_B10	Mus	37.867972659768505	-41.27140455626873
Mehdik__EXTvDNAbar0006A01_C08	Vv	-26.556455073078897	-0.9007238298957208
588160__vDNAlon501A05_B05	NA1	31.923819759019846	30.185478236363284
ND_1_99_53__vDNAhat908A07_A11	NA1	37.51383354966774	37.45956599658637
S2208__vDNAhei1334F08_G03	NA2	25.369881334789095	18.79967835798283
5.3.13__EXTvDNAbar0009D07_E04	Vv	-31.922059442891506	-0.6041556667489637
S3226__vDNAhei1336F10_G03	NA2	21.408935359463296	18.828668945009895
2006-132__vDNAwor1640H03_D05	Mus	38.52561591027048	-42.46203973644189
AM176__Muscadine_Plate3_G03	Mus	38.95117527698492	-42.14641032573636
160x271_877__vDNAlon506A10_D05	NA1	36.943106688767685	35.87346745054424
Alicante_Bouschet__vDNAfen552A02_F06	Vv	-30.931617306046935	-0.2765686224086147
Unkx13_101_61__Screenhouse-Plate1_B06	NA1	35.930330190101124	34.55154059931389
483145_012__vDNAcad1069F09_H05	NA2	25.99856101270609	20.591387601737793
C86-259__BIvDNAnae0005A05_A01	Vv	-29.186290361232093	0.15433059847074787
Rem33_75__Muscadine_Plate1_C07	NA2	25.825113570668336	19.129543966713598
Unkx13_101_8_Robert__Greenhouse-Plate4_G07	NA1	36.42870865695349	35.654209393184274
6.24.78__EXTvDNAbar0002B03_A12	Vv	-32.186731998626755	-0.7320061362300136
588372__vDNAlon096H12_D08	NA2	28.53202956909029	24.469880957066202
Plate3_E1_Pinot_Noir__EXTvDNAmej0015A06_E01	Vv	-29.583599155144714	-0.6054655527865404
pc07082020_20__EXTvDNAcou0039A01_H05	Vv	-17.261984945757277	-2.410479514936456
PI_588384__BIvDNAgut0035C11_B09	NA1	38.701602140074854	36.4176959666965
5.2.17__EXTvDNAbar0009D07_C06	Vv	-30.754868928345182	-0.3743977586637896
69__EXTvDNAels0022A01_A06	Mus	41.27165172580518	-44.402047474919065
B32-94__BIvDNAnae0001A01_G07	Vv	-30.675333840771536	-0.5844424432196575
588678__vDNAlon096H12_G08	NA2	28.3439044486328	23.93417304296016
E002__vDNAlon1138F06_B01	NA1	40.045303737006	38.96059613275296
A43-89__BIvDNAnae0001A01_G03	Vv	-32.15387951578259	-0.8806359872187834
PI_588217__BIvDNAgut0039D03_E06	NA2	27.130442621785473	23.10677065791434
L1301__vDNAhei1316E02_G10	Vv	-27.29627459934354	-0.3997163755365662
L0345__vDNAhei1312D10_C10	Vv	-21.95733654255532	-0.32997203194210944
160x271_785__vDNAlon505A09_C05	NA1	33.52784574101813	32.89770127089583
DVIT0712_0000E__BIvDNAara1102A06_B05	Vv	-24.192432134220667	-0.2119688054205344
588562__vDNAlon095H11_B12	NA1	39.36115538729553	38.09110227565784
d16s90__vDNAdia1373E10_E12	Mus	43.2793781940789	-42.281215528901676
DVIT0919_0000C__BIvDNAara1099A03_B07	Vv	-19.734796788322043	-1.4101963040025027
DVIT0389_0000D__BIvDNAara1073G01_H04	Vv	-25.84827844783686	-1.6114070142090295
9.8.187__EXTvDNAbar0005H11_F01	Vv	-32.806491913546765	-0.27015885095548436
WV23_17_109__vDNAsap1576B05_B09	Vv	-25.668944946708493	0.7968096840583638
V_PU_B__EXTvDNAsvy1639B09_F11	Vv	-29.928237958639894	-0.20368424459362686
0716.0000D__BIvDNAara0045D09_F04	Vv	-14.045598600327864	-0.7728541458802779
DVIT0411_0000E__BIvDNAara1074G02_D11	Vv	-21.53221179548293	-1.7037780434696792
DVIT0532_0000F__BIvDNAara1075G03_D09	Vv	-19.580761607009926	-0.6524051280030372
WV23_20_008__vDNAsap1565G03_G11	Vv	-28.192602535102885	0.272340163128823
B30_69__vDNAled565B03_C09	Vv	-32.31169338915977	-0.9674427269545404
Merlot__vDNAlon1140F08_H10	Vv	-28.565152481789017	0.6534294918154203
160x271_836__vDNAlon505A09_C12	NA1	36.447432577080264	35.68143788821206
PI_588276__BIvDNAgut0032C08_A05	NA1	39.82612629762866	38.4677174733214
PI_588385__BIvDNAgut0035C11_A12	EA	9.524795947159935	12.288916805767151
147__EXTvDNAels0023A02_G03	Mus	40.99017653663034	-43.554479284107074
17_109_12__vDNAcad1067F07_E10	EA	7.77273952523594	11.445107087618126
9.12.194__EXTvDNAbar0005H11_H02	Vv	-31.629087713060006	-0.672475524502753
0450.0000C__BIvDNAara0048D12_G07	Vv	-15.8560757877224	-1.112453211713508
Unkx13_101_9_Robert__Greenhouse-Plate4_H07	NA1	35.437098749909644	33.95561693141904
B32_94__vDNAled565B03_G09	Vv	-30.774371242288062	-0.5167143533115225
H2049__vDNAhei1324E10_A04	NA2	25.947203741033622	17.949521753530068
8.11.155__EXTvDNAbar0003C04_B01	Vv	-30.788698991580826	-0.6631358851006135
S3327__vDNAhei1336F10_G05	NA2	26.132073082089754	21.636909783789626
D2462__EXTvDNAsca1443D08_C10	Vv	-29.479179480418335	0.022655365183557718
G12__vDNAcad1356E09_F09	Vv	-32.174776600060376	-0.4563155224392518
DVIT0991_0000C__BIvDNAara1099A03_H12	Vv	-13.696103968788954	-1.194792280495691
DVIT2084_0000B__BIvDNAara1076G04_F10	Vv	-19.79497463020979	-1.4243693024877975
1906.0000B__BIvDNAara0067A01_C12	NA2	25.71430001741893	21.806807051611827
S0401__vDNAhei1330F04_A06	NA2	25.12116371840993	15.904267909267869
B81-9__EXTvDNAsca1443D08_A06	NA2	27.657356830866433	23.355947884487858
DVIT0628_0000C__BIvDNAara1101A05_C05	Vv	-27.156612806532106	-0.8108900382597916
9.4.92__EXTvDNAbar0004E09_D11	Vv	-33.09689496164395	-1.0520735404763433
C58-37__BIvDNAnae0002A02_A09	Vv	-32.22223981362343	-0.7249569463561176
Unkx13_101_53__Screenhouse-Plate1_B05	NA1	34.77851626914808	33.42730244427701
DVIT0649_0000D__BIvDNAara1102A06_H02	Vv	-26.278983446896103	-0.2233782194791338
PI_588428__BIvDNAgut0032C08_F12	NA1	41.019111859138604	39.2931575739373
E097__vDNAlon1139F07_E09	NA1	41.98455568799497	41.674443006361784
6.13.144__EXTvDNAbar0001A02_D08	Vv	-32.9104817246766	-0.9566825667296182
DVIT0559_0000C__BIvDNAara1075G03_G11	Vv	-15.02682213849723	-1.686380964229411
ChardonnaySelf1_A11__vDNAfen201A01_A11	Vv	-27.201396476958827	-0.5961764489091492
PI_588352__BIvDNAgut0039D03_E05	NA2	20.335883136205478	16.456907553136418
160x271_935__vDNAfen201A01_C05	NA1	38.99450252263649	38.86946418313375
L0907__vDNAhei1315E01_G02	Vv	-25.19820184395795	-1.0379412267638888
0414.0000W__BIvDNAara0048D12_D05	Vv	-13.314038832836326	-0.8838128065909543
DVIT0701.0000C__BIvDNAara1092H08_E02	Vv	-24.49150979691755	-1.0577748583651534
pc07082020_9__EXTvDNAcou0039A01_C03	Vv	-17.33295234179291	-1.20254316285902
5.3.121__EXTvDNAbar0006A01_G11	Vv	-26.933511253704083	-1.1155301330540415
6.10.2__EXTvDNAbar0001A02_A01	Vv	-32.52565357161084	-0.5090368483580278
L1335__vDNAhei1316E02_G12	Vv	-30.874047075660073	-0.804318282810049
ND_1_86_121__vDNAhat900H11_A03	NA1	38.67017120813378	37.54566603273512
588630__vDNAlon096H12_C04	EA	9.669445284368654	12.740304609438569
S4109__vDNAhei1337F11_G07	NA1	34.4978105177958	32.34844995139986
A2Y1_C328L__vDNAlon918B05_F06	Vv	-28.961876677687776	-0.15597313662844495
DVIT1643_0000F__BIvDNAara1101A05_D11	Vv	-21.87304998681125	-1.1406968014372196
Y537-168__BIvDNAnae0004A04_E08	Vv	-31.89297886131257	-0.7200989049290762
8.6.116__EXTvDNAbar0002B03_E07	Vv	-30.700861014853775	0.002082048076436736
1701_93__EXTvDNAWOR0048A02_G01	Mus	38.55095356038677	-41.9227087969204
PW_1__EXTvDNAhau1399G07_H07	Vv	-31.37285117547556	-0.5127184612872276
PI_588344__BIvDNAgut0031C07_G02	NA1	37.30118478203287	35.61228601248926
6.12.88__EXTvDNAbar0001A02_C01	Vv	-32.98287579732208	-0.6264144075660122
2010-130__vDNAwor1522F06_C06	Mus	37.896537353522625	-37.58493577198078
7.10.11__EXTvDNAbar0002B03_B06	Vv	-33.00567314298959	-0.9602809825354025
E160__vDNAlon1139F07_C01	NA1	37.096934356722656	36.93792859583214
r5s87__vDNAdia1390G03_B12	Mus	44.131998241614376	-39.32751855718829
9.8.181__EXTvDNAbar0005H11_E10	Vv	-32.77856611760349	-0.7058296432367109
Emperor__EXTvDNAbar0007B03_D03	Vv	-32.36403059244451	-0.970852716467231
DVIT2904.B__BIvDNAara1089H05_B12	Vv	-25.83035890015117	-0.7932366608835084
ANA6_2__EXTvDNAWOR0048A02_E09	Mus	37.02939768791464	-38.8346242280924
E206__vDNAlon1140F08_H02	NA1	35.61417788348174	36.511041512613275
140__EXTvDNAels0023A02_A03	Mus	42.45007199264471	-45.13411273568465
2006.0005A__BIvDNAara0065F05_C08	EA	8.14513910707031	10.675669485502663
6.14.189__EXTvDNAbar0001A02_F11	Vv	-32.032975245834464	-0.6579612525749233
A2Y1_C297L__vDNAlon918B05_E02	Vv	-29.156849214161014	-0.10163190393534453
A2Y1_C302L__vDNAlon918B05_B03	Vv	-29.094108377519042	0.017018244164580403
ND_1_99_46__vDNAhat908A07_A10	NA1	37.00776041945087	36.1433845090569
S1918__vDNAhei1333F07_F08	NA2	26.491436415362454	21.327662160888128
2005.0010A__BIvDNAara0065F05_G10	EA	8.755349000395839	12.454160859333976
588214__vDNAlon095H11_D07	NA1	39.47745805368554	37.97678510390598
A2Y1_C198L__vDNAlon917B04_F12	Vv	-26.66431474593602	-1.4635089089661228
385__EXTvDNAels0025A04_G09	Mus	40.45960368465884	-43.70612809121445
DVIT0501_0000C__BIvDNAara1075G03_B03	Vv	-21.513857439043395	-1.8401732661586385
H3321__vDNAhei1327F01_B11	NA2	23.49155298206866	20.278181377979568
5.2.7__EXTvDNAbar0009D07_B04	Vv	-29.090996623625557	-1.1163325387069902
E164__vDNAlon1138F06_G12	NA1	37.83315212079631	37.52623279350367
PI_483174__BIvDNAgut0032C08_C07	NA1	39.42852088870256	38.54031265805601
E217__vDNAlon1140F08_B04	NA1	38.00812796110293	38.2243660260118
DVIT0861_0000D__BIvDNAara1100A04_B04	Vv	-23.057378562131923	-1.1924843653972144
DVIT2651.A__BIvDNAara1089H05_A04	Vv	-25.548295066036307	-1.3133860471720413
2252.0012A__BIvDNAara0067A01_A07	NA2	26.21783625512164	21.028019028624477
Y537-2-06__BIvDNAnae0001A01_A04	Vv	-32.706025534578494	-1.188045122997162
6.12.126__EXTvDNAbar0001A02_C05	Vv	-32.77414385414013	-0.9490736568905503
A2Y1_C66L__vDNAlon917B04_F06	Vv	-25.11767785725749	-1.7511984245170809
PI_588347__BIvDNAgut0031C07_B01	NA1	39.738225565087	37.99305499762997
DVIT3130.0000A__BIvDNAara1097A01_D02	Vv	-20.881323647277235	-0.09952794171975464
9.1.8__EXTvDNAbar0003C04_F04	Vv	-29.281407411327116	-0.2506922930291989
226__EXTvDNAels0024A03_F01	Mus	40.824792202000644	-43.92158668280103
1156.0003A__BIvDNAara0065F05_E08	EA	9.116487936137386	12.748353743747426
2244.0008A__BIvDNAara0066F06_C01	Mus	38.58399160767536	-40.14798876754685
A76_46__vDNAled565B03_E07	Vv	-31.313918363163353	-0.6338581459287038
588636__vDNAlon096H12_G04	EA	9.876085759528426	12.860516201480905
8.11.141__EXTvDNAbar0003C04_A05	Vv	-32.51076257820909	-0.92071955412538
d7s66__vDNAdia1364E01_E09	NA1	39.08546574478217	36.959525708517646
S5610__vDNAhei1339G01_C09	NA2	21.879866214462535	16.341818352161688
B69-42__EXTvDNAsca1439D04_F02	NA2	27.742830561707315	23.065295837497402
DVIT0592_0000C__BIvDNAara1074G02_F01	Vv	-21.387053334115777	-1.4206416424695076
A2Y1_C59L__vDNAlon917B04_G05	Vv	-28.5685456563423	-1.452375245263955
9.4.89__EXTvDNAbar0004E09_D09	Vv	-32.68482940414015	-0.8089425730684037
CL64RT__vDNAlon913A12_H08	NA1	38.18112396040558	36.798169499983594
S1814__vDNAhei1333F07_A05	NA2	24.91262111281048	20.5363557248267
3309C__vDNAfen552A02_B08	NA1	40.8167317818395	38.89136484656504
PI_588404__BIvDNAgut0031C07_C03	NA1	40.27029601703325	39.69108488378159
588400__vDNAlon095H11_D08	NA1	37.64132169919068	37.1188683568753
17_109_27__vDNAcad1067F07_B12	EA	9.550192928484948	13.009709825280417
PI_588213__BIvDNAgut0026C02_H01	NA1	40.16414682713831	38.47741760086747
DVIT0578_0000C__BIvDNAara1074G02_G03	Vv	-21.357443140933803	-2.203446331229942
160x271_934__vDNAfen201A01_B05	NA1	39.168031431120035	37.97136883425804
E144__vDNAlon1139F07_C03	NA1	40.551167812179756	40.16461224562425
B52-89__BIvDNAnae0003A03_H05	Vv	-30.265819655070526	-0.06738098417588134
588271__vDNAlon1140F08_B09	NA1	39.040905041534444	39.2834257206769
0626.0000D__BIvDNAara0040D04_F11	Vv	-17.438117374475276	-0.8689988135970674
PI_588274__BIvDNAgut0032C08_F04	NA1	40.34551048148692	38.515332276087406
8.14.169__EXTvDNAbar0003C04_D04	Vv	-30.511239254329105	-0.7019000606470196
A2Y1_C209L__vDNAlon918B05_A02	Vv	-29.247968466800987	-1.0299148195502317
pc07082020_34__EXTvDNAcou0039A01_E09	Vv	-15.769141614004207	-0.5058570628199107
2020_6_26_16138102__vDNAlon510B02_F07	Vv	-28.20056236847822	-0.6274230147803934
588160__vDNAlon1139F07_G07	NA1	40.600560823809595	39.15743039662662
NOC1__EXTvDNAWOR0047A01_H09	Mus	36.0988892456519	-37.38339624629203
PI_588587.a__BIvDNAgut0037D01_D07	NA1	40.32425508449967	38.97329202926551
V_riparia37__vDNAfen138D06_B10	NA1	39.51857136717794	38.33548004275072
1701_152__EXTvDNAWOR0048A02_G04	Mus	36.203246388374694	-38.86154572712449
E128__vDNAlon1139F07_B05	NA1	40.53451089344229	39.35053310615481
W0413__vDNAhei1342G04_A01	Vv	-24.101931693103065	0.3775905161305557
PI_483164__BIvDNAgut0039D03_B07	NA2	26.404302435557852	21.05433868074715
B78-224__EXTvDNAsca1439D04_B03	NA2	26.554546431851303	22.538117338940534
S3716__vDNAhei1336F10_E12	NA1	36.682773066806135	33.8927948282598
JCK6__EXTvDNAWOR0047A01_G12	Mus	37.001301776684954	-38.88648217204342
S2401__vDNAhei1334F08_E09	NA2	23.0284614027113	16.36670680991142
Plate9_A1_Muscat_of_Alexandria__EXTvDNAmej0021A12_A01	Vv	-29.539792933045586	-0.45174907010114684
DVIT0309_0000D__BIvDNAara1073G01_B03	Vv	-24.36825985229374	-1.626801158402195
AM197__Muscadine_Plate3_G07	Mus	40.55803333791142	-43.45356168860365
588446__vDNAlon787A12_H07	NA2	27.951579395169446	23.55764127851045
5.10.71__EXTvDNAbar0009D07_G12	Vv	-27.506574211898563	-0.9562001019223367
8.8.5__EXTvDNAbar0002B03_H09	Vv	-32.793707484039395	-0.4103432729706639
8.14.170__EXTvDNAbar0003C04_D05	Vv	-30.795724198815808	-0.4756219397782447
S1626__vDNAhei1332F06_D11	NA2	22.309872635148075	17.69162643538183
2201.0008A__BIvDNAara0069A03_A04	NA2	22.710352929752645	15.544924765562724
PI_588460__BIvDNAgut0038D02_G02	NA2	27.829331500375556	23.822297797890485
588160__vDNAfen552A02_B02	NA1	40.64806033770376	38.772590052441764
S0706__vDNAhei1330F04_F10	NA2	28.289156595745446	23.653998112479005
E213__vDNAlon1140F08_G03	NA1	37.53040563693961	37.84246894416094
VRMNW__vDNAfen1153A07_D02	NA1	38.89328432996988	37.788638306502286
6.14.185__EXTvDNAbar0001A02_F10	Vv	-32.73551031224249	-1.0198654039014954
DVIT0872_0000C__BIvDNAara1099A03_B06	Vv	-22.706678796856366	-0.9726556360521421
ChardonnaySelf1_D10__vDNAfen201A01_D10	Vv	-27.469529160635286	-0.4790502440940978
S1718__vDNAhei1333F07_C02	NA2	25.86654158818707	20.406183135859056
17_109_25__vDNAcad1067F07_H11	EA	8.254325025104883	11.969639399344764
WV23_20_010__vDNAsap1565G03_B04	Vv	-27.791711551874638	0.47422230038933505
DVIT2669.A__BIvDNAara1089H05_A05	Vv	-25.62324015996399	-0.8941940243421467
NOC2__EXTvDNAWOR0047A01_H10	Mus	36.39589805558491	-37.99322942829919
HAR5__EXTvDNAWOR0047A01_D03	Mus	36.825716471826446	-39.29109233167936
6.14.106__EXTvDNAbar0001A02_E02	Vv	-32.4957267057816	-0.566830770969173
DVIT0582_0000A__BIvDNAara1076G04_F02	Vv	-22.13803471537541	-1.0484003774200437
A2Y1_C60L__vDNAlon917B04_H05	Vv	-30.987526899409904	-1.0134432260048452
PI_588220__BIvDNAgut0031C07_E01	NA2	27.42012014428097	25.018988305817132
K0539__vDNAhei1305D03_F11	Vv	-27.301180216138533	-0.1995088050573295
5.2.15__EXTvDNAbar0009D07_D06	Vv	-30.551284519794198	-0.9833505454734564
S10__EXTvDNAsca1439D04_G04	NA1	39.022316800497265	36.880740341179006
588271__vDNAlon787A12_E09	NA1	40.4492304491946	39.883284014785495
Jumbo__Muscadine_Plate1_G07	Mus	37.9044903174995	-41.24961244441962
Y534-114__BIvDNAnae0003A03_H09	Vv	-30.394331993656635	-0.17961084802416116
DVIT0716.0000D__BIvDNAara1092H08_H02	Vv	-22.7288101375517	-0.257953904208169
E221__vDNAlon1140F08_F04	NA1	38.26036453876405	38.34530985448226
PI_588450.b__BIvDNAgut0037D01_C01	NA1	40.71888507958627	39.397342822683186
6.14.133__EXTvDNAbar0001A02_E09	Vv	-32.10501863548406	-0.6694990471182621
2010-154__vDNAwor1522F06_C09	Mus	40.375484724861835	-42.53191102106957
Y149-37-12__BIvDNAnae0001A01_H10	Vv	-31.906363718549688	-0.5939034891497657
Chardonnay__vDNAlon1140F08_D11	Vv	-31.28853409745498	-0.5542204647155662
pc07082020_39__EXTvDNAcou0039A01_F10	Vv	-17.07641071093793	-1.5598354361396138
Y150-14__BIvDNAnae0002A02_B09	Vv	-32.04116229899208	-0.5197938781147028
139__EXTvDNAels0023A02_H02	Mus	41.98979296004325	-44.63191260810929
2010-134__vDNAwor1522F06_G06	Mus	37.207995071418864	-37.29237824394195
A2Y1_C183L__vDNAlon917B04_G10	Vv	-24.884705952558093	-0.9780428162630456
A2Y1_C64L__vDNAlon917B04_D06	Vv	-26.89487203550489	-1.519017143571657
B64-108__BIvDNAnae0003A03_D06	Vv	-31.449614839051556	-0.4154025543606689
BLE7__EXTvDNAWOR0047A01_C07	Mus	36.80457889860152	-38.631923756161626
S3420__vDNAhei1336F10_C07	NA2	24.012234843265333	21.592019744799995
9.2.24__EXTvDNAbar0004E09_A01	Vv	-31.128390602628897	-0.7917288212687579
PI_588406__BIvDNAgut0030C06_G10	NA1	39.56519984039265	37.90181796567455
0365.0000E__BIvDNAara0048D12_E11	Vv	-13.84134681720601	-1.5490414989032264
DVIT0953_0000C__BIvDNAara1099A03_A11	Vv	-25.44854593880583	-0.8622339768121289
Y144-39-08__BIvDNAnae0001A01_D08	Vv	-32.724669403738105	-0.3675161523328958
DVIT2117_0000B__BIvDNAara1101A05_G09	Vv	-24.922042120419842	-0.806857157009001
2234.0005A__BIvDNAara0069A03_B12	NA2	27.5464120497418	23.419858250821623
E151__vDNAlon1139F07_D02	NA1	41.21220862623289	40.2937551751968
2010-177__vDNAwor1522F06_B12	Mus	37.18336146882789	-37.99184184953259
E093__vDNAlon1139F07_A10	NA1	39.900285046288424	39.216685389019624
9.12.186__EXTvDNAbar0005H11_G08	Vv	-31.43204695164463	-0.5412221643962805
PI_588123__BIvDNAgut0028C04_E02	NA1	39.18943924835544	37.25478014530491
PI_588510__BIvDNAgut0033C09_E12	NA1	39.45552627843906	38.224467540092085
392__EXTvDNAels0025A04_F10	Mus	40.56322637598436	-43.55840804923601
483145_024__vDNAcad1069F09_C07	NA2	25.428805538571687	20.244212526082435
A2Y1_C44L__vDNAlon917B04_F03	Vv	-27.589451812483304	-0.7034547309984654
Y143-1-08__BIvDNAnae0002A02_E08	Vv	-31.204365365922307	-1.0022450637902383
9.2.28__EXTvDNAbar0004E09_A03	Vv	-31.451433319366647	-0.5968584381719686
1419.0000A__BIvDNAara0066F06_F09	NA1	38.668145410998065	36.1919799434184
23__EXTvDNAbar0008C05_F05	Vv	-33.09552467614202	-0.8111761531459116
9.6.113__EXTvDNAbar0004E09_H07	Vv	-30.021976555633753	-0.15190383024721674
Plate4_C1_Crimson_Seedless__EXTvDNAmej0016A07_C01	Vv	-33.245058256207386	-0.7910323055154656
E071__vDNAlon1138F06_H09	NA1	33.08528280717115	32.8208146674357
S3817__vDNAhei1337F11_E02	NA1	31.72014788629045	30.72133230749949
E044__vDNAlon1138F06_A06	NA1	35.40192904235038	34.47429764804809
DVIT0491_0000C__BIvDNAara1075G03_E04	Vv	-20.49165511821275	-1.5002269920966695
237__EXTvDNAels0024A03_A03	Mus	41.73949025238265	-44.59095803237378
S3718__vDNAhei1336F10_F12	NA1	37.68273175344538	34.85862612556682
A43_89__vDNAled565B03_E05	Vv	-32.38759706740381	-1.0385354232489243
DVIT0674_0000D__BIvDNAara1102A06_A09	Vv	-27.33980853989445	-1.244722568443264
Cesar__EXTvDNAbar0006A01_A08	Vv	-23.240672414335926	-1.2826754668568312
9.6.199__EXTvDNAbar0005H11_B06	Vv	-32.97057039511115	-0.38023323790642627
DVIT0826_0000C__BIvDNAara1100A04_E09	Vv	-20.325298367266154	-0.8081255488732086
9.6.192__EXTvDNAbar0005H11_B03	Vv	-32.44727000457265	-0.7924724322570039
DVIT2732__vDNAcad796B09_D09	EA	8.408197056535807	12.411514757363086
E129__vDNAlon1139F07_A05	NA1	40.15392761243136	40.08654822253164
588271__vDNAfen552A02_D02	NA1	41.03306152585916	40.38445868559333
8.11.179__EXTvDNAbar0003C04_C03	Vv	-31.760496967165277	-0.6763852854985648
9.8.177__EXTvDNAbar0005H11_E08	Vv	-32.12708363009437	-0.6322154817425907
Y146-48__BIvDNAnae0003A03_B11	Vv	-30.18962742170345	-0.0977013423183684
2246.0003A__BIvDNAara0066F06_B02	Mus	38.624371349037744	-40.56003812803104
A2Y1_C178L__vDNAlon917B04_B10	Vv	-25.834284518616112	-0.6859838974950425
DVIT0831_0000C__BIvDNAara1100A04_A10	Vv	-18.661856892365773	-1.6066246605732488
214W2_Mystery__vDNAlon1201F02_B08	NA1	39.90688242712837	38.08012925050838
2020_5_106_16138177__vDNAlon510B02_C04	Vv	-27.404245354960345	0.8235566163065257
DVIT0990_0000C__BIvDNAara1099A03_C03	Vv	-26.24832754000651	-0.8473408078517554
5.3.4__EXTvDNAbar0011B01_G09	Vv	-31.97982906881987	-0.9630148561355352
Y538-72__BIvDNAnae0002A02_A01	Vv	-22.774732040323244	-0.0892924005161939
S3412__vDNAhei1336F10_G06	NA2	24.15019667901923	20.71184061809663
2020_5_17_16138124__vDNAlon509B01_C04	Vv	-30.654435752267947	-0.4343560637095709
8.14.163__EXTvDNAbar0003C04_D01	Vv	-31.54016451480636	-0.8715301470437843
DVIT0849_0000C__BIvDNAara1100A04_G11	Vv	-22.34437074506654	-1.5216097442384782
DVIT0540_0000C__BIvDNAara1075G03_B10	Vv	-21.61279134400273	-1.9480669533784085
DVIT0673_0000C__BIvDNAara1102A06_C09	Vv	-27.228975903710516	-0.19954621240460368
5.10.106__EXTvDNAbar0007B03_A03	Vv	-31.40083859498733	-0.8411156486176008
Y213.008__BIvDNAnae0015B03_H01	NA1	30.971858301249906	29.795649761594618
DVIT0568_0000C__BIvDNAara1074G02_H04	Vv	-18.51981262568489	-1.46344826268077
8.7.51__EXTvDNAbar0002B03_F08	Vv	-31.13343705057208	-0.6178045682673884
DVIT1079_0000A__BIvDNAara1076G04_G02	Vv	-28.896668653276368	-0.91744897455045
588633__vDNAlon096H12_A05	EA	9.478513541012335	12.760359702536231
8.11.167__EXTvDNAbar0003C04_B08	Vv	-31.97683639803001	-0.35605269473249357
A2Y1_C189L__vDNAlon917B04_E11	Vv	-23.99830223241448	-1.1479308218959403
DVIT0939_0000C__BIvDNAara1099A03_D09	Vv	-23.250276123561843	-0.48591358091377435
S-09-07__BIvDNAara0065F05_B11	Vv	-31.069385925833604	-0.16859347953835713
Scuppernong__Muscadine_Plate2_A01	Mus	37.55061046843869	-40.70732916800428
Plate3_B1_Muscat_of_Alexandria__EXTvDNAmej0015A06_B01	Vv	-33.51512759729976	-0.8489498027300669
Unkx13_101_12__Screenhouse-Plate1_C01	NA1	34.86332789273054	33.86693741950747
53__EXTvDNAels0022A01_A04	Mus	41.41316928624288	-44.25633370694723
E190__vDNAlon1139F07_H12	NA1	42.10168649953894	41.67854023772374
OKL4_2__EXTvDNAWOR0048A02_F01	Mus	37.99329657415414	-40.06610718779313
PI_597232__BIvDNAgut0039D03_E09	NA2	27.315735067734785	23.28367300469477
DVIT2091_0000A__BIvDNAara1101A05_D10	Vv	-24.620717379420157	-0.772195214302129
Chardonnay__vDNAcad1437B11_D06	Vv	-31.35200722558099	-0.4453402289101699
MN1131__vDNAcla1037D01_G01	Vv	-29.29406881856141	-0.30691241636549604
DVIT0614_0000C__BIvDNAara1074G02_H05	Vv	-20.586681121044652	-1.6971982619037704
DVIT2341_0000B__BIvDNAara1101A05_H06	Vv	-26.294687110921434	-1.5252840985776543
PI_588208__BIvDNAgut0031C07_F04	NA2	27.098976651093736	23.016160495396818
2233.0010A__BIvDNAara0069A03_D11	NA2	27.176912466563202	22.645239967378785
A2Y1_C185L__vDNAlon917B04_A11	Vv	-21.075389182501482	-1.69554340485939
E023__vDNAlon1138F06_E03	NA1	38.78447347711036	38.26335400840608
A40_21__vDNAled565B03_B04	Vv	-31.660383120542846	-0.7080245585006909
L1021__vDNAhei1315E01_G08	Vv	-26.241725481166636	0.3394295520136776
S1811__vDNAhei1333F07_F04	NA2	24.7741480172028	19.332998322090887
S4020__vDNAhei1337F11_F06	NA1	33.80369214917436	33.51160272478568
A2Y1_C65L__vDNAlon917B04_E06	Vv	-27.803559229435734	-1.151466377725546
2004B__EXTvDNAsca1443D08_E04	Vv	-28.38320468073361	0.4352462376204789
E194__vDNAlon1140F08_D01	NA1	42.493939179193205	41.60084748105062
Ark1212_28__EXTvDNAWOR0032A06_E07	Mus	36.444445509172965	-40.483643783302774
8.7.10__EXTvDNAbar0002B03_F03	Vv	-32.11283565467886	-1.0509797337000082
8.11.152__EXTvDNAbar0003C04_A11	Vv	-32.3449026667838	-0.7039076900375169
160x271_861__vDNAlon506A10_D03	NA1	36.11695634319954	34.9102628589549
123__EXTvDNAels0022A01_F12	Mus	41.47005653638888	-44.70049239038928
H4204__vDNAhei1346G08_G03	NA2	26.407658390564755	21.29319974054108
6.24.61__EXTvDNAbar0001A02_H10	Vv	-32.23278024343824	-1.402709866707996
588635__vDNAcad441D05_A05	EA	8.988010336230632	12.933205692990311
Ark1212_74__EXTvDNAWOR0031A05_H01	Mus	36.544606715830845	-39.042645567029275
Plate8_D1_Crimson_Seedless__EXTvDNAmej0020A11_D01	Vv	-34.150210435129075	-0.7552211205701286
Chaselas.Musque__EXTvDNAbar0006A01_C01	Vv	-31.549156809067338	-0.11866747971480339
2219.0002A__BIvDNAara0067A01_C10	NA2	28.0134282719761	23.559595472119558
JCK3__EXTvDNAWOR0047A01_G09	Mus	37.28629901645926	-40.003984407941864
Y213.006__BIvDNAnae0015B03_F01	NA1	30.333831696189193	29.186537354032023
DVIT2117_0000A__BIvDNAara1101A05_H09	Vv	-27.38301369725695	-0.5110124969967982
DVIT0726_0000C__BIvDNAara1102A06_A11	Vv	-25.600560712750603	-0.8972218744093509
588186__vDNAlon096H12_B07	NA2	27.45990806915093	23.682024654572608
E182__vDNAlon1139F07_H11	NA1	39.54021676970403	38.906393257801966
5.3.17__EXTvDNAbar0009D07_G04	Vv	-32.32899962381454	-0.7210630291715301
JB97_23_7P37__Muscadine_Plate1_G05	Mus	37.966344868463764	-41.38984574340763
DVIT0307_0000C__BIvDNAara1073G01_H02	Vv	-19.125831422269503	-1.4353506176644932
K0739__vDNAhei1307D05_D09	Vv	-26.56065313444644	-0.7963545201568286
DVIT2166_0000B__BIvDNAara1076G04_A07	Vv	-27.22343864674153	-1.3848511571455053
DVIT0494_0000A__BIvDNAara1076G04_C02	Vv	-29.11736496890151	-0.8910902242325206
A2Y1_C296L__vDNAlon918B05_D02	Vv	-28.8785333071881	-0.28418851334967365
Y533-50__BIvDNAnae0001A01_E10	Vv	-31.246686047728755	-0.45061083608329705
Trium_1__EXTvDNAbab0041A02_B09	Mus	33.33002830161743	-36.67432767463025
588165__vDNAlon787A12_G08	NA2	26.10905636931301	20.76166879932458
6.13.164__EXTvDNAbar0001A02_D10	Vv	-31.783239905862004	-0.5782426316130027
A2Y1_C314L__vDNAlon918B05_F04	Vv	-30.82359613940349	-0.5933481059795938
2216.0006A__BIvDNAara0053E05_F12	NA2	28.59955053904104	24.205280085348377
DVIT0428_0000C__BIvDNAara1074G02_E10	Vv	-19.706577100282974	-1.471715378272631
AS_2__EXTvDNAhau1396G04_C05	Vv	-29.975849007661793	-0.3057746175539037
e5_106__Muscadine_Plate2_D06	Vv	-29.020838493021017	-0.4335212781095806
2217.0010A__BIvDNAara0067A01_H08	NA2	27.937003074561176	23.621073592635565
S3801__vDNAhei1337F11_E01	NA1	35.27812169984027	32.91350189331478
DVIT0320_0000B__BIvDNAara1076G04_C01	Vv	-26.266159853464913	-0.7549781785041149
S1713__vDNAhei1333F07_F01	NA2	23.966978374956017	18.75231692870887
DVIT0370_0000D__BIvDNAara1073G01_C06	Vv	-19.191453349093663	-0.5118856476886144
8.7.5__EXTvDNAbar0002B03_F02	Vv	-32.21613538523863	-0.7974837959188462
UMT6__EXTvDNAWOR0047A01_B06	Mus	35.40867938071351	-37.985804116655466
E189__vDNAlon1139F07_G12	NA1	41.80619984304617	41.33209473505888
ND_1_99_61__vDNAhat908A07_A12	NA1	36.65483220203858	36.43997949525341
DVIT2325_0000A__BIvDNAara1076G04_C05	Vv	-22.39189164846028	-0.5711469070448757
C48-25__BIvDNAnae0003A03_E06	Vv	-31.895768182281465	-0.11741847777032871
DVIT0929_0000C__BIvDNAara1099A03_C08	Vv	-22.561446634328572	-0.845455204971377
0436.0000C__BIvDNAara0048D12_G06	Vv	-12.826138553092356	-0.8032987417557845
353__EXTvDNAels0025A04_H05	Mus	40.69540349853423	-43.7301676143227
232__EXTvDNAels0024A03_D02	Mus	41.84748229019901	-44.46882046076297
B40-66__BIvDNAnae0001A01_C08	Vv	-32.57732353426862	-1.020532639296827
2238.0004A__BIvDNAara0066F06_F08	NA1	39.00111415083903	36.51788275592787
DVIT0617_0000C__BIvDNAara1101A05_H11	Vv	-24.934234148731594	-0.38463323445679665
CABERNET__vDNAnae944D07_E07	Vv	-29.494165057078526	0.1044981194325114
K0209__vDNAhei1304D02_E06	Vv	-22.467212470216673	-0.24153569815866377
Dearing__Muscadine_Plate1_F02	Mus	39.07977698414969	-41.98403008731436
RST_160_1__vDNAlon918B05_H11	NA1	38.17624362671948	36.490404410686764
PI_588341__BIvDNAgut0028C04_C05	NA2	23.037157709923203	16.19164789165502
PI_588678__BIvDNAgut0039D03_D09	NA2	21.736897398628248	17.645130306154453
Y145-138__BIvDNAnae0004A04_E09	Vv	-31.337466987154446	-0.414270073183397
B82-43__BIvDNAnae0004A04_H04	Vv	-31.428990758645327	-0.527433847403823
9.6.146__EXTvDNAbar0005H11_A05	Vv	-32.37011644801214	-0.8771847199242252
C25_2023__vDNAcad1357E10_H11	NA1	40.139334011080585	39.257329941782224
Y151-58__BIvDNAnae0004A04_H01	Vv	-31.04461904864074	0.0396442243841038
368__EXTvDNAels0025A04_F07	Mus	40.922756331224235	-44.29541387120792
L0929__vDNAhei1315E01_B04	Vv	-27.84848941906689	-0.2409200942025426
PI_588221__BIvDNAgut0039D03_F06	NA2	27.2205402402133	23.496546775870524
Y534-76__BIvDNAnae0002A02_H02	Vv	-31.190016215651248	-0.3960350298130099
160x271_803__vDNAlon505A09_E07	NA1	38.59173420803133	37.24031545321049
6.24.76__EXTvDNAbar0002B03_A10	Vv	-31.992409574883524	-0.7892073993634541
5.2.9__EXTvDNAbar0008C05_B09	Vv	-31.604345758020617	-0.7885168007416509
Ark1212_73__EXTvDNAWOR0031A05_G01	Mus	35.99377870343956	-38.766525843863974
San.Francisco__EXTvDNAbar0006A01_B12	Vv	-29.79621050810451	-0.5609196596703684
61__EXTvDNAels0022A01_A05	Mus	41.66799116741247	-44.5966968858605
0629.0000C__BIvDNAara0040D04_A12	Vv	-12.873613040853614	-1.0070375265273688
Unkx13_101_39__Screenhouse-Plate1_E04	NA1	32.65198175543061	30.945794784161006
9.1.13__EXTvDNAbar0003C04_F06	Vv	-28.75002016526642	-0.09540943702332719
588437__vDNAlon095H11_C09	NA1	38.55978398035219	37.674713787074424
Y146-21-08__BIvDNAnae0001A01_D02	Vv	-31.73141846715386	-0.4954605383908081
W3_Mystery1__vDNAlon1201F02_A08	NA1	39.828921325559875	38.39039584172039
Y130_30__vDNAled565B03_E04	Vv	-32.470588834478576	-0.7839226983294317
2010-156__vDNAwor1522F06_E09	Mus	39.01966338870112	-41.80099663761751
370__EXTvDNAels0025A04_H07	Mus	41.20346727731164	-44.808755846288776
E083__vDNAlon1138F06_C11	NA1	36.67142325055898	36.34025903950471
A2Y1_C197L__vDNAlon917B04_E12	Vv	-26.46888323174767	-1.468647009148271
588271__vDNAlon1139F07_B08	NA1	40.561530045871756	40.09514347540705
DVIT0401_0000C__BIvDNAara1073G01_C10	Vv	-22.690108460862973	-1.6782663733935452
K1673__vDNAhei1311D09_F06	Vv	-27.523425204025173	-0.3194957968798235
DVIT1074_0000E__BIvDNAara1101A05_D03	Vv	-23.79753579351142	-1.3407217346084794
B24-10__EXTvDNAsca1443D08_F06	NA2	26.681409149611543	23.60956693899543
DVIT0531_0000C__BIvDNAara1075G03_C09	Vv	-19.626731850100896	-0.9552626305503352
Chardonnay__vDNAcad439D03_D12	Vv	-30.1931853811846	-0.9617267244687384
DVIT0817_0000C__BIvDNAara1100A04_H02	Vv	-19.237640796149623	-1.120764540525795
C74-65__BIvDNAnae0002A02_B12	Vv	-31.102473638536942	-0.7539845034937567
205__EXTvDNAels0023A02_A11	Mus	41.93446731361718	-44.98854454376166
A2Y1_C330L__vDNAlon918B05_H06	Vv	-20.801026053469183	-1.535373336159103
Y540_193_05__vDNArei307A11_C12	Vv	-29.958721213248282	0.0425007097398687
PI_588588__BIvDNAgut0026C02_D06	NA1	40.144453995483936	38.72242070489602
588442__vDNAlon096H12_D01	NA1	39.448162900145896	37.50512961386807
2010-100__vDNAwor1522F06_H01	Mus	38.90288234028313	-40.337055566799364
S1430__vDNAhei1332F06_F05	NA1	35.77077269000336	34.06245636084737
S1402__vDNAhei1332F06_G02	NA2	23.061053630716316	18.29737844688281
NOC4__EXTvDNAWOR0047A01_H11	Mus	35.3360899258697	-37.53169593027198
Kishmischvatkana__EXTvDNAsca1439D04_D12	Vv	-30.112069718771167	0.3004267948502489
Y537-12__BIvDNAnae0002A02_D07	Vv	-31.15559698335576	-0.5407429805435325
Y529-49__BIvDNAnae0001A01_C07	Vv	-30.898653598593654	-0.6089840052944668
8.14.203__EXTvDNAbar0003C04_F01	Vv	-31.009413176697105	-0.6890243286882253
9.2.39__EXTvDNAbar0004E09_A08	Vv	-30.257834087412977	-0.44114493737760957
2020_4_77_16138062__vDNAlon508A12_E09	Vv	-26.063363844472153	-0.5954381236158675
Plate5_A1_Muscat_of_Alexandria__EXTvDNAmej0017A08_A01	Vv	-32.886062226771784	-0.9713700386730237
PI_588228__BIvDNAgut0031C07_B04	NA1	36.4381800906561	34.12315831933331
DVIT2100_0000B__BIvDNAara1101A05_C10	Vv	-21.72249933150343	-1.1683955281932707
0392.0000E__BIvDNAara0053E05_C09	Vv	-12.361912794870799	-0.9964323259613361
ChardonnaySelf1E02__BIvDNAnae0015B03_E02	Vv	-21.18997797555764	-1.7291508590222673
ChardonnaySelf2E11__BIvDNAnae0016B04_E11	Vv	-19.922148785833393	-1.349508691106386
17_109_36__vDNAcad1065F05_C02	EA	8.480980132203708	11.933965136861216
A2Y1_C203L__vDNAlon918B05_C01	Vv	-31.56649384728669	-0.7842977218299996
AS_2__EXTvDNAhau1396G04_B05	Vv	-30.086370441525425	-0.35053189362570547
S1301__vDNAhei1331F05_F11	NA1	31.385569602229957	26.90577561879881
DVIT0306_0000A__BIvDNAara1076G04_A01	Vv	-21.261517666420804	-1.1268994936049166
406__EXTvDNAels0025A04_D12	Mus	40.65597060344305	-44.246056487730925
2252.0011A__BIvDNAara0067A01_H06	NA2	24.956959762396888	20.43616628069574
235__EXTvDNAels0024A03_G02	Mus	42.65067361031638	-45.75428546057384
Y127-200__BIvDNAnae0004A04_G04	Vv	-31.904729238219765	-0.48185465457826065
DVIT0468_0000E__BIvDNAara1075G03_H06	Vv	-21.92824678831468	-2.2016441343486766
DVIT0758_0000C__BIvDNAara1100A04_G01	Vv	-20.476989314453338	-0.12056751911542025
6.20.55__EXTvDNAbar0001A02_G04	Vv	-32.5496186929112	-0.818968808412368
1362.0000C__BIvDNAara0070A04_A11	NA2	24.30025315747788	16.193183164171547
2010-106__vDNAwor1522F06_F02	Mus	39.82269589319708	-40.91283772794773
9.8.154__EXTvDNAbar0005H11_D08	Vv	-32.70228998212902	-0.9266712124247438
Parent_Magoon__EXTvDNAWOR0029A03_A01	Mus	37.40642630078078	-40.37198087949462
40__EXTvDNAels0022A01_D02	Mus	41.47818707299349	-44.43118219066273
5.9.1__EXTvDNAbar0011B01_B12	Vv	-29.8137596329189	-1.2616059420153756
P1__EXTvDNAhau0043A02_B02	Vv	-21.935206902569554	-1.7953544869927927
L0113__vDNAhei1311D09_C10	Vv	-22.463172960593887	-0.21793295622789505
DVIT0775_0000D__BIvDNAara1100A04_F07	Vv	-22.515928530114426	-0.8016778957216532
SH12193__vDNAhei1346G08_E07	Vv	-28.213259641074345	-0.3391062980931256
17_109_34__vDNAcad1067F07_H12	NA2	24.847077018761745	21.05114095555672
ParentAM_18__EXTvDNAWOR0032A06_B01	Mus	41.9316735857685	-42.5140036780288
0168.0000C__BIvDNAara0070A04_E03	NA2	25.296031134229683	17.190200111083694
Y126-214__BIvDNAnae0004A04_B10	Vv	-31.002512060473155	-0.5602307430166933
Fricke_Mystery16__vDNAlon1201F02_G07	NA2	26.03054120765386	22.591664028562125
Y124_138_05__vDNAcad1437B11_D03	Vv	-29.742257213171882	-0.1582996546852724
588173__vDNAlon095H11_D01	NA2	25.22225126205953	20.206365033556754
K0417__vDNAhei1305D03_C05	Vv	-28.150172771499033	-0.5096385497344293
DVIT0989_0000C__BIvDNAara1099A03_E03	Vv	-27.186537283940954	-1.3461563479612975
Lemberger__vDNAlon1140F08_C12	Vv	-29.796126312181432	-0.4807026942894856
2248.0010A__BIvDNAara0066F06_H02	Mus	39.45477734802524	-40.905921929035614
B58-55__EXTvDNAsca1439D04_C02	NA2	27.098516246245474	23.56799021752634
9.1.36__EXTvDNAbar0003C04_G01	Vv	-29.712916420600568	-0.27091318225160477
Plate1_D1_Crimson_Seedless__EXTvDNAmej0013A04_D01	Vv	-33.38700529584521	-0.6257866499084688
ND_1_99_26__vDNAhat908A07_G07	NA1	38.473855724769535	37.633349577103395
DVIT0622_0000C__BIvDNAara1101A05_D12	Vv	-22.9906363835607	-1.1457886516887323
160x271_899__vDNAlon506A10_B08	NA1	33.245962894190484	31.945843320372582
588233__vDNAlon095H11_H06	NA2	22.059130064964616	15.612105912349982
2006-097__vDNAwor1641A04_H12	Mus	37.69029886059195	-42.15562062074743
588635__vDNAlon787A12_B08	EA	8.909913647052978	12.711941542851157
2261.0000C__BIvDNAara0065F05_G04	Vv	-29.063288557107672	-0.0760536739531894
S0515__vDNAhei1330F04_A08	NA2	24.849680502256142	15.59103087045866
A40_29__vDNAled565B03_F04	Vv	-31.96876062345132	-0.7231629688759419
Y139-62__BIvDNAnae0004A04_D09	Vv	-31.03909277799823	-0.2786312950465509
66__EXTvDNAels0022A01_F05	Mus	42.16021830785762	-45.542811425508404
9.2.55__EXTvDNAbar0004E09_B07	Vv	-31.22194020082549	-0.2062783842844524
PI_588173__BIvDNAgut0027C03_F04	NA2	27.9506662550934	23.7329815292743
301__EXTvDNAels0024A03_B11	Mus	41.7420353085456	-44.705093492577134
DVIT0768_0000C__BIvDNAara1100A04_G02	Vv	-24.68559120812066	-1.636471011164753
0451.0000C__BIvDNAara0048D12_H07	Vv	-13.660969610681235	-1.517378734569878
355__EXTvDNAels0025A04_B06	Mus	41.08606337272785	-44.24049546850495
DVIT2757.B__BIvDNAara1089H05_E11	Vv	-27.44285759129358	-0.8114654262396688
S0511__vDNAhei1330F04_G07	NA2	25.635100234256225	16.848358017839775
Unknown_male1__Muscadine_Plate2_B02	Mus	39.26226463705964	-41.78265887971188
L1601__vDNAhei1317E03_H12	Vv	-28.47951099513332	-0.21653744317610565
313922__vDNAlon095H11_H07	NA1	38.73394642672041	37.44658728372888
9.4.165__EXTvDNAbar0004E09_G01	Vv	-33.535641310165154	-0.5996102866621189
E046__vDNAlon1138F06_C06	NA1	37.58259543579384	37.35360734247339
2244.0003A__BIvDNAara0065F05_E12	Mus	39.21097419558061	-40.335030992408434
9.8.136__EXTvDNAbar0005H11_C09	Vv	-32.92910468273126	-0.8789391475657048
PI_588685__BIvDNAgut0034C10_H11	NA2	27.551905326571273	23.32884815059204
588271__vDNAfen1148A02_D02	NA1	41.362901557613576	40.92872284244643
160x271_933__vDNAfen201A01_A05	NA1	36.371615435508524	35.630051393615155
E072__vDNAlon1138F06_A10	NA1	35.145105779337655	34.557622818072254
S1128__vDNAhei1331F05_B09	Mus	38.512365695957484	-35.760234185049164
5.2.16__EXTvDNAbar0009D07_E06	Vv	-31.255106282998867	-0.8384498214700011
E180__vDNAlon1139F07_F11	NA1	41.562440616177696	40.77159185153582
S1820__vDNAhei1333F07_G05	NA2	22.28217308050844	18.52209615386819
PI_588340__BIvDNAgut0031C07_A01	NA1	38.813923884243614	36.24854363890533
DVIT0487_0000D__BIvDNAara1075G03_H04	Vv	-21.149056265773286	-1.7422820001156534
DVIT0445_0000D__BIvDNAara1073G01_G12	Vv	-25.61741903817479	-0.9071807553462593
SunpremeB82-43__vDNAlon787A12_C01	Vv	-30.67255068903373	-0.49302031779974226
PI_588399__BIvDNAgut0031C07_F02	NA1	39.42457296382949	37.80945724304087
H2519__vDNAhei1325E11_A08	NA1	31.946446133798457	29.433510026129742
A69-100__BIvDNAnae0001A01_A05	Vv	-31.088410818001897	-0.44862316984034123
CL16RT__vDNAlon913A12_H02	NA1	38.482380174102445	36.60989664826454
2238.0008A__BIvDNAara0066F06_B09	NA1	39.42351743781064	36.54905514510846
S1825__vDNAhei1333F07_D06	NA2	26.958728259387396	23.76536709439318
C43-100__BIvDNAnae0003A03_D11	Vv	-31.904089866549924	-0.6482048085684582
ND_1_86_125__vDNAhat900H11_E03	NA1	38.63272257873724	37.51680285283673
2237.0001A__BIvDNAara0067A01_H12	NA1	39.2790809081597	37.36747984977296
BlackFry__Muscadine_Plate1_E04	Mus	39.00939711291045	-42.54448450334523
e1_101__Muscadine_Plate2_C06	Vv	-32.10461388107579	-0.5358860782930943
E034__vDNAlon1138F06_H04	NA1	38.64155826714565	38.629292879924314
160x271_931__vDNAlon506A10_G12	NA1	35.63792390508886	34.25648067478841
PI_588588__BIvDNAgut0037D01_E06	NA1	40.308591981391864	38.866826190778724
S3426__vDNAhei1336F10_F07	NA2	24.875839792637798	21.32765228221983
P1__EXTvDNAhau0043A02_C02	Vv	-21.5123019634913	-1.847280953407405
2227.0009A__BIvDNAara0067A01_C03	NA2	29.37197169237666	22.22760443318581
F2_109__vDNAfen552A02_E05	Vv	-30.732732354817713	-0.15483222390352955
K1045__vDNAhei1308D06_A12	Vv	-29.79401565550295	-1.68427228384413
B53-122__BIvDNAnae0003A03_B06	Vv	-30.42570124378409	-0.20366495361295514
1960.0000B__BIvDNAara0065F05_A10	NA2	27.039779661933153	22.87689690773397
Parent_Tarheel__EXTvDNAWOR0030A04_D01	Mus	40.52607156629191	-43.607107330961384
DVIT0875_0000C__BIvDNAara1099A03_G05	Vv	-26.16568524487763	-1.3692449290340059
DVIT0364_0000C__BIvDNAara1073G01_F06	Vv	-18.286739447142487	-0.5703445723480263
K1465__vDNAhei1310D08_A09	Vv	-25.246134950901183	-0.5484985245229238
2010-149__vDNAwor1522F06_F08	Mus	37.47198449863531	-37.23945042520169
9.4.104__EXTvDNAbar0004E09_E08	Vv	-32.81120797039111	-1.18541136291318
8.7.106__EXTvDNAbar0002B03_G06	Vv	-31.448394930949043	-0.5092252520307163
5.2.18__EXTvDNAbar0009D07_A11	Vv	-29.935253956743523	0.03612682867884008
5.3.101__EXTvDNAbar0012C03_H03	Vv	-31.23698833870517	-1.05556913481484
Y529-4__BIvDNAnae0003A03_G10	Vv	-30.93630179024777	-0.45924173645260336
6.24.66__EXTvDNAbar0002B03_A02	Vv	-32.868547536686336	-1.1359819856245785
M13__vDNAled781A06_B06	Vv	-31.913332605444314	-1.1386471886903677
ND_1_99_45__vDNAhat908A07_H09	NA1	38.219104498082615	37.235609983720025
236__EXTvDNAels0024A03_H02	Mus	41.92492855534987	-44.5373394539498
9.6.201__EXTvDNAbar0005H11_B08	Vv	-31.341772334563608	-0.304028648797832
2010-145__vDNAwor1522F06_B08	Mus	37.14663150859616	-38.58690776851902
CABERNET__vDNAnae945D08_F08	Vv	-28.67778556073195	0.2406037364551852
E202__vDNAlon1140F08_D02	NA1	38.38184349128142	38.59132608539734
DVIT0718_0000C__BIvDNAara1102A06_E04	Vv	-21.395741429504685	-0.29888728087223093
399__EXTvDNAels0025A04_E11	Mus	41.689390296306144	-44.511021762368394
5.3.8__EXTvDNAbar0009D07_F05	Vv	-23.892201271590753	-1.6724091132434271
b59_45__Muscadine_Plate2_C02	Vv	-32.10304315252845	-1.5577943109687482
Noble__Muscadine_Plate1_H05	Mus	38.38937280129608	-41.94675124488089
DVIT0387_0000D__BIvDNAara1074G02_C12	Vv	-23.871112830231908	-1.6743653429222753
367__EXTvDNAels0025A04_C04	Mus	41.54895422548264	-44.72268805172112
DVIT0511_0000C__BIvDNAara1075G03_A02	Vv	-22.69020679908384	-0.8846129507100708
2194.0000B__BIvDNAara0066F06_C03	Mus	40.86365426258738	-43.357331860653055
wKN__EXTvDNAZYP0035A01_D12	Vv	-29.603691582472738	-0.1294873793970776
ChardonnaySelf2D11__BIvDNAnae0016B04_D11	Vv	-20.508753037318137	-1.4286709176651835
Y539-194__BIvDNAnae0003A03_A02	Vv	-31.062931472506325	-0.4861091238668011
9.1.75__EXTvDNAbar0003C04_G12	Vv	-29.599347070031722	0.1674247476799311
2244.0004A__BIvDNAara0066F06_A01	Mus	40.18010393697968	-42.85068104709366
Fresnosdls__vDNAled932C07_G12	Vv	-27.446737881054943	-0.4221175053906607
149__EXTvDNAels0023A02_A04	Mus	41.416339440119025	-44.56973772348808
5.3.1__EXTvDNAbar0009D07_D03	Vv	-22.111593203684766	-1.9226401159949238
2237.0007A__BIvDNAara0067A01_A02	NA1	38.88725144171768	37.20927354904012
S5420__vDNAhei1339G01_D06	NA2	24.634495671068358	20.174530986633705
240__EXTvDNAels0024A03_F03	Mus	41.9637594025339	-44.78381134210253
FRS1__EXTvDNAWOR0047A01_A11	Mus	29.987331482499176	-32.45782180565928
588160__vDNAlon1140F08_H08	NA1	35.90255908468235	34.95616183447911
345__EXTvDNAels0025A04_H04	Mus	41.27575065499693	-43.9719526176384
C56-11__BIvDNAnae0002A02_B07	Vv	-31.65398039445066	-0.8329745375684658
588160__vDNAfen1148A02_B02	NA1	40.96001584031594	39.073383347332474
350__EXTvDNAels0025A04_E05	Mus	40.71177466824521	-43.852584674580626
DVIT0483_0000C__BIvDNAara1075G03_C05	Vv	-22.12325691615928	-1.248245444081811
160x271_848__vDNAlon506A10_G01	NA1	35.18793479814293	33.70285435310558
WV23_20_007__vDNAsap1564F03_F03	Vv	-28.96822768418948	-0.13547473101425744
A1Y1_18RT__vDNAlon916B03_C08	NA1	31.21215161256185	28.746476811687735
0660.0000C__BIvDNAara0047D11_A05	Vv	-12.666013359718068	-0.9853977761546906
S4105__vDNAhei1337F11_E07	NA1	31.528101921150025	30.8130525218221
Ark1212_14__EXTvDNAWOR0032A06_G05	Mus	41.197621027232444	-43.11922181970386
H3019__vDNAhei1327F01_C01	NA1	33.96187675692621	31.453773778293442
Creswell__Muscadine_Plate1_E12	Mus	36.41228184969333	-38.44130966496893
PI_588586__BIvDNAgut0036C12_A07	NA1	40.52647066972267	38.455126670869994
Brownie__Muscadine_Plate1_E06	Mus	39.11632547279003	-41.85351370074326
V_popeonoii__Muscadine_Plate2_B04	Mus	31.98399997456834	-32.074195374598595
ND_1_99_32__vDNAhat908A07_E08	NA1	36.68501515402261	36.05142596949461
DVIT0552_0000C__BIvDNAara1075G03_C11	Vv	-22.90336471083664	-1.7554496339437335
8.11.193__EXTvDNAbar0003C04_H12	Vv	-30.489558178464858	-0.4738729734317929
17_109_03__vDNAcad1067F07_D09	EA	9.026385955195265	12.729599687646587
KIL3__EXTvDNAWOR0047A01_E09	Mus	37.11961592596805	-38.96864757494135
9.12.165__EXTvDNAbar0005H11_F02	Vv	-32.08251108868481	-0.4659034344689139
DVIT2242_08__Muscadine_Plate1_F07	Mus	37.06842413902585	-38.48731972128626
DVIT2674.0000A__BIvDNAara1092H08_H10	Vv	-23.596313045711888	-0.1618301268477348
136__EXTvDNAels0023A02_E02	Mus	41.34713765999746	-44.51657408300789
160x271_762__vDNAlon505A09_D02	NA1	33.25721808884085	32.256286151328204
DVIT0419_0000C__BIvDNAara1073G01_B11	Vv	-25.47588401025064	-1.1726563780325554
RxCS99-74-129_pf1__vDNAcad949A01_E07	Vv	-29.420554409409338	0.06214585676182501
A2Y1_C77L__vDNAlon917B04_A08	Vv	-25.703956973697334	-0.6243358712716314
Black_Corinth__vDNAcad1437B11_A01	Vv	-28.351870344594726	0.16284903492367872
9.4.85__EXTvDNAbar0004E09_D06	Vv	-32.97781055732967	-0.7814383875619226
17_109_49__vDNAcad1068F08_B01	NA2	27.1076289186508	22.55729115918645
160x271_878__vDNAlon506A10_E05	NA1	39.586690155789064	38.761425643647065
DVIT2330_0000A__BIvDNAara1101A05_H07	Vv	-27.709421751431243	-0.20794566536526485
E068__vDNAlon1138F06_E09	NA1	36.68154617716786	35.9544799599191
2221.0008A__BIvDNAara0067A01_C05	NA2	27.690357666494638	23.285746393085766
VCR-24-64__EXTvDNAkha1526H05_E09	Vv	-31.74779294025789	-0.5867573255940136
DVIT1977_0000D__BIvDNAara1074G02_H08	Vv	-18.248958773219016	-1.8389176829183598
9.4.100__EXTvDNAbar0004E09_E04	Vv	-33.19837273372647	-0.9948587488390775
DVIT0747_0000C__BIvDNAara1102A06_E06	Vv	-25.70728721146875	-0.20125003995056337
1670.0000B__BIvDNAara0070A04_E12	NA2	23.860310625421874	15.71173218387146
0410.0000C__BIvDNAara0048D12_C05	Vv	-14.562122889611993	-1.6032047099274471
DVIT0697_0000D__BIvDNAara1102A06_C07	Vv	-27.48114135155353	-0.9756390321700836
DVIT0767_0000C__BIvDNAara1100A04_F02	Vv	-21.292345997574213	-1.5685401123866147
ND_1_99_36__vDNAhat908A07_A09	NA1	36.98502344264611	35.55865846793015
PI_597145__BIvDNAgut0028C04_D09	NA1	40.19356160293358	38.84245220583348
ND_1_99_42__vDNAhat908A07_E09	NA1	35.811310185388294	34.935314268590886
DVIT0602_0000C__BIvDNAara1075G03_F12	Vv	-19.68047900241528	-1.312532303870008
ND_1_99_23__vDNAhat908A07_G06	NA1	36.8945206848083	35.61477282120226
L0217__vDNAhei1312D10_E03	Vv	-24.143182107927647	0.09296416464254006
17_109_07__vDNAcad1067F07_H09	NA2	28.91614180956455	23.687522163033556
DVIT0773_0000C__BIvDNAara1100A04_H07	Vv	-21.626723055514997	-1.2204548507392787
2010-153__vDNAwor1522F06_B09	Mus	39.21672037779963	-40.41747012928815
2227.0002A__BIvDNAara0067A01_G02	NA2	28.620520755856532	21.439121507754347
Plate8_B1_Muscat_of_Alexandria__EXTvDNAmej0020A11_B01	Vv	-34.34603014751029	-0.984360049969188
BLE9__EXTvDNAWOR0047A01_C09	Mus	37.113945873228346	-38.71451185827433
9.8.180__EXTvDNAbar0005H11_E09	Vv	-33.89120392466	-0.9161153718197054
588347__vDNAlon095H11_G08	NA1	38.98495163535509	37.82545972422694
525_113_11__vDNAled565B03_F12	Vv	-32.451511939610135	-1.3545256937512173
Varadi__EXTvDNAbar0006A01_A11	Vv	-23.717231337404915	-1.2666549368842968
8.14.199__EXTvDNAbar0003C04_E10	Vv	-30.575893020458405	-0.40584718830860383
ND_1_86_112__vDNAhat900H11_B02	NA1	39.014268781207555	37.15824261532772
DVIT2248_10__Muscadine_Plate1_F08	Mus	37.41728243186591	-39.205498600056266
S1101__vDNAhei1331F05_E06	Mus	42.046378095658106	-41.00648694759792
Plate2_A1_Muscat_of_Alexandria__EXTvDNAmej0014A05_A01	Vv	-26.781044957827106	-0.49379168073436847
Y537-117__BIvDNAnae0004A04_G06	Vv	-31.9292385069117	-0.9418506219250956
ChardonnaySelf1_B10__vDNAfen201A01_B10	Vv	-27.214166217819862	-0.25194116283419965
Y125-107__BIvDNAnae0001A01_B06	Vv	-29.97333144313548	-0.19560321202509354
MA_1__EXTvDNAsvy1639B09_G05	Vv	-29.707948755895277	0.1120976575637816
Cioutat__EXTvDNAsvy1639B09_B12	Vv	-30.907511003483084	-0.4998013217367488
DVIT0380_0000C__BIvDNAara1073G01_H05	Vv	-26.198841694196954	-0.975270195428914
E078__vDNAlon1138F06_G10	NA1	38.01896293030743	37.9142273231249
8.7.132__EXTvDNAbar0002B03_H04	Vv	-32.050670494476655	-1.3814068458130146
H2430__vDNAhei1325E11_A05	NA1	31.80642416950799	29.584845390567832
9.12.189__EXTvDNAbar0005H11_G11	Vv	-31.979711713624532	-0.7140264889703088
6.12.53__EXTvDNAbar0001A02_B06	Vv	-32.21828420402629	-0.985408312588812
E193__vDNAlon1140F08_C01	NA1	39.625674038881854	39.63399775231968
0422.0000C__BIvDNAara0048D12_A07	Vv	-11.937640246180282	-0.8332280888801336
2249.0002A__BIvDNAara0069A03_B08	NA2	25.825116630930236	21.63048198201921
588466__vDNAlon096H12_G07	NA2	27.294307757304423	23.487479708453165
DVIT2109_0000A__BIvDNAara1076G04_D09	Vv	-26.84574544530055	-1.4755678918625306
CL17RT__vDNAlon913A12_A03	NA1	35.54776168889868	33.825111940710535
AM158__Muscadine_Plate3_F05	Mus	39.42500167932153	-42.55932700089726
B27_61__vDNAled565B03_F08	Vv	-31.99025849605113	-0.6567757621542124
588160__vDNAfen552A02_C02	NA1	39.85545206216921	38.12971657142002
DVIT2676.0000A__BIvDNAara1092H08_B11	Vv	-25.454411282541447	-0.28978574841583915
588167__vDNAlon095H11_G07	NA1	38.98255415525176	37.753008558170485
110__EXTvDNAels0022A01_A11	Mus	41.79595431031291	-44.46635909552804
MT224__EXTvDNAsca1439D04_D07	Vv	-29.92681591825733	-0.10837203243260328
A1Y1_40RT__vDNAlon916B03_A11	NA1	35.22280425661163	33.52888318224228
DVIT0864_0000C__BIvDNAara1100A04_D04	Vv	-22.536282926411218	-0.6785219074284611
Y533-6__BIvDNAnae0001A01_A12	Vv	-31.269159680230587	-0.04084742169294626
8.6.130__EXTvDNAbar0002B03_E12	Vv	-29.95244238336136	-0.5468211506381653
DVIT1099_0000A__BIvDNAara1101A05_H03	Vv	-24.41510125540971	-0.9363589652708958
S1707__vDNAhei1332F06_H12	NA2	25.921739395026563	21.86523080635126
8.7.33__EXTvDNAbar0002B03_F07	Vv	-31.54474164550632	-1.2232277982680437
1701_76__EXTvDNAWOR0048A02_F10	Mus	37.6279567998055	-40.23868840431919
S2205__vDNAhei1334F08_D03	NA2	26.174991040044503	19.29285842872304
2015-97-0491__vDNAcad949A01_E12	Vv	-29.744500773911167	-0.540457941913882
Usakhelouri_T70_14__vDNAcad1493F03_D01	Vv	-25.13259238874986	1.402880044272809
2216.0008A__BIvDNAara0068A02_F02	NA2	27.438690982600427	23.562471504944593
K1107__vDNAhei1309D07_F02	Vv	-27.91627519691211	-0.36701384036291385
588439__vDNAlon096H12_D10	NA1	39.99373055067467	38.24379183248642
88__EXTvDNAels0022A01_C08	Mus	41.537935056455616	-44.512525002832525
115__EXTvDNAels0022A01_F11	Mus	42.11426888253481	-45.620199835467595
K1015__vDNAhei1308D06_C10	Vv	-24.95767580804518	-0.24066709530850125
L0349__vDNAhei1312D10_F10	Vv	-23.471611865066933	-1.1254620680217644
DVIT0657_0000C__BIvDNAara1102A06_F03	Vv	-24.174242159742057	-0.47110474516213785
K0531__vDNAhei1305D03_B11	Vv	-26.653491277817388	-0.8244225654543774
DVIT0942_0000D__BIvDNAara1099A03_G09	Vv	-30.430744314561384	-1.2774338092231265
8.6.51__EXTvDNAbar0002B03_D01	Vv	-30.57986972787627	-0.24222150152000738
AUTUMNSEEDLESS__BIvDNAnae0003A03_F03	Vv	-31.43075202870283	-1.295477697099138
8.6.26__EXTvDNAbar0002B03_C07	Vv	-30.194246811499532	-0.7769124340069706
483171__vDNAlon096H12_B10	NA1	39.34205857482906	38.32569154300067
J4__EXTvDNAWOR0047A01_H04	Mus	29.8776428226514	-31.976817056703133
340__EXTvDNAels0025A04_A04	Mus	40.6097044637328	-44.13661945469557
DVIT0311_0000C__BIvDNAara1073G01_C03	Vv	-19.075251963735813	-1.132945090207358
154__EXTvDNAels0023A02_F04	Mus	40.91163713982812	-44.36590328748451
S2319__vDNAhei1334F08_F07	NA2	22.239219209231646	16.40048713581082
7.10.9__EXTvDNAbar0002B03_B05	Vv	-32.86444682853187	-0.9449417649951498
DVIT2658.A__BIvDNAara1089H05_F04	Vv	-25.54049823550925	-0.7876585751552271
8.14.185__EXTvDNAbar0003C04_E02	Vv	-31.192158686417514	-0.45973898244238304
6.12.90__EXTvDNAbar0001A02_C02	Vv	-32.063614874895585	-0.6706751033965604
Y537-117__BIvDNAnae0003A03_B12	Vv	-32.01995919662773	-0.7600589460698015
6.12.29__EXTvDNAbar0001A02_B05	Vv	-31.9694696044105	-0.8353620624874807
VRMNW__vDNAfen1154A08_B08	NA1	36.37666280764192	36.00419529016153
DVIT0427_0000C__BIvDNAara1073G01_F11	Vv	-23.691517941711382	-0.7484779268908534
360__EXTvDNAels0025A04_G06	Mus	41.55230824640676	-44.25711245292076
1895.0000A__BIvDNAara0068A02_D04	NA2	26.64338436012505	22.420195941042063
ChardonnaySelf1_A12__vDNAfen201A01_A12	Vv	-29.588270683351574	-0.04815263597786011
9.4.147__EXTvDNAbar0004E09_F09	Vv	-33.026664798589394	-0.43185090776939616
588060__vDNAlon096H12_A10	EA	9.151558975414817	12.496903467719132
lon094G10__vDNAlon787A12_D11	NA1	40.770451286109	39.086996438310166
0446.0000C__BIvDNAara0048D12_D07	Vv	-13.914401219583942	-1.3867415180898932
Ark1214_51__EXTvDNAWOR0032A06_E03	Mus	37.11173433725759	-40.22507750577341
E134__vDNAlon1139F07_D04	NA1	41.66997987674428	40.559987546660366
A2Y1_C56L__vDNAlon917B04_D05	Vv	-29.177761633845368	-1.0313531846382211
DVIT0763_0000C__BIvDNAara1100A04_C02	Vv	-19.097170974968677	-1.3131074940017426
9.6.212__EXTvDNAbar0005H11_C01	Vv	-32.326119920180986	-0.5754269916788379
588325__vDNAlon096H12_G01	NA1	38.714270640071554	37.385796096986276
Alicante_Bouschet__vDNAfen1172C01_F01	Vv	-30.28239895436284	-0.11224513498984784
DVIT0675_0000D__BIvDNAara1102A06_H08	Vv	-22.043187015777992	-0.10603746287217303
160x271_915__vDNAlon506A10_G10	NA1	30.829800264325364	29.60153554226576
pc07082020_39__EXTvDNAcou0039A01_G10	Vv	-17.302156102101794	-1.5251036937296227
PI_588219__BIvDNAgut0031C07_B05	NA2	27.32675650860668	23.05505850445945
Olmo4_73__Muscadine_Plate3_C07	Vv	-30.329276042759414	-0.6535583106753703
160x271_835__vDNAlon505A09_B12	NA1	38.22569279838667	37.45584667913401
DVIT0714_0000D__BIvDNAara1102A06_H04	Vv	-25.50093443083014	-0.8608788989567819
DVIT0375_0000C__BIvDNAara1073G01_A06	Vv	-27.96209175819216	-0.6235604889899329
Parent_AM_18__EXTvDNAWOR0031A05_A01	Mus	38.352074194932676	-41.83079648800188
DVIT0323_0000D__BIvDNAara1073G01_C04	Vv	-23.16529662404678	-1.2119291479331638
H3157__vDNAhei1327F01_E06	NA2	26.583159227604195	22.694383613910826
8.22__Surya-Plate3_A12	NA1	38.30618328016629	36.24834993118292
Plate2_B1_Muscat_of_Alexandria__EXTvDNAmej0014A05_B01	Vv	-32.84347627418022	-1.0403485579265153
CL33RT__vDNAlon913A12_A05	NA1	37.2462312267105	35.642528369944785
E112__vDNAlon1139F07_B07	NA1	40.933827189407765	40.0623623633264
588160__vDNAlon1139F07_H07	NA1	40.54467114864209	38.76953943452689
PI_483169__BIvDNAgut0032C08_B03	NA1	40.402552103176085	38.82422927930447
3309C__vDNAfen552A02_C08	NA1	40.96062712866763	39.06812362916357
160x271_808__vDNAlon505A09_B08	NA1	35.04855994752411	34.35744807991747
VCR-24-70__EXTvDNAkha1526H05_C10	Vv	-31.097759740704397	-0.6094233378940417
ChambourcinPf_1__vDNAcad949A01_D01	Vv	-19.91764349431449	-1.4372074642035713
DVIT0393_0000C__BIvDNAara1073G01_D09	Vv	-22.626288310619007	-1.647398173438234
CabernetFranc__vDNAsap1562D03_F03	Vv	-27.60383308016089	0.5456942327975718
65__EXTvDNAels0022A01_E05	Mus	42.26815745369046	-45.58343164207634
2224.0007A__BIvDNAara0067A01_B06	NA2	26.951940181173534	22.855900208792303
PI_588349__BIvDNAgut0030C06_A11	NA1	39.573077583672685	38.01868606285787
ANA3_2__EXTvDNAWOR0048A02_B01	Mus	31.030055813694837	-32.691638639769806
KIL2__EXTvDNAWOR0047A01_E08	Mus	36.828790410381785	-38.84971696637258
ND_19_002_1_014__vDNAhat1061F01_G09	NA1	39.62253871656135	38.39837613340944
PI_237626__BIvDNAgut0028C04_A07	NA2	28.069456571740883	24.42393904425444
PI_588710.j__BIvDNAgut0037D01_G03	NA1	39.21397411690079	37.71348789013873
A2Y1_C207L__vDNAlon918B05_G01	Vv	-28.353914368672918	-0.4188488387091609
Ark1214_52__EXTvDNAWOR0032A06_F03	Mus	40.314501768088974	-43.04219775240199
d12s68__vDNAdia1369E06_G09	NA1	35.011872022701546	33.25924004565304
314__EXTvDNAels0024A03_G12	Mus	40.9765398770044	-44.25580587664276
193__EXTvDNAels0023A02_E09	Mus	41.68031259748713	-44.82803962559811
PI_588372__BIvDNAgut0034C10_A01	NA2	28.477665488479776	23.981975736099105
274__EXTvDNAels0024A03_G07	Mus	41.43787630427976	-44.5035755101623
PI_588258__BIvDNAgut0039D03_F05	NA1	40.58964390089398	39.19054494095743
K1161__vDNAhei1309D07_G05	Vv	-31.587675767854577	-0.21118996599286693
S-11-08__BIvDNAara0066F06_F03	Mus	39.973065049060295	-41.56411322107189
A2Y1_C45L__vDNAlon917B04_G03	Vv	-28.435966279777332	-0.09935630638073627
S0708__vDNAhei1330F04_G10	NA2	29.185248828015343	24.303725451698174
5.3.92__EXTvDNAbar0006A01_H06	Vv	-31.157062339772096	-0.9246706629808341
E106__vDNAlon1139F07_D08	NA1	41.601382391571775	40.55288509687128
DVIT0742_0000C__BIvDNAara1102A06_F12	Vv	-20.957642730747665	-1.5077583600291324
9.12.184__EXTvDNAbar0005H11_G06	Vv	-30.67386258497739	-0.6176398544897117
DVIT0842_0000F__BIvDNAara1100A04_A11	Vv	-25.949516042117313	-1.1988220206890032
Plate4_D1_Crimson_Seedless__EXTvDNAmej0016A07_D01	Vv	-33.287622280729636	-0.8454162596307387
6.12.162__EXTvDNAbar0001A02_C07	Vv	-32.24821790933439	-0.9736103242233589
7.11.17__EXTvDNAbar0002B03_B11	Vv	-32.813093990648234	-0.8917394723708585
Unkx13_101_1__Screenhouse-Plate1_A01	NA1	37.84920942688342	36.540379191449944
DVIT0749_0000A__BIvDNAara1101A05_D01	Vv	-23.608222543555417	-1.2074484516472717
6.24.46__EXTvDNAbar0001A02_H05	Vv	-32.06899888550435	-1.114306380366393
Ark1212_07__EXTvDNAWOR0032A06_H04	Mus	41.540161081154125	-43.53124981835436
212__EXTvDNAels0023A02_H11	Mus	41.18026375037403	-43.79810876735057
2010-163__vDNAwor1522F06_D10	Mus	41.52251174849909	-42.94789936064239
160x271_943__vDNAfen201A01_B06	NA1	39.05492875464472	38.57563137011134
2217.0006A__BIvDNAara0067A01_E08	NA2	27.880062355140865	23.522325913779543
525_125_11__vDNAled565B03_F11	Vv	-31.989544766421975	-1.0721155523684056
PI_588348__BIvDNAgut0028C04_E07	NA1	39.64644162248498	38.020488141865506
1901.0000A__BIvDNAara0067A01_H11	NA2	27.412830289624573	22.95135734883254
588632__vDNAlon096H12_H04	EA	9.142973050390266	12.592754264504116
WAM2__EXTvDNAWOR0048A02_E06	Mus	31.96708335563462	-33.710615309523064
DVIT1597_0000C__BIvDNAara1074G02_B08	Vv	-15.284880242512566	-0.4623762939523033
C75-4__BIvDNAnae0002A02_C12	Vv	-31.268869900911106	-0.2861404928069674
160x271_908__vDNAlon506A10_C09	NA1	37.201684229217896	36.2382034003739
2914.0000B__BIvDNAara0052E04_D12	Vv	-14.837701609750741	-1.7091119248026347
PI_588393__BIvDNAgut0031C07_A02	NA1	36.111664082508035	33.62451106702455
E003__vDNAlon1138F06_C01	NA1	42.28793535453046	41.42132502911186
DVIT0698_0000D__BIvDNAara1102A06_B07	Vv	-21.757459981963933	-1.1729970258953855
GVIT_1610__BIvDNAgut0039D03_D11	Vv	-31.506926749957522	-0.4526003239422691
V_rupestris_R65_36__Muscadine_Plate1_D09	NA1	36.9514124661383	34.71491718292203
ValleyPearl__vDNAlon787A12_A01	Vv	-31.220607823442087	-0.7808963750753979
278__EXTvDNAels0024A03_C08	Mus	41.92328335284627	-44.38366993065308
S-26-21__BIvDNAara0069A03_F11	NA2	25.91702708680399	22.131119674457224
DVIT0720_0000C__BIvDNAara1102A06_D10	Vv	-20.599416995906413	-1.794080720227071
8.11.145__EXTvDNAbar0003C04_A07	Vv	-31.793454948242793	-0.7294835964381111
8.6.113__EXTvDNAbar0002B03_E06	Vv	-30.73108188849222	0.02229735139309791
e5_122__Muscadine_Plate2_D08	Vv	-30.296235831898514	-0.3873678456556612
Gewurtztraminer_WA__vDNAlon095H11_F02	Vv	-29.390804300065806	-0.22197831728787668
SAP_04__vDNAfen1172C01_A12	Vv	-28.34248094898053	-0.34122509281851865
Emperor__Muscadine_Plate1_B09	Vv	-31.261052065574344	-1.0691770959828877
DVIT1341_0000C__BIvDNAara1074G02_H07	Vv	-19.570519139170383	-1.769850230646524
K0753__vDNAhei1307D05_B10	Vv	-27.337301322573175	0.12190332693470057
AS_4__EXTvDNAhau1397G05_C06	Vv	-31.223554209110812	-0.13860157568053516
d3s36__vDNAdia1360D09_D05	NA2	27.728436831304208	23.73413542191285
A2Y1_C325L__vDNAlon918B05_C06	Vv	-30.962938332099732	-0.8070791792438786
9.2.41__EXTvDNAbar0004E09_A09	Vv	-31.445440530952073	-0.950043094240019
WV23_20_006__vDNAsap1563E03_E03	Vv	-28.32265807994892	0.20932631988024836
2227.0003A__BIvDNAara0067A01_H02	NA2	23.339498507670573	16.41303692004476
17_109_38__vDNAcad1065F05_F07	EA	9.566676410600397	12.610972401513312
S1029__vDNAhei1331F05_A06	Mus	35.79870228204803	-32.05000069261644
P79-101__BIvDNAnae0003A03_E09	Vv	-29.89580821236242	-0.3397523445157307
DVIT0829_0000A__BIvDNAara1101A05_H01	Vv	-26.579648966411593	-0.6846257846497904
160x271_866__vDNAlon506A10_A04	NA1	36.677312628964515	35.485517327598636
AK.ouziom__EXTvDNAbar0008C05_D05	Vv	-20.955774161020326	-1.3300256176083352
2010-129__vDNAwor1522F06_B06	Mus	41.279741506732805	-42.206985320518626
H0127__vDNAhei1318E04_A10	NA1	36.77994602733743	35.65722383676002
224__EXTvDNAels0024A03_D01	Mus	41.6581399779942	-44.51834578240808
DVIT0585_0000C__BIvDNAara1074G02_E02	Vv	-20.29043507885749	-1.2879580097114287
Ilusion__EXTvDNAbar0006A01_C05	Vv	-28.584705920484488	-0.3107723542516458
6.10.32__EXTvDNAbar0001A02_A06	Vv	-32.79002419220638	-1.0683544893477839
Plate4_E1_Pinot_Noir__EXTvDNAmej0016A07_E01	Vv	-28.61492499810879	-0.18383190970083219
9.6.72__EXTvDNAbar0004E09_H03	Vv	-32.51794533511916	-0.8615867456016254
Superior__EXTvDNAbar0007B03_C08	Vv	-32.637542473713445	-0.6017368317168915
K1167__vDNAhei1309D07_B06	Vv	-27.569104228326218	-0.4766403010301626
PI_588460__BIvDNAgut0030C06_F06	NA2	27.21835993921095	23.17302999872417
PI_588353__BIvDNAgut0031C07_D04	NA1	37.84482481417107	36.571981159508056
1703_33__EXTvDNAWOR0048A02_H01	Mus	37.20038799811767	-40.47326857808322
DVIT2256_0000A__BIvDNAara1076G04_G11	Vv	-29.441784135733453	-0.8971118169867842
9.4.157__EXTvDNAbar0004E09_F11	Vv	-32.40190280567675	-1.0274532536950027
E163__vDNAlon1138F06_H12	NA1	38.96237772461815	39.46195515575321
PI_348889__BIvDNAgut0033C09_C01	Vv	-30.85607486317247	0.09625603655679539
RST_6_2__vDNAlon918B05_G10	NA1	40.9135949056665	39.1169738335624
9.6.170__EXTvDNAbar0005H11_A08	Vv	-31.556152827739407	-0.5691918573918432
Y538-58__BIvDNAnae0003A03_F05	Vv	-32.06748129698789	-0.6169218590840827
RS_74__EXTvDNAhau1398G06_G12	Vv	-29.525249981154523	-0.07393643218557194
2010-099__vDNAwor1522F06_G01	Mus	38.106605174648884	-39.69848496296815
E007__vDNAlon1138F06_G01	NA1	37.434502943107496	36.37483559915621
9.6.59__EXTvDNAbar0004E09_G11	Vv	-31.039963052539907	-0.6317016168436412
S1710__vDNAhei1333F07_C01	NA2	21.29878649123719	18.150117530951306
DVIT1981.D__BIvDNAara1089H05_H09	Vv	-29.94775492385235	-0.999543956964058
9.2.30__EXTvDNAbar0004E09_A04	Vv	-30.942751485386246	-0.37688940811951693
483169__vDNAlon095H11_G11	NA1	38.944774069654144	37.475352911364986
S1607__vDNAhei1332F06_F09	NA2	25.92520357530375	20.941534687960264
AM92__Muscadine_Plate3_E03	Mus	39.25077566131902	-43.02721116239384
Ark1212_63__EXTvDNAWOR0032A06_H11	Mus	37.9396843265357	-41.47403150504179
S3303__vDNAhei1336F10_C04	NA2	25.51721364922159	22.65682891803079
A2Y1_C193L__vDNAlon917B04_A12	Vv	-21.54582418577879	-0.440304315575601
8.14.188__EXTvDNAbar0003C04_E04	Vv	-30.92497444601674	-0.5947243057107761
J2__EXTvDNAWOR0047A01_H02	Mus	34.037306433485575	-36.41579273733584
2245.0014A__BIvDNAara0066F06_H01	Mus	39.556408415662666	-40.41409011871474
483145_056__vDNAcad1069F09_F11	NA2	25.666973050419866	20.430309210994146
K1503__vDNAhei1310D08_B10	Vv	-26.81080116945022	0.2873715234700537
ChardonnaySelf2D12__BIvDNAnae0016B04_D12	Vv	-21.777868315596095	-1.366072327318737
SUMMERMUSCAT__BIvDNAnae0003A03_G07	Vv	-29.60060200776921	0.06909177408878464
A40-93__BIvDNAnae0001A01_H02	Vv	-31.34314368792301	-1.0630229395180368
9.12.201__EXTvDNAbar0005H11_H08	Vv	-31.953933069835067	-0.6354190522393868
9.1.86__EXTvDNAbar0003C04_H05	Vv	-28.048055361754038	0.35313373084884675
6.24.27__EXTvDNAbar0001A02_G09	Vv	-31.3108493057619	-1.0693004415560547
C79-56__BIvDNAnae0003A03_A09	Vv	-30.70593959908306	-0.1566966929072376
6.12.227__EXTvDNAbar0001A02_D03	Vv	-33.01463654592695	-1.1247816517332079
AM178__Muscadine_Plate3_G05	Mus	35.36613907856761	-37.89473344767242
Y537-3__BIvDNAnae0002A02_H07	Vv	-31.521193913187748	-0.3251869667686531
DVIT2075_0000A__BIvDNAara1076G04_C06	Vv	-28.87686505551653	-0.7909968367379353
483172__vDNAlon096H12_F11	NA1	40.11304023171995	38.62765941912206
8.14.204__EXTvDNAbar0003C04_F02	Vv	-30.892164430098617	-0.8514132606419104
160x271_914__vDNAlon506A10_F10	NA1	36.564730307319394	35.4003798938812
PI_483166__BIvDNAgut0034C10_F01	NA1	37.8757224835264	36.58723147796737
160x271_843__vDNAlon506A10_B01	NA1	37.955477337889214	37.10607259400679
DVIT2308_0000A__BIvDNAara1076G04_E12	Vv	-22.201152050113663	-1.7226068102812906
DVIT0381_0000F__BIvDNAara1073G01_G05	Vv	-20.31192777361385	-1.4645718834176957
E207__vDNAlon1140F08_A03	NA1	37.35276616005474	36.745123806464036
6.14.153__EXTvDNAbar0001A02_F02	Vv	-31.98942158839935	-0.6736287405629555
S1619__vDNAhei1332F06_F10	NA2	25.891889261811155	19.474798399766257
6.14.127__EXTvDNAbar0001A02_E07	Vv	-31.926789011975078	-0.8710915211674354
Ark1212_29__EXTvDNAWOR0032A06_F07	Mus	37.95423959897458	-41.670631515551094
jBLi__EXTvDNAZYP0038A04_E04	Vv	-28.1830246442694	0.38246496393105983
B82_43__vDNArei092H08_H06	Vv	-30.622796959586147	-0.7470831525777747
Y150-11__BIvDNAnae0004A04_F01	Vv	-31.80306592500387	-0.7349515279878941
S3216__vDNAhei1336F10_C03	NA2	22.979575205197705	20.394649929522647
6.10.50__EXTvDNAbar0001A02_A11	Vv	-32.80162137820468	-0.8458917662932319
MTKl3-19__EXTvDNAsca1439D04_C07	Vv	-29.87867563958048	-0.22541540510053348
2238.0007A__BIvDNAara0066F06_A09	NA1	39.142902977779315	36.96462422585871
COUS_4__BIvDNAgut0035C11_D07	NA1	37.8161763863718	35.732697793154
2215.0004A__BIvDNAara0068A02_A01	NA2	28.07021655817811	23.474620485161022
DVIT1103_0000E__BIvDNAara1076G04_G03	Vv	-27.066603584284675	-0.32873603946859065
588271__vDNAlon1138F06_A07	NA1	37.56860113104526	37.417928921159664
GVIT_1583__BIvDNAgut0035C11_B05	NA1	39.29944126665071	37.65679465694253
A2Y1_C318L__vDNAlon918B05_C05	Vv	-29.355586186088058	0.15466731679949575
483161__vDNAlon095H11_H02	NA2	24.890015455550394	20.116568933814047
Ark1212_37__EXTvDNAWOR0032A06_F08	Mus	38.02471381327399	-41.78509071585963
588440__vDNAlon096H12_B11	NA1	39.45740780658426	37.96284342932318
2010-119__vDNAwor1522F06_C04	Mus	38.47101953217293	-39.827813860125005
2006-134__vDNAwor1640H03_F05	Mus	39.366378700718414	-42.998106155166845
James__Muscadine_Plate1_G04	Mus	38.21414503166056	-41.16155373918134
Ark1212_20__EXTvDNAWOR0032A06_E06	Mus	35.906081364269546	-39.441472190952375
E187__vDNAlon1139F07_E12	NA1	41.863175675721806	41.66754590596668
Y152-127-12__BIvDNAnae0002A02_C04	Vv	-31.471590255342583	-0.19722201248383844
DVIT1107_0000A__BIvDNAara1101A05_C04	Vv	-21.28196522266439	-0.7146447125492899
59__EXTvDNAels0022A01_G04	Mus	41.403595352294815	-44.388152014468375
DVIT0869_0000C__BIvDNAara1099A03_D06	Vv	-20.63918012962024	-0.6066982919314169
Y126-190__BIvDNAnae0002A02_B01	Vv	-32.03615453327995	-0.4649351913082264
DVIT2635.0000C__BIvDNAara1092H08_F04	Vv	-23.585398663204924	-0.5012052024798942
DVIT0708_0000D__BIvDNAara1102A06_F05	Vv	-26.261474270514512	-1.1675549313528475
56__EXTvDNAels0022A01_D04	Mus	41.706673316762284	-44.79793962680546
Chowan__Muscadine_Plate1_E10	Mus	38.65071946480825	-41.63181371823071
ScarletRoyal__vDNAled935C10_C12	Vv	-31.341955428701844	-0.666055071812379
Parent_AM_38__EXTvDNAWOR0032A06_D01	Mus	42.3748940637144	-42.43656648541331
DVIT0940_0000C__BIvDNAara1099A03_E09	Vv	-28.884431029622377	-0.2756534625630561
DVIT0584_0000C__BIvDNAara1074G02_F02	Vv	-18.943686998447003	-1.572102170873399
W0351__vDNAhei1341G03_A09	Vv	-24.58132032537392	1.0220414299527465
2_73_20__vDNAcad1068F08_D05	NA2	23.483867513631083	18.782041769712702
2010-112__vDNAwor1522F06_D03	Mus	40.10815593654599	-38.38691338310076
E167__vDNAlon1138F06_D12	NA1	38.500635225490505	37.911667361237754
Y146-44-08__BIvDNAnae0001A01_G02	Vv	-31.634241803077938	-0.0474480769500198
KIL6__EXTvDNAWOR0047A01_E12	Mus	36.51593777543292	-38.40247568416422
S1107__vDNAhei1331F05_H06	Mus	40.61479210566827	-37.933676695129186
DVIT0996_0000C__BIvDNAara1099A03_C12	Vv	-20.20999630231336	-2.4921251684042214
DVIT0724_0000C__BIvDNAara1102A06_H10	Vv	-28.07026624113994	-0.799589451430116
E132__vDNAlon1139F07_F04	NA1	41.600583280400386	40.83103587011231
Unkx13_101_50__Screenhouse-Plate1_H04	NA1	38.529307120584214	37.147227717123826
A2Y1_C67L__vDNAlon917B04_G06	Vv	-25.59401010930725	-1.7007592461287042
588329__vDNAlon096H12_E08	NA2	28.430915838872373	24.609735949572368
PI_588398__BIvDNAgut0032C08_D04	NA2	28.852416115900315	24.710039482726255
DVIT0774_0000D__BIvDNAara1100A04_G07	Vv	-21.593444455492346	-0.6737823390937416
Lady.Dawne__EXTvDNAbar0012C03_G11	Vv	-30.343325989238057	-0.8612057635560679
5.2.11__EXTvDNAbar0009D07_G08	Vv	-29.786043840543602	-1.5332159345595957
K1259__vDNAhei1309D07_F10	Vv	-30.767119589060442	-0.6210592046492345
0431.0000C__BIvDNAara0048D12_E06	Vv	-13.35897972752783	-1.212576102419137
150__EXTvDNAels0023A02_B04	Mus	41.24913753147117	-44.41926059516971
1611.0000A__BIvDNAara0068A02_H04	NA2	27.684438322434314	23.507179983579253
Crimson_Seedless__Muscadine_Plate1_B03	Vv	-33.788294028290615	-0.6646619053326707
ValleyPearl__vDNAlon1140F08_F09	Vv	-31.72708879577365	-0.46857949056302933
S1509__vDNAhei1332F06_G06	NA2	26.351078236623955	19.5464079539367
9.4.124__EXTvDNAbar0004E09_F04	Vv	-33.247549331090944	-0.9996322098806265
588353__vDNAlon095H11_D11	NA1	36.18312410900764	35.43531862750516
9.8.144__EXTvDNAbar0005H11_D03	Vv	-32.904889849658325	-0.8031049074589749
5.3.69__EXTvDNAbar0012C03_F10	Vv	-31.3016129524985	-1.3281862894536514
aes5__vDNAcad1517F08_G10	NA2	24.077901226872704	21.306221640543228
PI_588332__BIvDNAgut0028C04_H02	NA1	39.85681259485434	38.704850388156935
WCM10__EXTvDNAWOR0047A01_A10	Mus	34.4032715616265	-37.02592726721617
Plate6_E1_Pinot_Noir__EXTvDNAmej0018A09_E01	Vv	-29.233632654249277	-0.4369320909876928
ChardonnaySelf1C02__BIvDNAnae0015B03_C02	Vv	-20.22017001313944	-1.2342892687525586
Ark1212_41__EXTvDNAWOR0032A06_B09	Mus	41.197955730386575	-42.94823250254419
AM-387__vDNAwor1521F05_B07	Mus	39.208853333999016	-41.47475246305849
9.6.214__EXTvDNAbar0005H11_C02	Vv	-33.0733110803915	-0.6258139858274333
1703_27__EXTvDNAWOR0048A02_G11	Mus	35.055189162555365	-38.557259895194385
9.2.84__EXTvDNAbar0004E09_C07	Vv	-32.627494783428226	-0.7045362482349824
DVIT0933_0000C__BIvDNAara1099A03_G08	Vv	-25.737831115464918	-0.41074555586979766
8__EXTvDNAels0022A01_C01	Mus	41.51365011823293	-44.62333492686014
PI_597215__BIvDNAgut0028C04_D06	NA2	28.011140395482037	23.97748938985253
PI_588532__BIvDNAgut0031C07_F11	NA1	38.55392336052747	36.94084608131298
2186.0000A__BIvDNAara0066F06_D07	Mus	41.1846542126275	-43.438736713239564
Tandaya__EXTvDNAbar0008C05_A05	Vv	-29.64280706568671	-0.39414595974016403
160x271_869__vDNAlon506A10_D04	NA1	39.124255525171215	38.299761491235245
3309C__vDNAfen552A02_F08	NA1	40.78516617228655	38.90179033307064
ChardonnaySelf2A12__BIvDNAnae0016B04_A12	Vv	-24.380288198065116	-0.9427759460254166
0508.0000J__BIvDNAara0048D12_D03	Vv	-12.857871237537807	-0.8630484270902316
Seyval_Blanc__vDNAhat906A05_C01	NA1	38.648737072209656	37.3478453937596
2220.0004A__BIvDNAara0067A01_G10	NA2	27.051135161502675	23.31213004027532
ChardonnaySelf1_E12__vDNAfen201A01_E12	Vv	-24.894835342776496	-1.0321612708991597
DVIT2335.0000E__BIvDNAara1092H08_H05	NA1	32.05521766801938	31.253829568137895
Ruby_Seedless__Muscadine_Plate1_C12	Vv	-31.97086056310617	-0.4319797944694251
588160__vDNAlon501A05_C05	NA1	32.17809743244952	30.494481417747522
Parent_Ga8_1_313_1__EXTvDNAWOR0033A07_F01	Mus	34.30944923939041	-37.7043698735538
Y535-197-11__BIvDNAnae0002A02_E04	Vv	-32.19044374145904	-0.2908401432972377
2010-093__vDNAwor1522F06_A01	Mus	35.34458056177434	-38.40262878105029
483160__vDNAlon095H11_F04	NA2	24.71963209706363	20.59403187751251
PI_588210__BIvDNAgut0039D03_B01	NA2	27.271916203681794	23.017194104866764
HAR4__EXTvDNAWOR0047A01_D02	Mus	31.868977834508787	-33.79157328007446
588438__vDNAlon095H11_B09	NA1	38.90715829728671	38.06888567110186
JCK1__EXTvDNAWOR0047A01_G07	Mus	33.916634367780155	-36.68550015782527
17_109_16__vDNAcad1067F07_A11	NA2	18.979150207052793	17.072854488774414
9.4.71__EXTvDNAbar0004E09_C09	Vv	-33.03514367281739	-0.8380842512984593
2237.0002A__BIvDNAara0053E05_D12	NA1	39.40041302906565	37.291457238215095
588218__vDNAlon096H12_E07	NA2	28.39060701819204	23.693319160766922
9.4.176__EXTvDNAbar0004E09_G05	Vv	-30.641284877690996	-0.38825560908047485
GP_22__EXTvDNAhau0046A05_E05	Vv	-19.818731309778805	-1.2083798641920183
160x271_822__vDNAlon505A09_E10	NA1	35.468388351680055	34.292346341355895
E116__vDNAlon1139F07_F06	NA1	40.99221232592541	40.62896382760934
PI_588711__BIvDNAgut0034C10_H12	NA1	38.833577986373754	37.34065580261578
8.6.107__EXTvDNAbar0002B03_E04	Vv	-30.368149399880878	-0.4427776166734911
2006.0001A__BIvDNAara0065F05_H07	EA	9.930657474423183	11.831614860598934
PI_588181__BIvDNAgut0026C02_A09	NA1	37.05559109614201	35.52837218671162
S3331__vDNAhei1336F10_A06	NA2	25.500346161765272	21.58539958590205
9.12.183__EXTvDNAbar0005H11_G05	Vv	-30.785608822537913	-0.5340531860618815
DVIT0781_0000D__BIvDNAara1100A04_A07	Vv	-22.373400947564864	-1.5871566244075077
160x271_885__vDNAlon506A10_D06	NA1	38.67765519252466	38.037574914451405
9.8.133__EXTvDNAbar0005H11_C07	Vv	-34.05595819996305	-1.246403028151871
Usakhelouri_T69_14__vDNAcad1493F03_C03	Vv	-23.357530404966287	1.1986544582886096
6.13.232__EXTvDNAbar0001A02_E01	Vv	-32.82466336714018	-0.9780511427583287
84__EXTvDNAels0022A01_G07	Mus	41.86983271756854	-45.21650837184959
E147__vDNAlon1139F07_H02	NA1	41.36406016618553	40.93599540419471
THOMPSONSEEDLESS__BIvDNAnae0003A03_A08	Vv	-30.412780926317595	-0.20894445204941936
A2Y1_C321L__vDNAlon918B05_G05	Vv	-29.370960212274934	0.1864989790405935
9.12.193__EXTvDNAbar0005H11_H01	Vv	-32.21973144410227	-0.6928656607033372
588639__vDNAcad441D05_D05	EA	9.817184489546033	13.12355416156591
Titsa.Kaprei__EXTvDNAbar0006A01_C06	Vv	-29.51562926016944	0.33000123761057115
2010-124__vDNAwor1522F06_E05	Mus	36.599335712446596	-37.39890821948005
2664.0000A__BIvDNAara0052E04_G12	Vv	-12.539866774927283	-0.9649386616334589
A2Y1_C174L__vDNAlon917B04_F09	Vv	-30.710710279198366	-1.00782520499405
DVIT2171.B__BIvDNAara1089H05_F09	Vv	-27.21812295364592	-0.429316072561546
PI_588460.c__BIvDNAgut0037D01_F02	NA2	28.160540291290943	23.940196533720517
365__EXTvDNAels0025A04_D07	Mus	41.14863690736851	-44.304948873443145
6.11.60__EXTvDNAbar0001A02_B04	Vv	-33.38027328311756	-1.0134013857736024
DVIT0407_0000C__BIvDNAara1074G02_F11	Vv	-20.58363398100182	-0.8607728134620258
483147_024__vDNAcad1069F09_H02	NA2	22.70424087133152	18.206667794626657
DVIT0570_0000C__BIvDNAara1074G02_F04	Vv	-18.830195574375573	-2.0292633255786465
588199__vDNAlon096H12_E05	NA2	28.25766435173094	24.07541015294563
2241.0002A__BIvDNAara0066F06_A04	Mus	38.8499412286603	-39.55304910367688
PI_594348__BIvDNAgut0035C11_G03	EA	8.501213499238181	12.38923252370964
DVIT2093_0000J__BIvDNAara1076G04_C10	Vv	-25.685424917256643	-1.3904079396705509
Portugais.Bleu__EXTvDNAbar0006A01_D03	Vv	-29.98138261937784	-0.08942140303006058
pc07082020_8__EXTvDNAcou0039A01_A03	Vv	-18.983993656488035	-1.1124266918945094
CabSauv__vDNAlon787A12_H09	Vv	-28.48560627779556	-0.38998863637420544
E077__vDNAlon1138F06_F10	NA1	33.25409270656828	32.35359114048532
Y537-131__BIvDNAnae0004A04_G07	Vv	-32.04816339779202	-1.0611212267492547
Plate2_E1_Pinot_Noir__EXTvDNAmej0014A05_E01	Vv	-28.944110153184084	-0.24342714368828727
DIAMONDMUSCAT__BIvDNAnae0003A03_C07	Vv	-31.72932338716147	-0.6967264699107117
0448.0000C__BIvDNAara0048D12_E07	Vv	-13.745441019193875	-1.5759197239938505
A36-81__BIvDNAnae0001A01_F01	Vv	-30.767793483582263	0.0162115563959553
Y127-22__BIvDNAnae0002A02_F06	Vv	-30.250765899273603	-0.3144542349919426
DVIT0562_0000C__BIvDNAara1075G03_A12	Vv	-21.23583530842043	-1.2982535848426278
PI_588586.b__BIvDNAgut0037D01_F03	NA1	40.12835486137853	38.5868212429839
E136__vDNAlon1139F07_B04	NA1	41.540763248822245	40.7846064456362
E230__vDNAlon1140F08_E05	NA1	34.905785789903916	35.24748136155553
PI_588054__BIvDNAgut0032C08_D10	NA1	40.658968943617076	38.84963715587685
0510.0000D__BIvDNAara0048D12_F03	Vv	-12.46601442355434	-0.8156853246314406
vin7__vDNAcad1516F07_B10	Vv	-25.621804328369674	-1.4400621573829262
DVIT2113_0000B__BIvDNAara1101A05_B10	Vv	-25.55316700836818	-0.7775175499101964
A2Y1_C192L__vDNAlon917B04_H11	Vv	-24.991036026182254	-0.8755667543789875
B33-125__BIvDNAnae0002A02_A05	Vv	-31.56881979728137	-0.6697173951698535
588259__vDNAlon095H11_B10	NA1	39.194504318606164	37.74273664497492
6.24.51__EXTvDNAbar0001A02_H07	Vv	-31.845098944458243	-0.9491163798245486
DVIT0731_0000C__BIvDNAara1102A06_F11	Vv	-25.48455167555847	-1.1417137454988098
277__EXTvDNAels0024A03_B08	Mus	41.96042837062777	-44.78941651460728
DVIT2338_0000A__BIvDNAara1073G01_C01	Vv	-24.024123383582722	-0.7981904035077778
2218.0009A__BIvDNAara0067A01_C09	NA2	27.261561440264085	22.555068329170957
L1333__vDNAhei1316E02_F12	Vv	-30.24604172508979	-0.5628473317833559
5.10.94__EXTvDNAbar0012C03_A05	Vv	-32.50610552100086	-0.5024747609778761
DVIT2042_0000A__BIvDNAara1076G04_F04	Vv	-25.952813339473014	-1.1004809732373846
LateVavilov__vDNAcad1493F03_A06	Vv	-28.198383517512998	-0.6881014095550186
DVIT0598_0000C__BIvDNAara1075G03_C04	Vv	-20.677971472279598	-1.3428561645847008
CIN12__EXTvDNAsca1439D04_D09	NA2	27.962162716943073	24.508531414575543
DVIT0754_0000C__BIvDNAara1100A04_D01	Vv	-20.857681824487273	-0.8571465153528828
G12__vDNAcad1357E10_A08	Vv	-32.04603644156135	-0.3391294461688145
DVIT0707_0000D__BIvDNAara1102A06_G05	Vv	-27.819297958331607	-0.36229594805213206
483147_026__vDNAcad1069F09_B03	NA2	19.896627934900316	15.944394322307387
San_Jacinto__Muscadine_Plate1_H09	Mus	38.791373984811	-41.692897237853494
588205__vDNAlon096H12_G05	NA2	28.34679020037316	23.800186005300766
8.6.122__EXTvDNAbar0002B03_E08	Vv	-29.51285063863886	-0.14819456687431204
2010-133__vDNAwor1522F06_F06	Mus	39.12735102227087	-41.59385069433374
S2204__vDNAhei1334F08_C03	NA2	27.210010715242824	19.998690933727296
Ark1214_43__EXTvDNAWOR0032A06_E02	Mus	40.8497214826517	-43.30853714275953
H2637__vDNAhei1326E12_A01	NA2	24.859466821928155	19.78596445520859
DVIT2080_0000B__BIvDNAara1101A05_F10	NA2	18.345048689254043	15.416555445529287
41__EXTvDNAels0022A01_E02	Mus	41.73017576882018	-44.712415532591045
Y537-32__BIvDNAnae0002A02_E10	Vv	-31.643707726705074	-0.7512440047347427
7.11.12__EXTvDNAbar0002B03_B09	Vv	-32.40474661778526	-0.7958646466535978
588638__vDNAlon096H12_B04	EA	9.200583164169265	12.756915263630429
C56_11__vDNAled564B02_E02	Vv	-25.604091375833583	-1.339187182969247
9.4.86__EXTvDNAbar0004E09_D07	Vv	-32.40249179027562	-0.5698807845428424
C56-116__BIvDNAnae0002A02_C07	Vv	-32.76646049787657	-0.7369173691823818
PI_588684__BIvDNAgut0034C10_D08	NA1	25.21699285694469	23.341388479718805
d13s23__vDNAdia1370E07_G03	Vv	-24.480566120106523	1.583551877099623
0334.0000C__BIvDNAara0048D12_D09	Vv	-12.991844476975205	-1.0161925198565052
Welder__Muscadine_Plate2_B05	Mus	38.57712962544082	-42.08404698434018
B19-5__EXTvDNAsca1439D04_E01	NA2	26.787374406767032	23.155854231637395
Marsh__Muscadine_Plate1_H02	Mus	33.638538903946134	-36.03809281013139
Y130-163__BIvDNAnae0004A04_D06	Vv	-32.34617330946278	-0.8036818011340672
Y137-119-13__BIvDNAnae0001A01_D05	Vv	-31.28401812706458	-0.45509795438367534
0458.0000C__BIvDNAara0048D12_E08	Vv	-13.881918776736272	-1.3544365472175284
483147_019__vDNAcad1069F09_C02	NA2	24.155061209568846	19.529940237413612
S3510__vDNAhei1336F10_E08	NA2	27.248864997373087	22.615225371513283
DVIT0599_0000C__BIvDNAara1075G03_H03	Vv	-20.01778308350504	-1.4068741146047121
Y132-77__BIvDNAnae0004A04_D07	Vv	-29.962222496794343	-0.15696111376202793
DVIT0906_0000C__BIvDNAara1099A03_B02	Vv	-22.107637355708594	-1.7807845492706484
2943.0000D__BIvDNAara0070A04_B07	NA1	38.584747689204775	36.10679873045711
PI_588646__BIvDNAgut0033C09_C11	NA1	38.60148682097403	37.00655420462377
A2Y1_C300L__vDNAlon918B05_H02	Vv	-29.14996958258517	-0.01314958822804659
B4_108__vDNAled565B03_H10	Vv	-30.54818628913425	-0.4084568320055316
E169__vDNAlon1138F06_B12	NA1	38.16230774786667	37.59480589693456
6.13.231__EXTvDNAbar0001A02_D12	Vv	-31.84996599201717	-0.6310821063975096
L0631__vDNAhei1313D11_G12	Vv	-29.436576596110353	-0.2109120540228581
PI_588420__BIvDNAgut0033C09_H07	EA	6.8709190542599785	9.882917400465642
711_MA_038__vDNAlon501A05_D12	NA1	39.845022948088946	38.51737538241064
wCf__EXTvDNAZYP0036A02_F12	Vv	-26.849304057620614	1.011423961924535
Ark1212_13__EXTvDNAWOR0032A06_F05	Mus	37.16539948072011	-40.869601631194804
B25-101__BIvDNAnae0001A01_H04	Vv	-31.0291136226062	-0.4567841553875972
L1325__vDNAhei1316E02_B12	Vv	-29.620573325997437	-0.34509938260457623
S1827__vDNAhei1333F07_F06	NA2	25.24591656274519	21.076998785190852
K0477__vDNAhei1305D03_A09	Vv	-27.756209957119214	-0.1842031897679769
C48-20__BIvDNAnae0004A04_H03	Vv	-30.492086312090773	0.0644225960064072
Y132-11-09__BIvDNAnae0001A01_D06	Vv	-31.879923784704467	-0.5591629296933588
A36_81__vDNAled565B03_H02	Vv	-31.21560176953404	-0.22564718290080518
8.6.65__EXTvDNAbar0002B03_D05	Vv	-31.275195749920442	-0.5883131361498848
E043__vDNAlon1138F06_H05	NA1	38.395002421470565	37.76945374137101
A2Y1_C194L__vDNAlon917B04_B12	Vv	-24.489125268071607	-2.0170833929609953
CL15RT__vDNAlon913A12_G02	NA1	33.923771730282446	32.014081150364554
S1510__vDNAhei1332F06_A07	NA2	28.82538053025187	16.34253827454366
V.cinereaB9__vDNAlon787A12_G03	NA2	27.24282981152162	22.69403823783372
A2Y1_C306L__vDNAlon918B05_F03	Vv	-30.327777233520546	-0.9005749295457378
DVIT0899_0000C__BIvDNAara1099A03_G02	Vv	-27.678890020670796	-0.3527581960845559
DVIT0409_0000C__BIvDNAara1073G01_F10	Vv	-22.349504430703327	-1.4221383071877747
B71-58__BIvDNAnae0001A01_E12	Vv	-32.99558121862517	-0.7414154829393244
V_riparia37__vDNAfen195A03_E03	NA1	39.748048960901166	38.30613047980975
Y136-20-13__BIvDNAnae0002A02_H05	Vv	-32.35755488347371	-0.6795217586808396
9.1.100__EXTvDNAbar0003C04_H09	Vv	-30.10084467313274	-0.2714954304168922
9.4.95__EXTvDNAbar0004E09_E01	Vv	-32.630774037936916	-0.7924213643164302
160x271_818__vDNAlon505A09_A10	NA1	32.83775623716031	31.95708904188995
329__EXTvDNAels0025A04_F02	Mus	40.143473634470645	-43.175786486751655
9.6.216__EXTvDNAbar0005H11_C03	Vv	-32.565589123635206	-0.8060677495906926
588457__vDNAlon095H11_E12	NA1	39.01171838238275	38.029293638670765
Flame_Seedless__Muscadine_Plate1_B11	Vv	-21.589998931579537	-0.06852062257219825
DVIT0930_0000C__BIvDNAara1099A03_D08	Vv	-27.92756935581755	-0.7393131581273669
5.10.74__EXTvDNAbar0012C03_D06	Vv	-32.16696557931656	-0.3400240244426977
ND_1_99_58__vDNAhat908A07_F11	NA1	37.091768298313184	36.15112766676913
GVIT_1583__vDNAlon096H12_A02	NA1	38.58163507076875	37.20231012587493
159__EXTvDNAels0023A02_C05	Mus	41.515573655016475	-44.62317062933895
S1711__vDNAhei1333F07_D01	NA2	23.90018154593707	19.861355694343064
H3323__vDNAhei1327F01_C11	NA2	24.008718297614998	21.489708670569343
E052__vDNAlon1138F06_F07	NA1	35.69707309784055	35.44464011584497
9.2.54__EXTvDNAbar0004E09_B06	Vv	-31.611289246040247	-0.8802190366597822
Y133-206__BIvDNAnae0004A04_B01	Vv	-30.947819411942138	-0.5395126569813575
160x271_876__vDNAlon506A10_C05	NA1	38.29577627851961	37.046307290771
E119__vDNAlon1139F07_C06	NA1	41.26248948518957	40.53546677274964
Merlot__vDNAlon1140F08_F11	Vv	-28.18957732589177	0.5217920018315929
PI_588631__BIvDNAgut0033C09_H10	EA	10.115506666838897	12.917422109314012
VCR-24-91__EXTvDNAkha1526H05_H12	Vv	-29.80016945275156	-0.5937694447791995
S1129__vDNAhei1331F05_C09	Mus	36.91166398114507	-34.71575023016242
DVIT2083_0000A__BIvDNAara1076G04_G10	Vv	-23.821197179756815	-1.3292788031094924
2201.0013A__BIvDNAara0069A03_C04	NA2	21.374006944023037	14.573821113189812
DVIT0466_0000D__BIvDNAara1075G03_B07	Vv	-20.974765578231654	-1.4204567783789337
222__EXTvDNAels0024A03_B01	Mus	42.308787314368594	-45.01248256318088
0573.0000C__BIvDNAara0047D11_A02	Vv	-13.69944184052268	-1.0598511283736638
2241.0011A__BIvDNAara0066F06_F04	Mus	37.88547852804584	-39.65259706432038
DVIT0922_0000C__BIvDNAara1099A03_E07	Vv	-28.483524936345013	-0.683624671795238
A2Y1_C75L__vDNAlon917B04_G07	Vv	-26.314235893386098	-1.5430186573435594
V_rupestris_B38__vDNArei056E08_E09	NA1	38.81495147174084	37.4127407724601
C56_11__vDNArei092H08_G07	Vv	-30.933986838916663	-1.1187243313600546
1137.0000A__BIvDNAara0069A03_E07	NA2	27.222870200077853	22.93353291049316
F2_35__Muscadine_Plate3_F02	Vv	-28.671236265686893	0.35485981052635596
WV23_20_004__vDNAsap1563E03_F01	Vv	-27.83790172748103	0.32707460230685004
Itasca__vDNAsap1571E04_H04	Vv	-31.294244312680167	-0.7602964425439449
PI_588400__BIvDNAgut0031C07_D02	NA1	39.650179859991226	38.7287625050432
190__EXTvDNAels0023A02_B09	Mus	40.913385528599704	-44.217485384887645
8.7.59__EXTvDNAbar0002B03_F10	Vv	-31.10230163250505	-0.5666917150912096
150_170_8__vDNAled565B03_A06	Vv	-31.652436369195218	-0.21812625424044635
BEAUTYSEEDLESS__BIvDNAnae0003A03_G03	Vv	-31.883611259397295	-0.8392844018137754
WV23_17_105__vDNAsap1576B05_F08	Vv	-24.15698214268511	1.2961497577559513
9.12.174__EXTvDNAbar0005H11_F11	Vv	-32.609189331528206	-0.8090150091742178
Plate1_A1_Muscat_of_Alexandria__EXTvDNAmej0013A04_A01	Vv	-29.447437580093304	-0.47694164627729047
160x271_781__vDNAlon505A09_G04	NA1	34.45553792643593	32.51395491660505
2234.0003A__BIvDNAara0069A03_H11	NA2	28.013150901983632	24.119855814402296
5.3.15__EXTvDNAbar0009D07_C09	Vv	-22.277119156800616	-1.500178564947262
588625__vDNAlon096H12_B09	NA2	27.888390549426074	23.51212780209472
BLE5__EXTvDNAWOR0047A01_C05	Mus	38.53745727002251	-40.35455152345492
E026__vDNAlon1138F06_H03	NA1	38.599263483088336	37.820418026539144
DVIT1335_0000A__BIvDNAara1101A05_D06	Vv	-25.77993741882189	-0.8292500450971474
DVIT0329_0000C__BIvDNAara1073G01_C09	Vv	-18.899236943931243	-1.6260725038335502
1284.0000C__BIvDNAara0070A04_H10	NA2	24.36568044417196	16.205258369191828
DVIT0876_0000C__BIvDNAara1099A03_F05	Vv	-27.1598790522956	-1.3121215195856717
B46-56__BIvDNAnae0004A04_A01	Vv	-28.432553786878803	-0.35805278186652273
B24-2__EXTvDNAsca1443D08_B06	NA2	27.151101775298315	23.205150129935166
S1829__vDNAhei1333F07_H06	NA2	22.664267343245452	18.91501126626993
Ark1212_33__EXTvDNAWOR0032A06_B08	Mus	41.30749679053401	-42.9960537862182
8.6.128__EXTvDNAbar0002B03_E10	Vv	-30.408008536603596	-0.17080691771543322
Ark1214_41__EXTvDNAWOR0032A06_C02	Mus	37.62857617982119	-41.30388765465603
PetitMenseng__vDNAsap1575A05_A05	Vv	-26.821887484318523	0.598825959362008
S1816__vDNAhei1333F07_C05	NA2	26.663284878684436	21.553195280075062
W0353__vDNAhei1341G03_C09	Vv	-24.407944597651518	0.8557137688694675
588352__vDNAlon096H12_H05	NA2	27.858745836178663	23.684259491757473
ScarletRoyal__vDNAled565B03_B10	Vv	-32.662368067662534	-0.7273427365580781
160x271_929__vDNAlon506A10_E12	NA1	37.1598142768133	36.23007898419608
S1908__vDNAhei1333F07_H07	NA2	24.76301024324821	20.904010294967527
143__EXTvDNAels0023A02_C03	Mus	41.09594122793507	-44.3243631667055
A1Y1_39RT__vDNAlon916B03_H10	NA1	35.844414535954996	34.298790443355365
PI_483165__BIvDNAgut0032C08_H05	NA1	39.30953803529137	37.49378636875568
6.10.11__EXTvDNAbar0001A02_A04	Vv	-33.15571245679793	-0.6431154514042703
5.3.7__EXTvDNAbar0009D07_B06	Vv	-30.098027569552833	-0.7673158201292504
2010-214__vDNAwor1520F04_G04	Mus	36.27984556857501	-39.97990253755134
L1279__vDNAhei1316E02_F10	Vv	-26.257758540320083	-0.9059617338763079
C84-246__BIvDNAnae0006A06_B05	Vv	-33.27928655446256	-0.6469209053089404
CABERNET__EXTvDNAsca1439D04_B08	Vv	-27.92172047767474	0.8561997085603165
A2Y1_C189L__vDNAlon917B04_A09	Vv	-23.833348873116925	-1.6223125984988715
GVIT_1614__BIvDNAgut0035C11_D06	Vv	-30.38260494866072	-0.5043999781946962
369__EXTvDNAels0025A04_G07	Mus	40.96922512914067	-43.72913214148726
5.3.120__EXTvDNAbar0006A01_H02	Vv	-31.865965332266693	-0.7597053136681134
Y132-35__BIvDNAnae0002A02_G10	Vv	-30.61602702307734	-0.47550078729966616
WCM6__EXTvDNAWOR0047A01_A06	Mus	36.66066942422207	-38.65930400920205
160x271_806__vDNAlon505A09_H07	NA1	41.203830381705195	40.46345425608009
DVIT0814_0000C__BIvDNAara1100A04_B03	Vv	-22.093332100338063	-1.4308013282537118
2010-142__vDNAwor1522F06_G07	Mus	37.79834788014022	-38.70664545457002
DVIT2661.B__BIvDNAara1089H05_H06	Vv	-27.055025052069773	-0.5230826804959657
9.6.102__EXTvDNAbar0004E09_H05	Vv	-31.859261810836205	-0.5629949581248617
214__EXTvDNAels0023A02_B12	Mus	40.819782720919896	-44.22912549423001
Y536-53__BIvDNAnae0002A02_D06	Vv	-31.723300902045764	-0.6230953329859994
2006-142__vDNAwor1640H03_C06	Mus	39.48626082553523	-42.005722298216995
8.7.128__EXTvDNAbar0002B03_H02	Vv	-31.465521802300227	-0.7659742049552015
PI_588674__BIvDNAgut0034C10_D04	Vv	-28.39506644797362	-0.23761193121485177
2010-175__vDNAwor1522F06_H11	Mus	40.12153732314296	-39.685158540040774
Flowers__Muscadine_Plate1_F10	Mus	37.03939878372387	-40.26314366058648
0445.0000D__BIvDNAara0048D12_C07	Vv	-13.009026523087243	-1.0088434246013491
E227__vDNAlon1140F08_D05	NA1	39.408592756984845	38.55306998233485
5.10.73__EXTvDNAbar0010E10_C12	Vv	-32.440629089538476	-0.8579900471365878
6.14.174__EXTvDNAbar0001A02_F07	Vv	-31.516468934206298	-0.5343121044198278
E035__vDNAlon1138F06_A05	NA1	39.99188157471994	39.39622203419564
6.14.123__EXTvDNAbar0001A02_E05	Vv	-31.33758330920413	-0.10891912518418179
C61-130__BIvDNAnae0002A02_E09	Vv	-31.816842973765326	-0.3682220133169935
B82_43__vDNArei092H08_H07	Vv	-30.40409200918442	-0.7427636807908122
5.10.69__EXTvDNAbar0012C03_B07	Vv	-28.75488957362471	-0.6573989655973681
Palomino__EXTvDNAWOR0033A07_D11	Vv	-30.33153878462528	-1.4729126288922874
E126__vDNAlon1139F07_D05	NA1	41.50882024342635	41.041685074005834
DVIT0832_0000C__BIvDNAara1100A04_B10	Vv	-19.577248125310515	-1.0644050165954937
160x271_860__vDNAlon506A10_C03	NA1	36.79294010665784	36.433007055455725
Medouar__EXTvDNAbar0006A01_A12	Vv	-28.245504255642413	-0.8264783719445463
H2611__vDNAhei1325E11_B11	NA1	33.66902365133453	30.50348357905417
DVIT0684.0000C__BIvDNAara1092H08_H01	Vv	-26.62220605071383	-0.2504524773521111
Y540-125-10__BIvDNAnae0001A01_H12	Vv	-31.887078953189288	-0.20440547099549333
160x271_827__vDNAlon505A09_B11	NA1	38.879160086957945	37.981519112499974
PI_588418__BIvDNAgut0029C05_D01	NA1	40.50812907888618	38.37266528078445
KIL5__EXTvDNAWOR0047A01_E11	Mus	35.92608199061276	-38.185932620039
Doreen__Muscadine_Plate1_F04	Mus	38.95531557029401	-42.07215006758272
588271__vDNAlon1138F06_B07	NA1	36.369974880677	36.08399869910655
S5620__vDNAhei1339G01_H09	NA2	23.892577986164863	18.534164115274542
Y536-26__BIvDNAnae0002A02_C06	Vv	-32.95459197391763	-0.5098703867779021
0409.0000C__BIvDNAara0048D12_B05	Vv	-14.65557502620564	-1.329634737820736
Y132-32-09__BIvDNAnae0001A01_E07	Vv	-32.18159770783684	-0.6012855558641429
DVIT0883.0000C__BIvDNAara1092H08_A08	Vv	-24.636295778409593	-0.07035416187843471
ND_1_86_99__vDNAhat900H11_D01	NA1	39.20754914150033	37.68411393037185
5.3.110__EXTvDNAbar0006A01_H01	Vv	-32.31856604944868	-0.9616173036382334
8.14.162__EXTvDNAbar0003C04_C12	Vv	-30.861122160711194	-0.5221303685055481
A2Y1_C326L__vDNAlon918B05_D06	Vv	-29.805152486044495	-1.1122247807955585
Tsolikouri__EXTvDNAbar0006A01_A05	Vv	-26.986530002929303	1.2001794954578253
PI_588574__BIvDNAgut0032C08_C12	NA1	39.527471022486836	37.67484362204161
DVIT0359_0000I__BIvDNAara1073G01_H06	Vv	-27.875553737252794	-0.645600269538641
89__EXTvDNAels0022A01_D08	Mus	41.420730756890315	-44.39537054425852
K1143__vDNAhei1309D07_G04	Vv	-26.810768957802132	-1.0104532652118416
DVIT0898_0000C__BIvDNAara1099A03_H02	Vv	-17.95608275423654	-0.9877651494486965
9.4.99__EXTvDNAbar0004E09_E03	Vv	-32.79024791742334	-0.5330122858380325
0418.0000I__BIvDNAara0051E03_A02	Vv	-13.889390320385035	-1.4049572439356364
DVIT0753_0000C__BIvDNAara1100A04_C01	Vv	-18.622037282701218	-0.6056412780802707
2221.0003A__BIvDNAara0067A01_B11	NA2	26.434261950422485	22.538944173129686
L1569__vDNAhei1317E03_E12	Vv	-30.696704512561666	-0.21072123792953368
2241.0014A__BIvDNAara0066F06_H04	Mus	39.0190019904405	-39.89037524104373
C65-24__BIvDNAnae0002A02_H10	Vv	-33.03973733186995	-0.799471899466693
DVIT2173_0000A__BIvDNAara1076G04_C11	Vv	-26.242317254052377	-0.6245092659084962
GVIT_676__BIvDNAgut0029C05_H07	NA2	28.27044803381833	23.96511268195406
Plate3_D1_Crimson_Seedless__EXTvDNAmej0015A06_D01	Vv	-33.3415799297733	-0.7324329738053643
SUNMUSCAT__BIvDNAnae0003A03_H07	Vv	-31.7911940204974	-0.6419514672199116
Ark1212_52__EXTvDNAWOR0032A06_E10	Mus	40.74873618058098	-43.16490747779127
ScarletRoyal__vDNAled1024B12_F12	Vv	-32.34243625449341	-0.5777785376389807
207__EXTvDNAels0023A02_C11	Mus	41.64705289612349	-44.65195000627931
9.12.202__EXTvDNAbar0005H11_H09	Vv	-31.66044924005733	-0.8544209718599698
2009__EXTvDNAsca1443D08_H03	Vv	-28.867283166449962	0.8554218011979314
SILk6__EXTvDNAsca1439D04_C06	Vv	-27.472686276783165	0.24481856432295354
PI_588223__BIvDNAgut0030C06_D11	NA1	38.337433751915775	36.906638265032264
6.12.58__EXTvDNAbar0001A02_B07	Vv	-32.0697180150874	-0.841782894087171
K0979__vDNAhei1308D06_C09	Vv	-28.555350408128906	-0.9305306530487679
DVIT0990_0000C__BIvDNAara1099A03_B03	Vv	-21.217990333681247	-1.6202158367662798
CL29RT__vDNAlon913A12_E04	NA1	36.07287599179625	33.7085077809215
Parent_Tarheel__Muscadine_Plate3_H11	Mus	39.18803321108023	-43.12012344217564
ND_1_99_34__vDNAhat908A07_G08	NA1	35.649151969081835	34.43881410203185
PI_588456__BIvDNAgut0032C08_H03	NA1	40.221255079148975	38.73949581928509
DVIT2170_0000A__BIvDNAara1076G04_E06	Vv	-29.39088907648954	-1.1317812945754255
407__EXTvDNAels0025A04_E12	Mus	42.011983809455046	-45.909751899383274
E025__vDNAlon1138F06_G03	NA1	38.88751032157741	38.58627461393489
B23_86__vDNAled565B03_F09	Vv	-31.71093093667002	-0.31080387796630987
r5s55__vDNAdia1390G03_B08	Mus	45.3561098690962	-41.454103489129416
597257__vDNAlon095H11_C07	EA	8.513273198416211	11.941327081571282
PI_588460__BIvDNAgut0036C12_F12	NA2	28.01680594866001	23.862518833977873
337__EXTvDNAels0025A04_F03	Mus	40.44148607430184	-43.60137024063956
382__EXTvDNAels0025A04_D09	Mus	41.12168861131474	-44.16655773435347
V_rupestris_B38__vDNArei055E07_E09	NA1	39.822914215129174	38.06817597296722
DVIT0618_0000C__BIvDNAara1101A05_A12	Vv	-26.307083623468763	-1.0361179454275153
Parent_Tarheel__EXTvDNAWOR0030A04_C01	Mus	35.30881768517484	-36.404671222869894
S3405__vDNAhei1336F10_D06	NA2	25.509252108544047	21.867014861494834
9.2.65__EXTvDNAbar0004E09_B11	Vv	-31.562454731830456	-0.3355491739993736
PI_588373__BIvDNAgut0030C06_H12	NA1	38.93955526294399	37.88399113095867
160x271_794__vDNAlon505A09_D06	NA1	35.897682725947696	34.525886695907914
17_109_37__vDNAcad1065F05_B04	NA2	26.094322510192374	22.319664344362742
A85_40__vDNAled565B03_F07	Vv	-31.665464739826504	-0.7466785429074323
8.7.95__EXTvDNAbar0002B03_G04	Vv	-32.42884441283869	-1.1380007884555632
Karadzhandal__vDNAcad1493F03_A04	Vv	-28.890869503129434	-0.29092353731329157
L_08_48__BIvDNAara1099A03_H03	Vv	-19.708327338014424	-1.3663905713881768
V_riparia37__vDNAfen195A03_F12	NA1	39.154479619439606	38.32079319505253
70__EXTvDNAels0022A01_B06	Mus	42.330970281355675	-45.72831730305139
DVIT0595_0000D__BIvDNAara1074G02_C01	Vv	-22.063824592819387	-1.4801371957328031
97__EXTvDNAels0022A01_D09	Mus	41.563381441462376	-44.79479008607654
DVIT0425_0000C__BIvDNAara1073G01_D11	Vv	-30.057307566107863	-0.5819329112683497
PI_588324__BIvDNAgut0039D03_H05	NA1	37.23689851429235	35.42466809082819
S1812__vDNAhei1333F07_G04	NA2	26.50064907678732	22.32486158077601
178__EXTvDNAels0023A02_F07	Mus	41.6642711885103	-44.89633206723383
5.10.170__EXTvDNAbar0012C03_C05	Vv	-31.887965373144347	-0.28952004382316293
DVIT2047_0000A__BIvDNAara1076G04_E05	Vv	-28.27751001880994	-1.3389783972624711
E113__vDNAlon1139F07_A07	NA1	41.49280325411132	40.67066292713604
DVIT0785_0000C__BIvDNAara1100A04_G06	Vv	-23.28506243378822	-0.41307194895384347
S3404__vDNAhei1336F10_C06	NA2	24.005926733132668	20.923985073769515
S1821__vDNAhei1333F07_H05	NA2	25.04592593613205	20.032043814983577
9.1.47__EXTvDNAbar0003C04_G05	Vv	-29.19788674117688	-0.26834386572445723
DVIT2656.0000A__BIvDNAara1092H08_A10	Vv	-24.996566477677185	-0.8843769873949132
Sunpreme__vDNAlon1140F08_D09	Vv	-30.684035366461256	-0.3324504815426782
K0353__vDNAhei1305D03_C02	Vv	-26.03636689051149	-0.04005534401952204
160x271_823__vDNAlon505A09_F10	NA1	40.42079433581845	39.197154095935716
160x271_837__vDNAlon505A09_D12	NA1	40.31043583616257	40.15911518240976
DVIT2343_0000A__BIvDNAara1073G01_E01	Vv	-25.807184889265134	-1.6014961275570698
Y213.007__BIvDNAnae0015B03_G01	NA1	30.757705013278077	28.834206533711978
2233.0007A__BIvDNAara0069A03_B11	NA2	27.95928319857808	23.552119602320424
S0404__vDNAhei1330F04_C06	NA2	25.136150250243606	17.536921760759625
6.24.72__EXTvDNAbar0002B03_A07	Vv	-29.819233557592273	-0.3070837051317338
B5-62__BIvDNAnae0001A01_C11	Vv	-30.469599964591733	-0.13406420819576123
398__EXTvDNAels0025A04_D11	Mus	41.228011431801484	-44.3292711545897
S1606__vDNAhei1332F06_E09	NA2	25.11670770582956	19.573275776887193
PI_588352__BIvDNAgut0030C06_F08	NA2	28.294189536655715	23.72917767521662
BSpG10__EXTvDNAsca1439D04_B07	Vv	-30.314520956660797	-0.6782991089817558
5.10.173__EXTvDNAbar0007B03_B02	Vv	-31.12823141464164	-0.7683897023128763
A2Y1_C63L__vDNAlon917B04_C06	Vv	-26.26589825220019	-0.79128125525594
151__EXTvDNAels0023A02_C04	Mus	41.457839128831374	-44.992973953140165
2006-029__vDNAwor1641A04_G04	Mus	39.288902875457495	-43.05311763988705
DVIT0313_0000C__BIvDNAara1073G01_F03	Vv	-23.77933208374707	-0.8500322206794052
Fricke_Mystery15__vDNAlon1201F02_F07	NA2	24.782898322126094	20.92351241269772
2010-139__vDNAwor1522F06_D07	Mus	40.39988708211541	-39.53754835407334
d18s18__vDNAdia1375E12_B03	NA2	27.990377483653496	23.64748275123209
17_109_43__vDNAcad1067F07_F02	EA	8.86698797815132	12.449145460365074
WV23_20_009__vDNAsap1565G03_H03	Vv	-28.31414697296408	0.252937662256054
315__EXTvDNAels0024A03_H12	Mus	41.53475566885802	-44.69735875931451
0687.0000C__BIvDNAara0041D05_H06	Vv	-14.718497853834402	-1.4147487198654138
17_109_48__vDNAcad1068F08_A01	NA2	27.204306274369173	22.99239174087627
2237.0005A__BIvDNAara0067A01_G01	NA1	39.278743037641895	37.32794675089037
A2Y1_C210L__vDNAlon918B05_B02	Vv	-30.414643594162317	-0.7724953251384724
160x271_805__vDNAlon505A09_G07	NA1	40.18770299396622	39.27030805006464
Ark1212_36__EXTvDNAWOR0032A06_E08	Mus	40.45109460354339	-42.7411745817448
AM187__Muscadine_Plate3_H01	Mus	38.95214357684189	-42.469323850593
K0511__vDNAhei1305D03_H09	Vv	-26.210897083685488	-0.7452125223985594
ValleyPearl__vDNAled565B03_E06	Vv	-31.783436884594394	-0.8616147709368763
DVIT0931_0000C__BIvDNAara1099A03_E08	Vv	-20.399753629901415	-1.0881304737737247
K1643__vDNAhei1311D09_A05	Vv	-26.641142652446828	-0.35003378471132474
Fricke_Mystery10__vDNAlon1201F02_A07	NA2	23.700222777119173	19.797739648101636
OKL1_3__EXTvDNAWOR0048A02_E10	Mus	36.70512583291012	-38.385348607826835
Y149-100__BIvDNAnae0004A04_E01	Vv	-32.175528441586955	-0.5663705207011608
AM-116TubeB__vDNAwor1640H03_C01	Mus	39.71000456188569	-42.7098293057453
K1657__vDNAhei1311D09_F05	Vv	-24.27572704894805	-0.37113973123436467
pc07082020_24__EXTvDNAcou0039A01_H06	Vv	-18.700492631840536	-2.292866127548768
CL39RT__vDNAlon913A12_G05	NA1	39.05959662011371	37.44588302026908
WV23_17_090__vDNAsap1576B05_G06	Vv	-25.648431089491098	0.8472679777244019
C61-99__BIvDNAnae0002A02_G09	Vv	-31.70888543724651	-0.7105292675700953
PI_588459__BIvDNAgut0033C09_A10	NA1	38.55865857044814	36.49729401648166
DVIT1122_0000A__BIvDNAara1076G04_B04	Vv	-21.865786914580212	-1.705951255129807
160x271_902__vDNAlon506A10_E08	NA1	36.0986299318668	35.310924261252396
V_rupestris_B38__vDNArei056E08_E10	NA1	39.81481454488052	38.01361684453193
8.11.138__EXTvDNAbar0003C04_A02	Vv	-30.91538913037898	-0.4601638294348538
DVIT0776_0000E__BIvDNAara1100A04_E07	Vv	-18.99453180206278	-0.4955726937685774
2010-107__vDNAwor1522F06_G02	Mus	41.95070143302017	-43.48728740925721
DVIT0456_0000C__BIvDNAara1075G03_E01	Vv	-23.84569691211155	-1.844190241742655
DVIT0855_0000C__BIvDNAara1100A04_E12	Vv	-21.495563561158193	-1.35570659780072
A56_89__vDNAled565B03_B06	Vv	-31.46663299422719	-0.4517069636572163
DVIT0696_0000D__BIvDNAara1102A06_D07	Vv	-24.616463243459727	-1.2220442666254654
CABERNET__vDNAnae944D07_F07	Vv	-29.329673744807035	0.20081243423784922
9.4.187__EXTvDNAbar0004E09_G08	Vv	-32.824709658806675	-0.5415852697623486
Nimrang__vDNAlon510B02_E02	Vv	-27.350625516749023	-0.9173912530918331
S3919__vDNAhei1337F11_E04	NA1	34.77792301378676	33.870935744754284
MTKl3-19__EXTvDNAsca1443D08_E06	Vv	-29.839489102207974	-0.2782956848938082
Ark1212_54__EXTvDNAWOR0032A06_G10	Mus	36.48834249537538	-40.09210819139582
8.14.175__EXTvDNAbar0003C04_D07	Vv	-31.949604719219344	-0.4412992992560692
2199.0002A__BIvDNAara0069A03_F12	NA2	28.548329745531365	23.882123863948067
PI_588324__BIvDNAgut0031C07_B02	NA1	38.266052872427764	36.426346092675594
14__EXTvDNAels0022A01_D01	Mus	41.593242277037724	-44.63623038690731
160x271_949__vDNAfen201A01_F04	NA1	38.585291385392864	37.446521348439816
Ark1214_39__EXTvDNAWOR0032A06_A02	Mus	39.327192956554605	-41.61825981226977
Summit_UA__Muscadine_Plate2_A07	Mus	39.2468285997834	-42.75552398380234
S0722__vDNAhei1330F04_F11	Mus	43.163751132674534	-40.28362197336269
8.11.171__EXTvDNAbar0003C04_B10	Vv	-33.30297641203479	-0.5370409385112132
Y530-124__BIvDNAnae0003A03_E08	Vv	-31.955469147273988	-0.7477144742222598
17_109_01__vDNAcad1067F07_B09	EA	7.515020100108568	10.842118426370716
8.7.99__EXTvDNAbar0002B03_G05	Vv	-32.239533697147074	-1.1500306188126816
S3501__vDNAhei1336F10_A08	NA2	24.22369891105185	21.613315397807387
2010-125__vDNAwor1522F06_F05	Mus	42.03294283175598	-40.06769734335207
SBF1__EXTvDNAWOR0047A01_H06	Mus	31.460643913643395	-34.11953169913518
2221.0007A__BIvDNAara0067A01_F11	NA2	27.314961667291787	23.159534331227007
W0621__vDNAhei1342G04_E12	Vv	-26.606585553745788	0.05334950798559294
C62-78__BIvDNAnae0002A02_C10	Vv	-31.74257838557546	-0.8193362312535868
C61-123__BIvDNAnae0002A02_D09	Vv	-31.228760116273488	-0.3778028168278685
201__EXTvDNAels0023A02_E10	Mus	41.2333101257926	-44.385435881146535
C14_2023__vDNAcad1357E10_H09	NA1	38.683791037585074	37.08045515357883
588258__vDNAlon787A12_G09	NA1	40.17271876318806	38.8330050756784
9.4.145__EXTvDNAbar0004E09_F07	Vv	-32.45474045089001	-0.3879940077197889
160x271_811__vDNAlon505A09_E08	NA1	34.3818260545462	33.57704718630256
9.8.134__EXTvDNAbar0005H11_C08	Vv	-33.27349246787148	-0.7681395906787872
3309C_5__vDNAfen1153A07_G05	NA1	35.38975707282015	33.5449674165164
Onslow__Muscadine_Plate1_H07	Mus	38.00238805166084	-41.17512894534855
DVIT0406_0000D__BIvDNAara1074G02_G11	Vv	-19.395565538827096	-1.763247116212035
E062__vDNAlon1138F06_H08	NA1	38.80678521813993	37.69967133660823
157__EXTvDNAels0023A02_A05	Mus	41.4314453667931	-43.63320962628761
K0505__vDNAhei1305D03_E09	Vv	-29.16156177738432	-0.7410191735442403
Y132-32-09__BIvDNAnae0002A02_F05	Vv	-31.52133159386211	-0.29440441480178525
PW_1__EXTvDNAhau1400G08_A09	Vv	-31.036668150056713	-0.6206961115250059
143_1_08__vDNAled565B03_C11	Vv	-30.945870859833782	-1.019949812317042
2006-042__vDNAwor1641A04_D06	Mus	38.64197559373406	-43.01566266012097
S0615__vDNAhei1330F04_F09	NA2	27.716989557895896	23.553644631798555
YCY3__EXTvDNAWOR0048A02_D09	Mus	34.16021111323436	-35.99355224313528
117__EXTvDNAels0022A01_H11	Mus	41.67111458534978	-44.89856167545183
5.3.55__EXTvDNAbar0012C03_B12	Vv	-31.878626527614532	-0.8145369792181917
A2Y1_C182L__vDNAlon917B04_F10	Vv	-23.436863049530373	-1.0565884284617484
0536.0000D__BIvDNAara0047D11_D08	Vv	-14.100218412520906	-1.1483052504322693
8.6.55__EXTvDNAbar0002B03_D02	Vv	-30.436183522404672	-0.21726485938087955
6.24.69__EXTvDNAbar0002B03_A04	Vv	-31.936234899050653	-0.7807787075908929
160x271_924__vDNAlon506A10_H11	NA1	36.812733471896905	35.49539649709591
A2Y1_C305L__vDNAlon918B05_E03	Vv	-30.453286206313575	-0.860715693729698
347__EXTvDNAels0025A04_B05	Mus	40.58682412511158	-43.604155485941085
DVIT0719_0000C__BIvDNAara1102A06_C10	Vv	-27.888094552715497	-0.4566942288128123
Ark1214_02__EXTvDNAWOR0030A04_E10	Mus	40.071858711860045	-41.536323299590414
DVIT0528_0000C__BIvDNAara1075G03_A09	Vv	-21.58705730792872	-1.590565491694771
H4106__vDNAhei1346G08_C01	NA2	28.268847010320737	23.15620080035146
2217.0007A__BIvDNAara0067A01_F08	NA2	28.18143374711979	23.86092607490661
WV23_20_005__vDNAsap1563E03_A03	Vv	-28.531844832515155	0.18995164751810556
9.4.173__EXTvDNAbar0004E09_G03	Vv	-33.564478747007456	-1.050769624251892
17_109_24__vDNAcad1067F07_G11	EA	7.553240756484281	10.81375439563525
0453.0000C__BIvDNAara0048D12_A08	Vv	-15.047869024523873	-1.591300240964762
S3416__vDNAhei1336F10_A07	NA2	25.62339504455502	22.323375187514323
588269__vDNAlon095H11_G10	NA1	39.23391826849979	37.960373834004706
Y133-90__BIvDNAnae0004A04_H07	Vv	-32.12824443966865	-1.216669266276375
Nesbitt__Muscadine_Plate1_H04	Mus	39.756340847169966	-43.239059771188344
6.10.48__EXTvDNAbar0001A02_A09	Vv	-32.808119716046335	-0.5165687592644227
FresnoSeedless__vDNAlon787A12_B02	Vv	-30.318486903835336	-0.4238386730281931
DVIT0751_0000C__BIvDNAara1100A04_B01	Vv	-20.292828403094816	-1.2269850697848774
160x271_912__vDNAlon506A10_G09	NA1	37.974640325379546	36.77394571767992
M13__vDNAled778A03_C03	Vv	-31.95628898868807	-0.9717980613729977
Gewurtztraminer_94__vDNAlon095H11_E02	Vv	-29.633101968650006	-0.3978880365172902
ND_1_86_123__vDNAhat900H11_C03	NA1	38.64460457945379	37.554122668004396
PI_588201__BIvDNAgut0027C03_C05	NA1	40.748996850797155	39.0276030707037
L1005__vDNAhei1315E01_G07	Vv	-24.242234335814906	0.20798152461829034
2220.0003A__BIvDNAara0067A01_F10	NA2	27.50167658112755	22.76706141239131
10.1__Surya-Plate1_H05	NA1	39.067118230334906	37.09436645968436
1586.0000C__BIvDNAara0070A04_E11	NA2	24.205034909835952	16.32740594238059
DVIT0541_0000C__BIvDNAara1075G03_C10	Vv	-20.82932563512477	-0.7963755754539615
E031__vDNAlon1138F06_E04	NA1	34.488741805934005	34.04904155161244
K0971__vDNAhei1308D06_H08	Vv	-26.88453398704781	-0.062054461788677975
Ark1212_61__EXTvDNAWOR0032A06_F11	Mus	38.115312160725274	-41.70426609256714
ND_1_99_29__vDNAhat908A07_B08	NA1	37.22809810282741	36.065409522006995
Fry_UA__Muscadine_Plate1_F11	Mus	39.82441165262921	-43.28442748211554
E197__vDNAlon1140F08_G01	NA1	41.154872528893634	40.3556618592383
DVIT0703_0000D__BIvDNAara1102A06_G06	Vv	-26.035819951507452	-0.9802721498577495
FR_1__EXTvDNAhau1402G10_B11	Vv	-32.131202191342176	-0.2236788824652104
9.4.188__EXTvDNAbar0004E09_G09	Vv	-32.50724686781914	-0.5445123274921616
CL57RT__vDNAlon913A12_A08	NA1	37.66061153593986	35.28446145966447
588404__vDNAlon095H11_A08	NA1	39.212647809254015	38.68289039697262
DVIT0927_0000C__BIvDNAara1099A03_A08	Vv	-23.88852450126386	-0.40119619100192705
588385__vDNAcad441D05_B06	EA	9.878355681034815	13.129224047061172
DVIT0837_0000E__BIvDNAara1100A04_F10	Vv	-21.758228169349884	-0.8202662334549715
CabernetSauvignon__vDNAhwa140D08_E08	Vv	-28.7378919990845	-0.165140821454219
DVIT0415_0000C__BIvDNAara1074G02_B11	Vv	-20.556837008500423	-1.6533837476286553
Y124-128-10__BIvDNAnae0002A02_B03	Vv	-32.75203274787654	-1.0384901086193108
6.24.15__EXTvDNAbar0001A02_G05	Vv	-31.73464566388931	-0.8328615496269756
2246.0001A__BIvDNAara0066F06_A02	Mus	38.19167672096664	-39.88324807243469
DVIT0422_0000H__BIvDNAara1076G04_G01	Vv	-21.675581766931934	-1.593910315642973
B31_164__vDNAled565B03_E09	Vv	-31.82124251351295	-1.007449301878918
DVIT1980.D__BIvDNAara1089H05_A10	Vv	-24.78264295543989	-1.7063168413433374
PI_588395__BIvDNAgut0039D03_B06	NA1	37.62562041846811	35.18613909542976
DVIT0454_0000J__BIvDNAara1075G03_C01	Vv	-21.994401639905007	-1.620508952560107
JCK2__EXTvDNAWOR0047A01_G08	Mus	36.14854030157484	-38.06877053266058
9.8.137__EXTvDNAbar0005H11_C10	Vv	-33.01536602264831	-0.7700814861952261
NC4__EXTvDNAWOR0047A01_F10	Mus	35.732181317972824	-37.67156989869768
DVIT1124_0000A__BIvDNAara1101A05_G05	Vv	-28.03427906298147	-0.6870226310562441
1577.0000C__BIvDNAara0070A04_G12	NA2	24.791690584987506	17.8884974981564
AM-183__vDNAwor1522F06_G04	Mus	36.08560553715106	-39.691019775009
PI_597139__BIvDNAgut0028C04_G07	NA1	40.82784022895757	39.080024733953856
LOTS20__EXTvDNAsca1439D04_H05	NA1	39.53371563692945	37.35560080258286
S4419__vDNAhei1338F12_B02	Mus	39.44258995697406	-39.46956920233272
PI_483147__BIvDNAgut0032C08_D06	NA2	26.436584227467392	21.058133744052174
E176__vDNAlon1139F07_B11	NA1	40.308996008712334	39.33880711995212
B81-9__EXTvDNAsca1439D04_C03	NA2	28.679479291002878	23.956934806043062
Ark1212_62__EXTvDNAWOR0032A06_G11	Mus	41.03156040280604	-42.470843268509235
9.6.69__EXTvDNAbar0004E09_H02	Vv	-32.752256159735246	-0.9442588203358444
0608.0000C__BIvDNAara0050E02_H04	Vv	-13.961071019548298	-1.2920908799074857
160x271_799__vDNAlon505A09_A07	NA1	31.454533141917338	29.671236779105772
ND_1_99_47__vDNAhat908A07_B10	NA1	36.17966759925032	34.854002139349674
Y150-107__BIvDNAnae0004A04_G01	Vv	-31.669041809659188	-0.3306451231229764
S0211__vDNAhei1330F04_C04	NA2	26.214953741233483	17.385010229665063
A89_25__vDNAled565B03_G07	Vv	-31.59196578898018	-0.8464938224579335
2220.0002A__BIvDNAara0067A01_E10	NA2	27.883724058860285	23.664595978334535
Chardonnay__vDNAsap1570D04_E04	Vv	-29.735755412622158	-0.5868699743783797
Ark1212_17__EXTvDNAWOR0032A06_B06	Mus	41.61175999857002	-42.22625246337694
E061__vDNAlon1138F06_G08	NA1	37.392000731941145	36.63546798104317
PI_597292__BIvDNAgut0035C11_D03	EA	8.562644172941988	12.254076246635137
B56-122__BIvDNAnae0001A01_B11	Vv	-31.335580568477663	-0.21092852469379172
S3414__vDNAhei1336F10_H06	NA2	23.3266907801455	20.70384358289536
588399__vDNAlon096H12_E03	NA1	38.82929583455402	37.43613561184098
6.14.171__EXTvDNAbar0001A02_F05	Vv	-32.132490072042884	-0.9918563065975412
DVIT0662_0000C__BIvDNAara1102A06_B04	Vv	-24.752264536309603	-1.1118943751933128
588152__vDNAlon095H11_F06	NA2	22.907579672506696	16.31387685569911
SAP_04__vDNAfen1172C01_B12	Vv	-28.190233429047783	-0.3161398350936628
DVIT1976_0000C__BIvDNAara1074G02_G08	Vv	-20.504948961590735	-0.0493214171481448
Ark1212_58__EXTvDNAWOR0032A06_C11	Mus	37.21462063629919	-40.96482610033209
9.2.78__EXTvDNAbar0004E09_C04	Vv	-31.15400987229686	-0.483241497506813
146__EXTvDNAels0023A02_F03	Mus	40.950681750019584	-43.57341621056318
2215.0006A__BIvDNAara0068A02_B01	NA2	28.845925430997287	24.028192004920058
B35-131__BIvDNAnae0002A02_A06	Vv	-31.869754964110268	-0.2726535567322974
DVIT0907_0000A__BIvDNAara1101A05_B02	Vv	-20.507026210328114	-1.62144085835505
5.10.77__EXTvDNAbar0012C03_E05	Vv	-32.074082964322045	-0.47010278725177246
L1219__vDNAhei1316E02_H06	Vv	-28.522634959242808	-0.29853782896819014
6.13.146__EXTvDNAbar0001A02_D09	Vv	-32.107357724237986	-0.7434645632559493
8.14.160__EXTvDNAbar0003C04_C10	Vv	-30.932856409340427	-0.7884358936818789
DVIT0576_0000C__BIvDNAara1074G02_A04	Vv	-20.40962272609131	-1.39045653422616
DVIT0748_0000C__BIvDNAara1100A04_A01	Vv	-20.89916626740768	-1.5762937854224088
V_rupestris_pillans__vDNArei716D01_G01	NA1	31.13648879260778	28.97765777436049
DVIT0663_0000C__BIvDNAara1102A06_C04	Vv	-29.03502425586884	-1.0963332020339307
2234.0002A__BIvDNAara0069A03_G11	NA2	28.40969502019139	24.185940050048828
E054__vDNAlon1138F06_H07	NA1	36.06448786150301	35.22200451617323
9.1.87__EXTvDNAbar0003C04_H06	Vv	-29.024644106292374	0.007579170036215285
S1831__vDNAhei1333F07_B07	NA2	26.46305075477477	20.36940807387368
H2411__vDNAhei1325E11_H03	NA1	35.20599231049096	30.040898693577066
DVIT0432_0000C__BIvDNAara1073G01_B12	Vv	-25.41076169564699	-1.2697800537192454
327__EXTvDNAels0025A04_D02	Mus	40.68491626737767	-43.51522634289146
e6_32__Muscadine_Plate2_D11	NA1	39.19130845194866	37.178671099040635
S3714__vDNAhei1336F10_D12	NA1	39.683747789921185	37.75015934139948
A2Y1_C76L__vDNAlon917B04_H07	Vv	-25.309654296187308	-1.2149318747518962
DVIT2073_0000A__BIvDNAara1076G04_A06	Vv	-21.603679984292857	-1.6775785401155334
PI_588410__BIvDNAgut0028C04_F03	NA2	27.89946325318727	23.808063321648433
Y534-91__BIvDNAnae0002A02_H03	Vv	-32.19753321184605	-0.7431379173795752
L1267__vDNAhei1316E02_H09	Vv	-28.49068279916331	-0.10043688804883155
K1109__vDNAhei1309D07_G02	Vv	-28.708306909263868	-1.9609271011951417
V_cinerea_B9__vDNArei091H07_H10	NA2	27.315172784241362	23.051346174700875
DVIT2095_0000B__BIvDNAara1076G04_A10	Vv	-27.503672122652027	-0.7578689029842539
A2Y1_C181L__vDNAlon917B04_E10	Vv	-28.269944024664444	-0.15537485630379236
S1824__vDNAhei1333F07_C06	NA2	29.22458244876792	24.757273350220604
588643__vDNAlon096H12_E09	EA	10.234457425354664	12.863125474712628
A47_30__vDNAled565B03_C05	Vv	-32.83515252124084	-0.9263701322807171
2010-120__vDNAwor1522F06_D04	Mus	42.330720875910245	-41.636504259308786
160x271_874__vDNAlon506A10_A05	NA1	39.49536829223304	38.878753649760725
Chief__Muscadine_Plate1_E09	Mus	37.54830519222734	-40.94164484547396
S1910__vDNAhei1333F07_A08	NA2	24.22249358929379	19.998607301254882
ND_1_99_24__vDNAhat908A07_H06	NA1	35.857275048894934	35.840108780063225
DVIT0803_0000D__BIvDNAara1100A04_A05	Vv	-21.589255477119384	0.3827065951741211
Alicante_Bouschet__vDNAfen552A02_G06	Vv	-30.76650832622198	-0.23169997897526756
6.10.5__EXTvDNAbar0001A02_H12	Vv	-33.10750313850545	-1.0088834622913005
0596.0000C__BIvDNAara0047D11_F04	Vv	-13.827975175732401	-1.6347310692413077
d11s3__vDNAdia1368E05_C01	NA1	36.88176221043741	35.15257629563502
483147_036__vDNAcad1069F09_D04	NA2	24.41265931161199	19.70330435634339
S3319__vDNAhei1336F10_C05	NA2	25.218697722154783	20.88308921118391
2006-075__vDNAwor1641A04_D10	Mus	37.97996477766772	-42.44413249365037
588640__vDNAlon096H12_E04	EA	9.640469659875912	12.776875928414066
S2102__vDNAhei1333F07_F11	NA2	25.48361300974828	17.428933321388705
E140__vDNAlon1139F07_F03	NA1	41.40565447836578	40.623236231921815
DVIT0733_0000C__BIvDNAara1102A06_H11	Vv	-23.259862850429773	-1.4606052941376206
DVIT0955_0000C__BIvDNAara1099A03_C11	Vv	-25.042555729021792	-1.1652693903740683
B29-110__BIvDNAnae0001A01_H11	Vv	-32.08784085019805	-0.8517152177116682
NC10__EXTvDNAWOR0047A01_G04	Mus	37.541390053892016	-39.75281100061942
2188.0000B__BIvDNAara0066F06_F07	Mus	40.38036923034514	-42.554012645013835
8.14.166__EXTvDNAbar0003C04_D02	Vv	-30.339215924738795	-0.0661730111568713
A2Y1_C307L__vDNAlon918B05_G03	Vv	-30.734230784543705	-0.7889154239505942
DVIT2670.0000A__BIvDNAara1092H08_E10	Vv	-25.113258732584406	-0.28401781747890625
5.10.86__EXTvDNAbar0012C03_H07	Vv	-32.45916580390714	-0.8223974340860862
KIL11__EXTvDNAWOR0047A01_F05	Mus	36.665020530674106	-39.285661025739905
DVIT0600_0000C__BIvDNAara1075G03_H12	Vv	-22.50084651183126	-1.649566072689855
S3224__vDNAhei1336F10_F03	NA2	24.978422403543004	21.835817219118375
C60-78__BIvDNAnae0002A02_C09	Vv	-32.36379591745482	-0.24468385430789905
K0545__vDNAhei1305D03_H11	Vv	-26.16124383493954	-0.5010686995115547
S1118__vDNAhei1331F05_H07	Mus	37.397025924709254	-35.13842719526648
Grner__vDNAlon1140F08_G07	Vv	-29.421156508576978	0.10402180864638602
5.10.101__EXTvDNAbar0009D07_E12	Vv	-32.40000115928403	-0.6232694395983808
2010-127__vDNAwor1522F06_H05	Mus	41.52137861478848	-41.29732085345075
L1165__vDNAhei1316E02_G04	Vv	-23.076251005989896	0.09199816803271217
S1717__vDNAhei1333F07_B02	NA2	26.78680941130017	22.203079240791144
Southland_JB__Muscadine_Plate2_A03	Mus	38.327539706108894	-41.14174147233477
1148.0000E__BIvDNAara0065F05_A11	NA1	38.949656281840554	37.48880390649178
DVIT0507_0000C__BIvDNAara1075G03_E02	Vv	-21.10029800980696	-0.8999770756011812
MUSCATOFALEX__BIvDNAnae0003A03_A05	Vv	-31.0565171961558	-0.4086289866973282
Alicante_Bouschet__vDNAfen1155A09_E09	Vv	-30.11857808254458	0.09828466383965206
SBF2__EXTvDNAWOR0047A01_H07	Mus	33.11993321818641	-35.17661834903556
DVIT0833_0000D__BIvDNAara1100A04_C10	Vv	-24.10069602077156	-0.6534898124880313
S1715__vDNAhei1333F07_H01	NA2	26.924061345660515	21.35296565688717
DVIT0894_0000D__BIvDNAara1099A03_A04	Vv	-27.33154498263075	-0.35379093711205656
E196__vDNAlon1140F08_F01	NA1	40.98082482870772	40.25730337289769
Parent_Magoon__Muscadine_Plate3_H10	Mus	38.65844245722469	-41.99705715508366
160x271_918__vDNAlon506A10_B11	NA1	33.803802082973085	32.684964474957965
6.14.168__EXTvDNAbar0001A02_F04	Vv	-31.63643948662151	-0.5954056399289849
DVIT0681_0000E__BIvDNAara1102A06_C08	Vv	-25.476752301975864	-0.6981100472480826
L1107__vDNAhei1315E01_H12	Vv	-27.477299889389815	-0.23951312362732907
E065__vDNAlon1138F06_C09	NA1	40.30703151421335	40.01278208656476
L1027__vDNAhei1315E01_B09	Vv	-26.649133431132157	-0.8451262654732115
DVIT1150_0000A__BIvDNAara1101A05_B06	Vv	-27.238099802079333	-1.367864398398766
160x271_898__vDNAlon506A10_A08	NA1	41.92752689737337	40.95117614980051
PI_588210__BIvDNAgut0026C02_E04	NA2	28.11116198352071	23.475836477891637
VCR-24-60__EXTvDNAkha1526H05_A09	Vv	-31.54969276175691	-0.7500771480731856
483149__vDNAlon095H11_H03	NA2	24.84966917439216	20.239777535076442
8.6.108__EXTvDNAbar0002B03_E05	Vv	-30.379275561891845	-0.24559160328866245
S3406__vDNAhei1336F10_E06	NA2	24.00876154401944	20.994117006149946
ANA10_2__EXTvDNAWOR0048A02_B06	Mus	34.35698161228339	-36.39246042589657
483147_031__vDNAcad1069F09_G03	NA2	23.02931302993494	18.752531557006275
V_rupestris_B38__vDNArei055E07_E08	NA1	39.37339602376323	37.68731669201854
ANA2_2__EXTvDNAWOR0048A02_A12	Mus	33.890454553823766	-35.59654422904438
L1151__vDNAhei1316E02_H03	Vv	-25.387775427380703	0.26805208206487074
Plate5_E1_Pinot_Noir__EXTvDNAmej0017A08_E01	Vv	-29.995473160113782	-0.4996061456761812
AM-183__vDNAwor1519F03_G03	Mus	39.82284804892433	-41.583670417525354
Ark1212_21__EXTvDNAWOR0032A06_F06	Mus	37.13161863559124	-40.744644928716895
PI_588448.e__BIvDNAgut0037D01_B01	NA1	39.62175581179954	37.46724829268512
C57-118__BIvDNAnae0002A02_G07	Vv	-32.867835783704614	-0.6138629385718721
9.4.79__EXTvDNAbar0004E09_D01	Vv	-32.689288218582654	-0.8120144336163868
S1429__vDNAhei1332F06_E05	NA1	37.3279713774828	35.668891327543264
A2Y1_C74L__vDNAlon917B04_F07	Vv	-27.35556765113765	-1.4293996271975373
PW_1_1__EXTvDNAhau1400G08_A01	Vv	-30.865024284419516	-0.007911336207720896
S1920__vDNAhei1333F07_G08	NA2	27.400680565618416	23.25183888779579
150_170_8__vDNAled565B03_A05	Vv	-31.744403611581706	-0.21218159867433414
E166__vDNAlon1138F06_E12	NA1	40.625459636147276	39.752804310483846
S1922__vDNAhei1333F07_H08	NA2	25.87726928888004	20.66995031821286
PI_588597__BIvDNAgut0033C09_F05	NA1	38.82820572078701	37.126436987520165
0592.0000C__BIvDNAara0047D11_B04	Vv	-15.887664666250974	-1.7808031170786256
2237.0003A__BIvDNAara0053E05_E12	NA1	39.2831361224401	37.341009688180655
A2Y1_C61L__vDNAlon917B04_A06	Vv	-22.894773244424744	-0.9030840187921971
DVIT1652.0000C__BIvDNAara1092H08_E06	Vv	-24.41161313448295	-0.5436869895303796
8.7.78__EXTvDNAbar0002B03_F12	Vv	-31.908653431632565	-0.5894798488781724
6.12.67__EXTvDNAbar0001A02_B09	Vv	-31.889817539251844	-0.8388465396249593
9.1.82__EXTvDNAbar0003C04_H04	Vv	-29.590275060687876	-0.42655928186532593
1704.0000C__BIvDNAara0070A04_A09	NA2	23.455343871087464	16.006600443346098
DVIT0629_0000D__BIvDNAara1101A05_D05	Vv	-27.489655952421003	-0.41728929288297567
182__EXTvDNAels0023A02_B08	Mus	41.04255871743993	-44.68012232843632
9.1.79__EXTvDNAbar0003C04_H02	Vv	-28.632062386930514	0.36630155689271565
ND_1_86_127__vDNAhat900H11_H03	NA1	38.38053380601344	36.94999015102349
Y132-212-09__BIvDNAnae0002A02_G05	Vv	-31.469537007240074	-0.8463126692321016
Cardinal__Muscadine_Plate1_A10	Vv	-32.16117827369396	-0.9166158655108064
588373__vDNAlon095H11_H08	NA1	38.03758767030619	37.21219567752931
0681.0000C__BIvDNAara0041D05_B07	Vv	-12.846882874271035	-1.3677896598319907
8.11.133__EXTvDNAbar0003C04_A01	Vv	-33.482851396483014	-0.9599965301190276
73__EXTvDNAels0022A01_E06	Mus	41.15851845506499	-44.05388446726956
DVIT0727_0000C__BIvDNAara1102A06_B11	Vv	-19.809430884065918	-1.0484086442893683
PI_588466__BIvDNAgut0032C08_F10	NA2	27.845273020000718	23.62356866203229
BLE10__EXTvDNAWOR0047A01_C10	Mus	36.43568616992893	-39.03186560991811
S3503__vDNAhei1336F10_B08	NA2	24.394020609536074	22.071092291472514
PI_483171__BIvDNAgut0032C08_G03	NA1	39.82717719393369	38.903523052245276
Y151-142__BIvDNAnae0004A04_A02	Vv	-31.716742692716473	-0.2521726062974199
Plate6_C1_Crimson_Seedless__EXTvDNAmej0018A09_C01	Vv	-32.305101610753006	-0.7273587434824068
9.1.31__EXTvDNAbar0003C04_F11	Vv	-29.084294623592974	-0.04838543634450033
VCR-24-71__EXTvDNAkha1526H05_D10	Vv	-31.500286644922397	-0.6370317909222367
160x271_759__vDNAlon505A09_A02	NA1	38.626391035993336	37.91574365701534
8.11.161__EXTvDNAbar0003C04_B05	Vv	-32.98335095622856	-1.012725413847508
9.4.103__EXTvDNAbar0004E09_E07	Vv	-32.67740103758523	-0.20683094783746417
Memory__Muscadine_Plate1_H03	Mus	38.082186938608146	-41.1350238019785
DVIT0410_0000C__BIvDNAara1073G01_G10	Vv	-26.706968795191287	-2.2092555652451735
L1079__vDNAhei1315E01_D12	Vv	-28.820340662905316	-0.5923003945324397
E013__vDNAlon1138F06_E02	NA1	42.86850608419621	41.49274216333238
Y126-14__BIvDNAnae0001A01_F10	Vv	-31.23942985888101	-0.4992700874769095
DVIT0548_0000C__BIvDNAara1075G03_H10	Vv	-21.94739236601784	-1.858306848384127
9.4.77__EXTvDNAbar0004E09_C11	Vv	-33.07907037606541	-0.625315217394834
6.24.30__EXTvDNAbar0001A02_G10	Vv	-30.23344425668126	-0.5439547332457835
PI_588670__BIvDNAgut0034C10_G03	Vv	-31.38270409915192	-1.224420962670867
8.6.88__EXTvDNAbar0002B03_D12	Vv	-30.401901965549808	-0.3590703039121092
9.6.128__EXTvDNAbar0005H11_A01	Vv	-32.58472245678096	-0.6781229025562207
9.8.163__EXTvDNAbar0005H11_D12	Vv	-32.18705580516019	-0.6350683529513818
YCY5__EXTvDNAWOR0048A02_D11	Mus	30.42635601598097	-32.85369918761535
2228.0018A__BIvDNAara0067A01_C04	NA2	23.895734745106395	16.666297940888413
239__EXTvDNAels0024A03_E03	Mus	40.89062137814243	-43.55690152849027
Y149-114-12__BIvDNAnae0002A02_D05	Vv	-31.610929374560243	-1.1716715111361242
DVIT0496_0000C__BIvDNAara1075G03_E03	Vv	-20.59337544812996	-1.8347624716922777
8.7.127__EXTvDNAbar0002B03_H01	Vv	-32.02329644520094	-1.2295574077936975
384__EXTvDNAels0025A04_F09	Mus	40.73969802482258	-44.27095654135664
V_riparia37__vDNAfen136D04_G04	NA1	39.81105072252665	38.589233458301955
Y139-139__BIvDNAnae0004A04_F09	Vv	-31.946093262266483	-0.7203175806434684
DVIT2305_0000B__BIvDNAara1101A05_D09	Vv	-28.378589269220665	-1.0263751617076764
9.12.181__EXTvDNAbar0005H11_G04	Vv	-32.882807003535675	-0.9202152338152658
588711__vDNAfen1147A01_D12	NA1	39.63366172541427	38.357254757878394
160x271_829__vDNAlon505A09_D11	NA1	41.82833047256096	41.16845156458184
Chardonnay-rei__vDNArei092H08_H10	Vv	-30.480285891203298	-0.7998592928440673
2_73_06__vDNAcad1068F08_H03	NA2	23.331294476168203	18.867930259780106
8.7.122__EXTvDNAbar0002B03_G10	Vv	-32.23798566855055	-0.6201216841259157
RST_271_1__vDNAlon918B05_B12	NA1	29.942967645697028	29.00785129600179
S1501__vDNAhei1332F06_H05	NA2	26.108011200960597	18.95870185035126
VRMNW__vDNAfen1155A09_B09	NA1	28.213974727491365	28.120939754539837
B70-59__EXTvDNAsca1439D04_H02	NA2	27.26586425801523	23.337768528900444
E051__vDNAlon1138F06_E07	NA1	36.29410842596347	35.179220831035096
L1319__vDNAhei1316E02_H11	Vv	-28.420571246215285	-1.1087825928914221
DVIT0835_0000C__BIvDNAara1100A04_E10	Vv	-22.681661546725227	-1.2966645924599944
101__EXTvDNAels0022A01_H09	Mus	41.35248130824313	-43.91739382722968
V.CANDICANS__BIvDNAnae0007A07_D08	NA2	21.25201210638354	16.11854324390481
S1620__vDNAhei1332F06_G10	NA2	25.159687510771654	19.94506848460908
V_rupestris_B38__vDNArei043D07_D11	NA1	35.892881331668214	34.34010553815532
Y127-37__BIvDNAnae0004A04_C10	Vv	-31.364188354165876	-0.6334940530945866
Y151-5-08__BIvDNAnae0001A01_C09	Vv	-32.21843041346019	-0.797689189002234
DVIT0378_0000E__BIvDNAara1074G02_D12	Vv	-22.370757156254495	-2.3873380912991693
5.2.3__EXTvDNAbar0009D07_A06	Vv	-31.344487113092605	-0.5353619030023699
Chardonnay__vDNAlon1140F08_B10	Vv	-31.182497115372115	-0.2923999133774778
ChardonnaySelf2G12__BIvDNAnae0016B04_G12	Vv	-19.66733127405913	-1.5060324135834404
Y132-48__BIvDNAnae0004A04_B07	Vv	-31.1538021528101	-0.30388668657081813
202__EXTvDNAels0023A02_F10	Mus	41.21969616091359	-44.12383935416708
ND_1_86_97__vDNAhat900H11_B01	NA1	38.32189787188935	36.53653483005298
DVIT0913_0000C__BIvDNAara1099A03_F01	Vv	-21.506361078595592	-1.4241543936999443
588398__vDNAlon096H12_H07	NA2	28.09693980355377	24.28880549921968
1904.0000F__BIvDNAara0067A01_A12	NA2	27.439009224652747	23.046083183464003
1285.0000B__BIvDNAara0068A02_E04	NA2	28.037196298142113	23.51051790772108
pc07082020_7__EXTvDNAcou0039A01_G02	Vv	-13.608540301328318	-1.1975647501147169
WV23_20_003__vDNAsap1562D03_F09	Vv	-27.6767195106194	0.5032308667271342
DVIT0668_0000C__BIvDNAara1102A06_F09	Vv	-25.057058255231567	-1.3117013457766795
E109__vDNAlon1139F07_D07	NA1	41.39044461687427	41.11859689442031
DVIT0723_0000C__BIvDNAara1102A06_G10	Vv	-26.811053278100214	-0.8899020262890893
2004A__EXTvDNAsca1443D08_D04	Vv	-29.119654986009536	0.42766106225270833
160x271_751__vDNAlon505A09_A01	NA1	35.93825550020732	34.91623173042945
lon094A12__vDNAlon787A12_A11	NA1	38.754486827302195	36.61556427549257
JCK4__EXTvDNAWOR0047A01_G10	Mus	32.27277740239813	-34.49715659698112
pc07082020_34__EXTvDNAcou0039A01_D09	Vv	-15.45526880575084	-1.2872499739473229
9.2.33__EXTvDNAbar0004E09_A06	Vv	-31.84551921582177	-0.9267606893801731
NY13_0201_01__vDNArei1162A06_A12	NA1	35.35438934314992	34.40548422256676
335__EXTvDNAels0025A04_D03	Mus	40.09628269995989	-43.25729654984311
PI_588401__BIvDNAgut0033C09_F10	NA1	38.09185274138404	36.85263705430846
711_MA_008__vDNAlon501A05_F08	NA1	39.41698379635136	38.021729919619425
V_PU_A__EXTvDNAsvy1639B09_E11	Vv	-29.33100447955244	0.03967816291271447
160x271_851__vDNAlon506A10_B02	NA1	37.85803208506389	36.588530011540016
DVIT0332_0000C__BIvDNAara1073G01_H08	Vv	-19.148300333879813	-1.1076770214058504
Gewrztraminer__vDNAlon1140F08_C10	Vv	-29.294127878821428	0.09506378909620283
K0239__vDNAhei1304D02_D08	Vv	-24.989258679031277	-0.7848748798940964
K_02_13__BIvDNAara1076G04_D10	Vv	-26.68085502817576	-1.5142587785751056
CabernetSauvignon__vDNAhwa912A11_E11	Vv	-24.21596872104106	-1.0271771170667212
DVIT0871_0000C__BIvDNAara1099A03_C06	Vv	-24.794123471023237	-0.3604125008355983
169__EXTvDNAels0023A02_E06	Mus	41.17426607529686	-44.111391653132
S3927__vDNAhei1337F11_B05	NA1	34.11780883898456	32.47125740367065
160x271_786__vDNAlon505A09_D05	NA1	34.1605455303541	33.20508950812334
DVIT0780_0000C__BIvDNAara1100A04_B07	Vv	-19.02621340464007	-1.002056352899066
DVIT0884_0000D__BIvDNAara1099A03_H04	Vv	-22.30686494909021	-1.8108908622315782
E042__vDNAlon1138F06_G05	NA1	42.52037269217615	41.83827224002214
9.4.101__EXTvDNAbar0004E09_E05	Vv	-32.93902502361756	-0.7267270743788375
2010-109__vDNAwor1522F06_A03	Mus	42.5026167841513	-40.44608236128492
Y149-72-12__BIvDNAnae0002A02_H04	Vv	-30.225900011759407	-0.14969208427981479
6.24.53__EXTvDNAbar0001A02_H08	Vv	-32.07835978268041	-1.0580919184471307
8.11.158__EXTvDNAbar0003C04_B03	Vv	-31.580099726558615	-0.5694150505533412
588271__vDNAlon506A10_E10	NA1	38.04542507941381	37.244222227625684
9.4.90__EXTvDNAbar0004E09_D10	Vv	-33.03141340666205	-0.6188227787718793
Y130-53__BIvDNAnae0004A04_B06	Vv	-31.182561442334457	-0.5857946846942675
VR_C166__EXTvDNAsvy1639B09_C10	EA	8.774001805762571	12.563160033224127
RIPalb__EXTvDNAsca1439D04_D10	NA1	39.83302227147586	38.04944722238187
S2323__vDNAhei1334F08_B08	NA2	24.675326489658328	18.184625235414188
PI_588685__BIvDNAgut0039D03_F09	NA2	27.270509434320328	22.902575548544963
2245.0006A__BIvDNAara0066F06_F01	Mus	39.203721219025844	-40.69724255687815
PI_588186__BIvDNAgut0031C07_A05	NA2	25.94169604029632	22.43448954982486
DVIT0461_0000C__BIvDNAara1101A05_F11	Vv	-23.571334269731747	-1.0782550260405237
Y130-61__BIvDNAnae0004A04_C06	Vv	-30.988799428710475	-0.539445892078584
B24-34__BIvDNAnae0001A01_H03	Vv	-32.57624682990318	-1.225589792672469
ChardonnaySelf1_F12__vDNAfen201A01_F12	Vv	-27.30802687246459	-0.16292665408196955
160x271_831__vDNAlon505A09_F11	NA1	39.83224552786029	39.11378928195856
344__EXTvDNAels0025A04_G04	Mus	41.47399085575971	-45.343674023478165
Chardonnay__vDNAcad439D03_C12	Vv	-29.82007942637802	-0.9392260222532719
CabFranc__vDNAlon1140F08_A12	Vv	-27.703153385981075	0.9815607888053135
S1028__vDNAhei1331F05_H05	Mus	40.523684474422126	-36.39510600905469
404__EXTvDNAels0025A04_B12	Mus	41.066472623970895	-44.287319663549596
DVIT2334_0000A__BIvDNAara1101A05_E07	Vv	-25.466651100877307	-1.009449967887492
B49_128__vDNAled565B03_H11	Vv	-32.54066418166395	-0.6880006617865357
A2Y1_C186L__vDNAlon917B04_B11	Vv	-28.13829093872772	-0.6225344823997356
A2Y1_C334L__vDNAlon918B05_D07	Vv	-28.658450899539858	-0.08258135963826577
DVIT0489_0000A__BIvDNAara1076G04_B02	Vv	-23.585305694672066	-1.3745536425722638
VR37__vDNAfen1153A07_H02	NA1	40.24868998276935	38.92946124389337
ND_1_99_41__vDNAhat908A07_D09	NA1	37.64009754899305	36.17692773961177
Ark1212_53__EXTvDNAWOR0032A06_F10	Mus	37.91074744860653	-41.723382690149855
C45-25__BIvDNAnae0002A02_A04	Vv	-32.01073098062602	-0.8129428885343292
Y135-342__BIvDNAnae0003A03_C12	Vv	-31.929691831194802	-0.6258221926372315
Y129-186__BIvDNAnae0004A04_H05	Vv	-31.274660047852276	-0.43092234497850734
8.6.63__EXTvDNAbar0002B03_D04	Vv	-30.29820196603474	-0.22117002078385345
VCR-24-68__EXTvDNAkha1526H05_A10	Vv	-31.434390034849617	-0.42522401580044306
0416.0000C__BIvDNAara0048D12_E05	Vv	-12.841528424516989	-0.8429435587793417
PI_588097__BIvDNAgut0035C11_G10	NA1	38.225715689931484	35.9022695675789
DVIT0921_0000C__BIvDNAara1099A03_D07	Vv	-26.402770477556494	-1.172085722587861
DVIT0630_0000C__BIvDNAara1102A06_A01	Vv	-21.44379165635756	-0.24643083516280773
E212__vDNAlon1140F08_F03	NA1	38.3395984178273	38.162527655945105
DVIT2339_0000B__BIvDNAara1101A05_A07	Vv	-26.29392329847367	-1.056249722799185
588272__vDNAlon787A12_F09	NA1	39.20784449546633	38.493648613816276
E076__vDNAlon1138F06_E10	NA1	36.17696370461045	35.561599982412474
Y538-181__BIvDNAnae0003A03_A01	Vv	-25.689649096255547	-0.45358771080450594
DVIT0710_0000E__BIvDNAara1102A06_D05	Vv	-27.59424396197633	-0.5334689831228157
160x271_881__vDNAlon506A10_H05	NA1	37.41887617764306	36.42082008213122
DVIT0926_0000E__BIvDNAara1099A03_H07	Vv	-27.877084634434784	-0.3873433011298045
160x271_906__vDNAlon506A10_A09	NA1	41.000501774385086	39.99691705728427
B39-50__BIvDNAnae0004A04_A03	Vv	-31.413455339948314	-0.5127143775763483
588382__vDNAlon096H12_C05	EA	8.644793150804643	11.913635125185317
DVIT0599_0000C__BIvDNAara1075G03_A04	Vv	-20.979895979329072	-1.2197524916853797
HAR10Q__EXTvDNAWOR0047A01_D09	Mus	38.03649685537367	-39.73258365041213
C67-129__BIvDNAnae0002A02_D11	Vv	-31.368918879790424	-0.33858170966537193
5.3.78__EXTvDNAbar0009D07_E01	Vv	-30.60806017245492	-1.2649763281868711
2010-157__vDNAwor1522F06_F09	Mus	37.22373383293626	-39.001267485080405
Y537_2_06__vDNAled565B03_G05	Vv	-30.774245969985586	-0.44438450666050555
DVIT0946_0000C__BIvDNAara1099A03_C10	Vv	-28.774738731361705	-0.850286191457746
2010-116__vDNAwor1522F06_H03	Mus	39.58330642579872	-41.05811798180474
A2Y1_C191L__vDNAlon917B04_G11	Vv	-26.291766123156858	-0.5361061412626577
588346__vDNAlon095H11_B11	NA1	38.40524766964521	37.10546903004111
PI_588367__BIvDNAgut0028C04_H07	NA1	39.3131592269667	37.49167669929203
Riesling__EXTvDNAWOR0033A07_E11	Vv	-22.618359676830607	-0.019083586054660446
Y533-58__BIvDNAnae0001A01_G11	Vv	-31.296826178117836	-0.7164426729097598
8.14.156__EXTvDNAbar0003C04_C07	Vv	-30.89545377586882	-0.7056509412692064
H1131__vDNAhei1321E07_H07	NA1	31.904693854844524	30.025811823136483
DVIT0851_0000C__BIvDNAara1100A04_A12	Vv	-21.885646994199032	-1.57764369097587
HAR2__EXTvDNAWOR0047A01_C12	Mus	36.020598620998136	-38.20524955840405
PI_588472__BIvDNAgut0032C08_F01	NA1	39.709318636880894	37.58865325732416
6.20.45__EXTvDNAbar0001A02_G03	Vv	-31.27542955813219	-0.48150808603836137
588631__vDNAlon096H12_D04	EA	9.570930195899287	12.684685304163057
ND_1_86_122__vDNAhat900H11_B03	NA1	39.416069072170906	38.06842825092828
AM184__Muscadine_Plate3_G10	Mus	38.81720981829668	-43.020738780932255
CH1925-31__vDNAwor1521F05_G12	Mus	39.67343458586355	-38.078824195797935
DVIT0838_0000C__BIvDNAara1100A04_G10	Vv	-21.50475835727208	-1.0096913521104944
1701.0000F__BIvDNAara0070A04_G08	NA2	21.869916822322583	15.342685589518034
DVIT2079_0000D__BIvDNAara1101A05_G10	Vv	-24.537312147151983	-1.7324395330377833
160x271_873__vDNAlon506A10_H04	NA1	34.19236806764782	33.35202785188494
Alba__Muscadine_Plate1_A03	NA2	26.123207614820842	20.33223444275438
A2Y1_C322L__vDNAlon918B05_H05	Vv	-29.78042313858145	-0.8253770605111364
DVIT2324_0000A__BIvDNAara1076G04_A05	Vv	-26.78402196071921	-0.962810074514579
nn__EXTvDNAbar0008C05_H10	Vv	-32.74356445664252	-0.9232579342199262
588271__vDNAlon506A10_D10	NA1	37.8232939411126	37.14191735112409
L1025__vDNAhei1315E01_A09	Vv	-27.026330879348254	-1.24838010986634
Plate5_D1_Crimson_Seedless__EXTvDNAmej0017A08_D01	Vv	-33.37132751319052	-0.9759433474836502
2753.0000A__BIvDNAara0052E04_A11	Vv	-12.340384541857391	-1.0911668732853876
PI_495622.f__BIvDNAgut0037D01_B02	NA1	33.66566531968259	31.412251243893195
2705.0000C__BIvDNAara0052E04_H09	Vv	-13.469980339895175	-1.729117081322094
2221.0004A__BIvDNAara0067A01_C11	NA2	27.525315524636696	23.25201952974794
DVIT0394_0000J__BIvDNAara1074G02_B12	Vv	-22.777398611724205	-2.3701912863450705
9.4.83__EXTvDNAbar0004E09_D04	Vv	-30.979863417835794	-0.26571945140584646
588324__vDNAlon096H12_F01	NA1	38.64255822328383	37.35815266131361
B28_128__vDNAled565B03_H08	Vv	-32.14132653916578	-0.9713744790801537
189__EXTvDNAels0023A02_A09	Mus	41.79461894898037	-45.108409199219686
DVIT0928_0000C__BIvDNAara1099A03_B08	Vv	-24.604585903331216	-0.3363093757292708
8.14.202__EXTvDNAbar0003C04_E12	Vv	-31.268506318465576	-0.8024518490748441
213__EXTvDNAels0023A02_A12	Mus	41.12116278590528	-43.99284402075812
PI_588378__BIvDNAgut0035C11_H10	NA1	38.826853880691644	37.17435322137758
E214__vDNAlon1140F08_H03	NA1	39.00584005137053	38.69756627806156
L1253__vDNAhei1316E02_A09	Vv	-24.858681912138188	-0.9819698717791486
9.4.144__EXTvDNAbar0004E09_F06	Vv	-32.64987999185628	-0.9361083837250711
588460__vDNAlon096H12_D09	NA2	27.53431997464106	23.65029741436379
DVIT1658_0000A__BIvDNAara1076G04_E04	Vv	-25.243496006326268	-1.1826409502288735
Y537-86__BIvDNAnae0004A04_F06	Vv	-31.53948317367591	-0.5772331470128111
209__EXTvDNAels0023A02_E11	Mus	40.503477358916136	-43.00544902039778
Alicante_Bouschet__vDNAfen552A02_D06	Vv	-30.694088996177424	-0.28417921193980145
Plate5_C1_Crimson_Seedless__EXTvDNAmej0017A08_C01	Vv	-33.31040236066376	-0.6521402624775003
DVIT2077_0000A__BIvDNAara1076G04_A11	Vv	-20.94977983519138	-1.1772201390044346
9.4.87__EXTvDNAbar0004E09_D08	Vv	-32.8662877382499	-0.5404493470860743
PI_588575__BIvDNAgut0039D03_C09	NA2	26.6360945438204	22.246111883596853
DVIT0917_0000C__BIvDNAara1099A03_H06	Vv	-28.158268711428857	0.09447102180941355
160x271_890__vDNAlon506A10_A07	NA1	35.296505673744775	33.669573944381796
381__EXTvDNAels0025A04_C09	Mus	41.5243895235686	-44.35567703340073
GP_11__EXTvDNAhau0045A04_B04	Vv	-28.662426397214983	-0.7447522997581035
Pinot_noir_777__vDNAcla1121E01_G01	Vv	-29.26479450764828	-0.5414312182706865
5.3.119__EXTvDNAbar0012C03_E09	Vv	-23.378780282117372	-1.3612210692462483
DVIT0471_0000A__BIvDNAara1076G04_A02	Vv	-27.671544543752834	-0.4533120466171678
B23_72__vDNAled565B03_D05	Vv	-30.25858058827851	-0.1046486862753275
E014__vDNAlon1138F06_F02	NA1	40.93643505135369	40.412659860243636
DVIT0873_0000D__BIvDNAara1099A03_A06	Vv	-20.271832873451224	-1.4241958318641785
DVIT2322_0000A__BIvDNAara1076G04_G12	Vv	-23.57686710295988	-0.9237387121074536
S1815__vDNAhei1333F07_B05	NA2	27.533139210489026	22.0331733325573
DVIT1858.C__BIvDNAara1089H05_F10	Vv	-23.673146004756855	0.8725419085394985
d18s20__vDNAdia1375E12_D03	NA2	26.72896509845025	22.32506034161403
PI_340969__BIvDNAgut0029C05_H06	NA1	39.955007609293965	38.41804269272511
8.6.78__EXTvDNAbar0002B03_D09	Vv	-31.00063260250038	-0.5064286291426359
V_cinerea_B9__vDNArei050E02_E05	NA2	26.50992861945429	22.6531657221023
K1177__vDNAhei1309D07_G06	Vv	-29.363972407153412	-0.879865110550696
0488.0000C__BIvDNAara0048D12_F01	Vv	-16.699431600382148	-1.8115023083510573
2218.0017A__BIvDNAara0067A01_H09	NA2	27.75430229890198	23.264207874359272
9.6.176__EXTvDNAbar0005H11_A09	Vv	-31.745451483706542	-0.8589221364595379
5.3.11__EXTvDNAbar0009D07_C03	Vv	-22.703231074782813	-1.4895018483043616
A2Y1_C46L__vDNAlon917B04_H03	Vv	-27.090522972635092	-0.8101676066551731
Irene__Muscadine_Plate1_G03	Mus	38.2527533749943	-41.023429182418084
DVIT2321_0000A__BIvDNAara1101A05_B08	Vv	-21.182515138817898	-0.5210051287395826
2248.0011A__BIvDNAara0066F06_A03	Mus	39.388224703311174	-40.19607511334586
0674.0000C__BIvDNAara0041D05_H07	Vv	-16.361326809376486	-1.4676475893189582
A2Y1_C309L__vDNAlon918B05_A04	Vv	-27.848068625097376	-1.300845656768257
2010-131__vDNAwor1522F06_D06	Mus	42.437380455278245	-42.06253410911739
E104__vDNAlon1139F07_F08	NA1	41.663661656974114	40.84679078501058
NC7__EXTvDNAWOR0047A01_G01	Mus	37.54939836976085	-39.54946888493747
V_rupestris_pillans__vDNArei717D02_H02	NA1	34.953429783165056	33.65677972870145
Palomino__Muscadine_Plate3_G11	Vv	-30.334688946155726	-1.229203612393137
Chardonnay__vDNAsap1572F04_F04	Vv	-29.3050078747177	-0.7326995440032721
Dixie__Muscadine_Plate1_F03	Mus	37.00367677229386	-40.02973237466229
NC11__EXTvDNAWOR0047A01_G05	Mus	37.13788241442185	-39.64115732282526
Fry_Seedless__Muscadine_Plate1_F12	Mus	38.152415843079105	-40.80733828187883
A2Y1_C204L__vDNAlon918B05_D01	Vv	-31.669112368959375	-0.6730153514301084
5.10.177__EXTvDNAbar0009D07_B12	Vv	-28.371208179757183	-0.39919703971199366
PI_588442__BIvDNAgut0030C06_E12	NA1	38.57031322327761	36.50525957465798
160x271_893__vDNAlon506A10_D07	NA1	37.10723076761699	35.686035019823784
E146__vDNAlon1139F07_A03	NA1	42.08689280157038	41.295436724042176
A2Y1_C318L__vDNAlon918B05_D05	Vv	-29.257866621622746	0.2265056216211131
Plate6_B1_Muscat_of_Alexandria__EXTvDNAmej0018A09_B01	Vv	-32.54895212579046	-0.4238126966998885
Y213.010__BIvDNAnae0015B03_G02	NA1	25.664292381393683	24.96417875148279
9.2.53__EXTvDNAbar0004E09_B05	Vv	-31.437519261745944	-0.6597500750995731
0331.0000C__BIvDNAara0048D12_A09	Vv	-12.695925142778067	-1.096924552722164
8.11.162__EXTvDNAbar0003C04_B06	Vv	-32.53646161421461	-0.5388837494653748
S1719__vDNAhei1333F07_D02	NA2	26.68866430784826	21.418957860386406
172__EXTvDNAels0023A02_H06	Mus	41.52912040075032	-44.70852956986772
SCARLETROYAL__BIvDNAnae0001A01_A08	Vv	-32.330716278894954	-0.657909911597397
DVIT0797_0000D__BIvDNAara1100A04_E05	Vv	-22.427482834038106	-0.6828290469285081
AS_4_1__EXTvDNAhau1397G05_A01	Vv	-30.14277167535497	-0.40799103428079914
160x271_947__vDNAfen201A01_F06	NA1	33.579285257126294	32.690856003191485
9.1.70__EXTvDNAbar0003C04_G10	Vv	-29.50462105153102	-0.12185526773668731
PI_588269__BIvDNAgut0030C06_G08	NA1	39.77368306883787	38.306842106197124
B45-128__BIvDNAnae0003A03_A11	Vv	-31.140558055949626	-0.8640607034544687
588356__vDNAlon096H12_H06	NA2	28.634187823771658	24.08619263092117
184__EXTvDNAels0023A02_D08	Mus	41.61302691802045	-44.43380978042822
Chardonnay2__GYZconcord_B12	Vv	-27.61328142357741	-1.5660933285718432
L0851__vDNAhei1314D12_H11	Vv	-22.4206135606837	0.17998255141283678
L1307__vDNAhei1316E02_B11	Vv	-29.860604720275806	-0.6545490073346673
DVIT0815_0000D__BIvDNAara1100A04_A03	Vv	-19.24017956731008	-1.8015250335787367
DVIT0399_0000C__BIvDNAara1073G01_A10	Vv	-19.40539261605621	-2.1299826135880418
V_cinerea_B9__vDNArei092H08_H11	NA2	26.94641966828296	22.991366777652228
2244.0007A__BIvDNAara0066F06_B01	Mus	38.560223687979004	-39.52626430361568
S0213__vDNAhei1330F04_D04	NA2	26.275111555229604	17.678013946952145
pc07082020_47__EXTvDNAcou0039A01_G12	Vv	-15.030546892777634	-1.6343006028750895
160x271_772__vDNAlon505A09_F03	NA1	35.98746822017892	34.46334067631301
DVIT1008_0000A__BIvDNAara1101A05_F02	Vv	-22.0330233548315	-1.713856523309866
DVIT0948_0000C__BIvDNAara1099A03_E10	Vv	-26.296663377097833	-0.30979962513985904
DVIT0545_0000F__BIvDNAara1101A05_G11	Vv	-19.99004752685483	-0.9747508166474786
A2Y1_C57L__vDNAlon917B04_E05	Vv	-19.804260761549372	-1.9713728944054183
118__EXTvDNAels0022A01_A12	Mus	31.714090725124986	-34.84530884677396
PI_588400__BIvDNAgut0039D03_A06	NA1	39.68502446948467	38.77113125679424
9.1.7__EXTvDNAbar0003C04_F03	Vv	-29.254996876472582	-0.15987276354469301
NC6__EXTvDNAWOR0047A01_F12	Mus	38.31466777433219	-39.59586857984248
7.11.33__EXTvDNAbar0002B03_C02	Vv	-33.26129804322406	-0.9891468191122588
9.1.22__EXTvDNAbar0003C04_F08	Vv	-28.910700090706104	0.33661473170483525
Patagonia__EXTvDNAbar0006A01_C07	Vv	-31.024094967709956	-0.6103422158200575
S3505__vDNAhei1336F10_C08	NA2	24.81086452227135	21.033210039917183
160x271_879__vDNAlon506A10_F05	NA1	40.28451143215941	39.07722604575402
179__EXTvDNAels0023A02_G07	Mus	40.9699552845836	-43.97154405303992
219__EXTvDNAels0023A02_G12	Mus	41.24609613827346	-44.72753845122701
DVIT0569_0000C__BIvDNAara1074G02_G04	Vv	-19.006546892714603	-1.1829942957919322
Y126-212__BIvDNAnae0004A04_C01	Vv	-30.27668160720926	0.037646480672764514
160x271_952__vDNAfen201A01_H06	NA1	36.417204474889864	34.97299572983558
E095__vDNAlon1139F07_G09	NA1	40.387606591426525	39.976289912435284
DVIT0322_0000D__BIvDNAara1073G01_B04	Vv	-20.690409807077277	-0.8533377709206585
2010-159__vDNAwor1522F06_H09	Mus	41.45048237144255	-42.727305747544946
0483.0000C__BIvDNAara0048D12_B01	Vv	-13.368971320593062	-1.4689654987164642
S4010__vDNAhei1337F11_A06	NA1	31.709149095227048	31.19450110695541
SWEETSCARLET__BIvDNAnae0001A01_H07	Vv	-31.205690599377768	-0.4138805429231559
6.24.36__EXTvDNAbar0001A02_H01	Vv	-31.917754569165435	-0.5978181596385418
PetitMenseng__vDNAsap1576B05_C05	Vv	-26.511243391758658	0.6812873403774355
Y126-100__BIvDNAnae0001A01_G10	Vv	-31.687907140825335	-0.49087932334067913
8.14.183__EXTvDNAbar0003C04_E01	Vv	-30.764329928334526	-0.6464199934891036
DVIT0577_0000D__BIvDNAara1074G02_H03	Vv	-24.841083502840586	-1.6099522680003033
176__EXTvDNAels0023A02_D07	Mus	41.20532852720968	-44.245358790875464
DVIT2118_0000A__BIvDNAara1076G04_G08	Vv	-29.910672060304222	-1.1450220097388584
DVIT1117_0000A__BIvDNAara1101A05_F04	Vv	-24.59737212317178	-1.6191078686744413
PI_588193__BIvDNAgut0039D03_C01	NA1	40.03389521433231	38.07882924222956
C56_11__vDNAled563B01_E01	Vv	-31.138800832124677	-0.9033220598719182
W0317__vDNAhei1341G03_D05	Vv	-25.44088076934073	0.9314293190071533
DVIT1085_0000H__BIvDNAara1101A05_F03	Vv	-28.492834501674036	-0.7104609130417489
Verdot__EXTvDNAbar0006A01_A06	Vv	-28.631149495764	0.11878767487141031
E220__vDNAlon1140F08_E04	NA1	37.49323863199508	38.15858803864372
54__EXTvDNAels0022A01_B04	Mus	40.30405204770614	-43.26762919353844
DVIT0809_0000D__BIvDNAara1100A04_G03	Vv	-21.624837766365253	-1.0690415325473805
1700.0000C__BIvDNAara0070A04_F08	NA2	21.230122670456527	14.911190120851954
9.6.140__EXTvDNAbar0005H11_A04	Vv	-32.29275819431209	-0.9707256680785887
WV23_17_103__vDNAsap1576B05_D08	Vv	-25.79125356081133	0.5068455002422504
227__EXTvDNAels0024A03_G01	Mus	40.92021137844533	-44.11279584660713
CH1125-64__vDNAwor1521F05_D12	Mus	37.06298483705805	-38.69005946392577
9.4.123__EXTvDNAbar0004E09_F03	Vv	-33.042041964368096	-0.790185015709765
Saperavi_5_002__vDNAfen201A01_B04	Vv	-26.22065790627833	-0.6418474558157038
0524.0000I__BIvDNAara0047D11_H06	Vv	-13.47360558310493	-1.5298047823537944
DVIT2027__vDNAlon787A12_H02	EA	9.331691270798586	12.593699992781751
L0849__vDNAhei1314D12_G11	Vv	-23.009077606201437	-0.5014373408074425
Ark1214_25__EXTvDNAWOR0030A04_A12	Mus	38.31170503305222	-41.145420641996246
PEL7__EXTvDNAWOR0048A02_C02	Mus	38.87836897344862	-40.86841284559539
DVIT0807_0000D__BIvDNAara1100A04_H03	Vv	-22.520550789912743	-1.1111989675286118
d18s23__vDNAdia1375E12_G03	NA2	26.534441170994352	22.935765938486533
2nd_Mystery__vDNAlon1202F03_D07	NA1	37.138535249490175	35.48513702611852
DVIT0902_0000C__BIvDNAara1099A03_E02	Vv	-20.438078742109504	-0.9954091652206858
DVIT0652_0000D__BIvDNAara1102A06_C03	Vv	-22.04456900621705	-1.6315106608533598
2010-118__vDNAwor1522F06_B04	Mus	41.75458795070832	-41.89158636725936
DVIT0533_0000I__BIvDNAara1075G03_E09	Vv	-19.600546918805378	-0.8622113465914975
DVIT1860.D__BIvDNAara1089H05_D10	Vv	-24.367545871857825	0.3261732574885462
K0159__vDNAhei1304D02_G04	Vv	-23.575978293675252	-0.6538368965144262
9.2.72__EXTvDNAbar0004E09_C01	Vv	-31.770296312503866	-0.8650289830796899
A2Y1_C327L__vDNAlon918B05_E06	Vv	-30.64664142225211	-1.0402794952082834
E226__vDNAlon1140F08_C05	NA1	37.46008618717818	37.61332066749288
B49-123__BIvDNAnae0002A02_G06	Vv	-31.795778525304073	-1.2384893149776217
160x271_940__vDNAfen201A01_H05	NA1	32.960792137524095	31.898818271350336
2241.0008A__BIvDNAara0066F06_D04	Mus	38.39025663664311	-39.62698781258406
9.8.149__EXTvDNAbar0005H11_D05	Vv	-33.743175664084745	-0.963944464601462
ND_1_86_106__vDNAhat900H11_H01	NA1	37.02898694062077	36.116460912225634
160x271_870__vDNAlon506A10_E04	NA1	36.857307244706355	35.74552535286035
PI_588600__BIvDNAgut0033C09_H05	NA1	38.92524709146408	37.12476289100655
DVIT0475_0000C__BIvDNAara1075G03_B06	Vv	-20.16677409999599	-0.9672428895469919
K0949__vDNAhei1308D06_G07	Vv	-27.768134758449015	-0.48112514069828977
S3212__vDNAhei1336F10_A03	NA2	25.06968087363275	22.142509737280236
8.14.182__EXTvDNAbar0003C04_D12	Vv	-29.749254190038407	0.12738064680386088
2010-095__vDNAwor1522F06_C01	Mus	38.16386090122417	-38.510495591126315
588393__vDNAlon096H12_E01	NA1	39.05710714080493	37.27412248361643
160x271_798__vDNAlon505A09_H06	NA1	41.310066812551476	40.61312887321956
S0208__vDNAhei1330F04_A04	NA2	25.96202047511605	16.791810191722192
B40_97__vDNAled565B03_G10	Vv	-31.77604820244719	-0.898021709742796
SauvBlanc__vDNAlon787A12_F06	Vv	-30.102546785470132	-0.3148681132648937
9.4.167__EXTvDNAbar0004E09_G02	Vv	-32.72814705732498	-0.38594311556790506
ChardonnaySelf2B12__BIvDNAnae0016B04_B12	Vv	-19.978252966466506	-1.7053883087965203
b59_47__Muscadine_Plate2_C03	Vv	-30.077077437766462	-0.3408835319949478
DVIT3162_0000A__BIvDNAara1076G04_B03	Vv	-25.89297633392843	-1.1294281764015117
DVIT2116_0000B__BIvDNAara1076G04_H08	Vv	-29.405804292849623	-0.6557112734618918
AM170__Muscadine_Plate3_G04	Mus	37.203215083784286	-40.69439598377052
380__EXTvDNAels0025A04_B09	Mus	38.54448854053066	-41.930472366321915
DVIT0885_0000C__BIvDNAara1099A03_G04	Vv	-22.14458150362185	-1.7754930353427376
Y540_193_05__vDNArei307A11_B12	Vv	-30.084947145928293	-0.02884750460179759
HAR7__EXTvDNAWOR0047A01_D05	Mus	37.61394061884841	-39.20420462243628
8.14.173__EXTvDNAbar0003C04_D06	Vv	-31.04321567209576	-0.6683180484107746
OKL5_3__EXTvDNAWOR0048A02_F02	Mus	35.42969423415203	-38.23497096473024
5.8.1__EXTvDNAbar0011B01_F12	Vv	-33.0077706467469	-0.6269388421576277
1604_2__EXTvDNAWOR0048A02_H06	Mus	37.910772133114634	-40.85395413054799
ChardonnaySelf2F11__BIvDNAnae0016B04_F11	Vv	-24.194290674189283	-0.9252718872156876
Y136-175-08__BIvDNAnae0002A02_G08	Vv	-32.88765430091126	-1.0419083823349329
160x271_900__vDNAlon506A10_C08	NA1	40.70119989479959	40.02828526282645
A69_79__vDNAled565B03_A07	Vv	-31.439005262827866	-0.6225245707984576
Y145-117__BIvDNAnae0001A01_C10	Vv	-31.99197186610763	-0.8668649033608525
UMT12__EXTvDNAWOR0047A01_B12	Mus	35.55042267913301	-38.25034631540367
588200__vDNAlon096H12_C06	NA2	27.940103696568674	24.260086714003535
AM-116TubeA__vDNAwor1641A04_D01	Mus	39.147880902955436	-42.65395735330947
0407.0000C__BIvDNAara0051E03_C01	Vv	-15.321362358918034	-1.5181823623920183
8.11.147__EXTvDNAbar0003C04_A08	Vv	-30.664920534294804	-0.4691653871828155
S3418__vDNAhei1336F10_B07	NA2	27.200146104988217	23.38711438009093
2020_5_82_16138064__vDNAlon510B02_A01	Vv	-29.776967861620896	-0.5648528533209344
9.6.182__EXTvDNAbar0005H11_B01	Vv	-32.01909799920572	-0.768256961942278
A2Y1_C171L__vDNAlon917B04_C09	Vv	-26.514485403611353	-1.5241120615270487
DVIT0596_0000C__BIvDNAara1074G02_B01	Vv	-24.829683039570263	-1.6371397547482047
9.8.174__EXTvDNAbar0005H11_E06	Vv	-33.30359184433984	-1.2622200821753413
9.6.211__EXTvDNAbar0005H11_B12	Vv	-32.51491256000409	-0.5299624592238827
Thornhill__Muscadine_Plate2_A10	Mus	37.38255193678158	-38.804846878367634
160x271_773__vDNAlon505A09_G03	NA1	38.61787414242942	37.990006656018
0520.0000C__BIvDNAara0047D11_F06	Vv	-12.719923594879921	-0.7775188516152355
MUSKATE__EXTvDNAsca1439D04_A08	Vv	-31.22730539968588	-0.6002996440065776
L1265__vDNAhei1316E02_G09	Vv	-27.090584746084904	-0.38411034803968874
160x271_920__vDNAlon506A10_D11	NA1	37.543906727458506	36.12752634793483
9.6.177__EXTvDNAbar0005H11_A10	Vv	-31.9573806706424	-0.8252350937682886
RST_7_2__vDNAlon918B05_A11	NA1	38.00871579121984	36.33966280626654
Red__EXTvDNAbar0006A01_D06	Vv	-31.60017051087701	-0.42053502036691204
S5616__vDNAhei1339G01_F09	NA2	20.28058720808571	15.567360766839741
8.7.107__EXTvDNAbar0002B03_G07	Vv	-33.16287109181413	-1.0190702746192948
Y213.001__BIvDNAnae0015B03_A01	NA1	31.455359494066002	30.52963164633509
Moscatel.Alba.Rosa__EXTvDNAbar0008C05_C11	Vv	-26.303546353395898	-0.5634566311997475
0470.0000C__BIvDNAara0047D11_F12	Vv	-14.693769925812912	-1.4439568614071183
1426.0000A__BIvDNAara0065F05_F11	NA1	40.27661295717259	38.56758463908125
E011__vDNAlon1138F06_C02	NA1	41.017879003996676	40.57403168986082
Y142-26-08__BIvDNAnae0001A01_A09	Vv	-31.899908213947278	-0.315086772711938
DVIT0527_0000E__BIvDNAara1075G03_H08	Vv	-18.714367194724034	-1.6744120083258691
E210__vDNAlon1140F08_D03	NA1	37.650365166237606	37.61065137802389
9.8.161__EXTvDNAbar0005H11_D10	Vv	-32.65710952185845	-0.7602789986213732
C09_2023__vDNAcad1357E10_C09	NA1	39.35808122936536	38.3454599051918
COUS_3__BIvDNAgut0035C11_C07	NA1	39.28319800275299	37.89478583413748
E123__vDNAlon1139F07_G05	NA1	40.93904830749946	40.211349351079015
DVIT0587_0000D__BIvDNAara1074G02_C02	Vv	-21.629171668780504	-1.5590815487678622
Plate8_A1_Muscat_of_Alexandria__EXTvDNAmej0020A11_A01	Vv	-34.07333863135796	-1.0298082333447065
VIL4__EXTvDNAWOR0047A01_D12	Mus	36.79521042912344	-38.82676591523981
RS_51__EXTvDNAhau1398G06_H09	NA1	38.22425121136148	37.868072575904655
A2Y1_C184L__vDNAlon917B04_H10	Vv	-25.038923987210353	-0.5855933444243789
Kemper_Mystery10__vDNAlon1202F03_A05	NA2	23.606323464302196	19.650062325305562
1108.0000A__BIvDNAara0050E02_B03	Vv	-13.74925789519561	-1.433800009168139
588217__vDNAlon096H12_F07	NA2	27.891164334863504	24.277810068893533
PI_588374__BIvDNAgut0030C06_F12	NA1	39.79048323195666	38.421128819835374
2238.0005A__BIvDNAara0066F06_G08	NA1	39.34128668696942	37.076062978043296
AM183__Muscadine_Plate3_G09	Mus	38.27454216073297	-41.77579517945819
NOC3_2__EXTvDNAWOR0048A02_C06	Mus	28.96029232771128	-31.53405158395857
PI_588270__BIvDNAgut0030C06_D10	NA1	28.51832780548279	27.209079268583846
144_45_08__vDNAled565B03_B07	Vv	-32.508148535629786	-0.4461830149613569
CabernetFranc__vDNAsap1562D03_G03	Vv	-27.703994675412023	0.5929354952717366
DVIT0858_0000C__BIvDNAara1100A04_G12	Vv	-23.974072471742144	-1.8988006167273639
ChardonnaySelf1_D12__vDNAfen201A01_D12	Vv	-28.622946345504726	0.06267973894605984
DVIT0633_0000C__BIvDNAara1102A06_D01	Vv	-23.255674023997656	-0.8206871484812729
PI_588414__BIvDNAgut0029C05_F04	NA1	39.55803959793753	38.55482132005365
Plate8_C1_Crimson_Seedless__EXTvDNAmej0020A11_C01	Vv	-23.10638716834753	-0.34312101737136347
366__EXTvDNAels0025A04_E07	Mus	41.92835406596176	-45.1092746870685
160x271_840__vDNAlon505A09_G12	NA1	36.247799980087926	35.335918541811964
9.8.157__EXTvDNAbar0005H11_D09	Vv	-33.8932968382486	-1.229651924860728
51__EXTvDNAels0022A01_G03	Mus	41.138285310604786	-44.276575269528166
DVIT0880_0000C__BIvDNAara1099A03_C05	Vv	-27.663057072868206	-1.447106159529422
DVIT0769_0000C__BIvDNAara1100A04_D08	Vv	-21.36905820916436	-0.7163968317943364
S1509__vDNAhei1332F06_H06	NA2	25.80579594646992	19.200444113732573
2221.0005A__BIvDNAara0067A01_D11	NA2	27.193681680684342	22.967581857425
PW_1__EXTvDNAhau1400G08_H08	Vv	-31.3736820994024	-0.44556536396562985
NY76_0863_01__vDNArei1236G08_H04	NA2	25.40505094326662	21.020242727943177
588271__vDNAfen1147A01_E01	NA1	41.15635083618033	40.737746475100124
E055__vDNAlon1138F06_A08	NA1	35.541024920778014	34.90483995942369
S1310__vDNAhei1331F05_G12	NA1	37.052436027641804	34.160510062941945
DVIT0478_0000B__BIvDNAara1075G03_H05	Vv	-20.891572227857576	-1.6912356431361237
160x271_784__vDNAlon505A09_B05	NA1	38.691375259082406	38.06672691297034
HAR6__EXTvDNAWOR0047A01_D04	Mus	36.67073664598743	-38.82934592574471
DVIT0625_0000C__BIvDNAara1101A05_F12	Vv	-23.03613037720093	-1.6390859275465317
DVIT2311_0000B__BIvDNAara1101A05_A09	Vv	-25.04425907666731	-0.7994968173960506
S0809__vDNAhei1330F04_D12	Mus	43.14746830575881	-39.84117625720656
2248.0005A__BIvDNAara0066F06_D02	Mus	41.38402379889513	-38.897530554300914
A2Y1_C295L__vDNAlon918B05_C02	Vv	-28.917191823850796	-0.12690875715691266
DVIT0472_0000C__BIvDNAara1075G03_E06	Vv	-17.700938954442368	-1.226211891004022
j5371__EXTvDNAZYP0038A04_B04	EA	5.538049712929571	7.994076373911797
1363.0000C__BIvDNAara0070A04_B11	NA2	23.548919471051494	15.538468714864608
PI_588218__BIvDNAgut0031C07_C04	NA2	27.742015508331754	23.43540737745694
E127__vDNAlon1139F07_C05	NA1	41.17357843922229	40.42844832730345
160x271_792__vDNAlon505A09_B06	NA1	36.774028382296194	35.45890611574915
S0305__vDNAhei1330F04_B05	NA2	25.891939517769952	17.536155742869685
2238.0002A__BIvDNAara0066F06_D08	NA1	39.581203192467115	36.905737824829174
75__EXTvDNAels0022A01_B01	Mus	41.90618757018359	-43.928477710426705
H2513__vDNAhei1325E11_F07	NA1	33.26321831203638	32.01821292539952
63__EXTvDNAels0022A01_C05	Mus	41.00988494264286	-44.113209557245035
2242.0006A__BIvDNAara0066F06_D05	Mus	38.719612568779716	-39.98884159432127
483167__vDNAlon095H11_G12	NA1	38.70174931730575	37.54035073892113
C19_2023__vDNAcad1357E10_B11	NA1	38.617352153988065	38.19980562973903
S0302__vDNAhei1330F04_E04	NA2	25.90759805609502	17.02052057032972
Y130-18__BIvDNAnae0004A04_A06	Vv	-31.2728485491521	-0.4927185680073076
332__EXTvDNAels0025A04_A03	Mus	40.653427100716854	-43.57798411955413
160x271_882__vDNAlon506A10_A06	NA1	36.45412604491757	35.284457714978984
2248.0006A__BIvDNAara0066F06_E02	Mus	39.10120699306357	-40.28633848968383
E032__vDNAlon1138F06_F04	NA1	37.50784196669929	36.85050265115382
AM191__Muscadine_Plate3_H05	Mus	38.87471675742279	-41.85234584205004
9.12.180__EXTvDNAbar0005H11_G03	Vv	-31.818133873261395	-0.6479749105939706
588448__vDNAlon096H12_D02	NA1	38.8930122324833	36.77957283389458
DVIT0778_0000D__BIvDNAara1100A04_C07	Vv	-25.63811467641661	-0.5616930736364331
DVIT2064.0000M__BIvDNAara1091H07_A12	Vv	-30.143963722738985	-0.41073305154998746
9.1.35__EXTvDNAbar0003C04_F12	Vv	-29.726639475578228	-0.2790959241641991
E204__vDNAlon1140F08_F02	NA1	38.45005687455895	38.085345088342955
E203__vDNAlon1140F08_E02	NA1	36.723412795793706	36.834778431628756
DVIT0624_0000A__BIvDNAara1101A05_A01	Vv	-24.007666461602252	-1.5358178623899392
PetitMenseng__vDNAsap1576B05_B05	Vv	-26.450415048405308	0.9090438892915931
E101__vDNAlon1139F07_A09	NA1	40.252443278823826	39.750320831496495
H4210__vDNAhei1330F04_B01	NA1	39.42435336339568	37.320948759233765
Uva.Rey__EXTvDNAbar0006A01_B06	Vv	-29.66287748190229	-0.36826518095814903
405__EXTvDNAels0025A04_C12	Mus	41.12617247415956	-44.15746348958561
2203.0005A__BIvDNAara0068A02_C11	NA2	25.520530430808357	18.779118287921072
5.10.79__EXTvDNAbar0012C03_E06	Vv	-32.08062727344417	-0.4439741343851376
E208__vDNAlon1140F08_B03	NA1	39.667655389583864	39.58245452051911
9.6.217__EXTvDNAbar0005H11_C04	Vv	-33.1176252690953	-0.8727298762164225
E022__vDNAlon1138F06_D03	NA1	39.65855155996871	39.103873488968844
L1105__vDNAhei1315E01_G12	Vv	-27.565147994233534	0.8575081278180096
A2Y1_C208L__vDNAlon918B05_H01	Vv	-30.97852133495189	-0.812894285254688
9.2.56__EXTvDNAbar0004E09_B08	Vv	-31.39622519906541	-0.97497437870732
588271__vDNAfen1149A03_D03	NA1	41.07860440593707	40.79194229998378
ND_1_86_130__vDNAhat900H11_D04	NA1	36.94995487776286	36.445830764953655
2221.0009A__BIvDNAara0067A01_D05	NA2	26.81605740475558	22.58561298781638
DVIT0434_0000F__BIvDNAara1074G02_C10	Vv	-18.9900050815395	-0.9970605167272703
DVIT0879_0000C__BIvDNAara1099A03_D05	Vv	-28.452557634462345	-0.7069459888302057
S1818__vDNAhei1333F07_E05	NA2	26.073923290010782	20.82843414075805
DVIT0446_0000C__BIvDNAara1073G01_H12	Vv	-27.95558403112247	-1.5692641612770808
A2Y1_C80L__vDNAlon917B04_D08	Vv	-25.639955803464293	-1.7764204388169262
379__EXTvDNAels0025A04_A09	Mus	41.42867113364057	-44.18474426280599
DVIT0881_0000D__BIvDNAara1099A03_B05	Vv	-25.878580854131652	-0.4157836280911932
PI_588459__BIvDNAgut0036C12_B03	NA1	39.279445282285465	37.072618854058504
DVIT0827_0000C__BIvDNAara1100A04_F09	Vv	-19.134492243570392	-1.4347195239698936
361__EXTvDNAels0025A04_H06	Mus	42.31240089070799	-45.70903865463997
Y146-21-08__BIvDNAnae0001A01_D10	Vv	-31.283911389970303	-0.3767246203223872
NC3__EXTvDNAWOR0047A01_F09	Mus	37.14124214460755	-39.506696652515494
588261__vDNAlon095H11_A10	NA1	38.87574808596994	37.95388950175543
DVIT0426_0000C__BIvDNAara1073G01_E11	Vv	-23.548081963129036	-1.877588727387012
S3921__vDNAhei1337F11_G04	NA1	33.465244244242164	32.86856831835612
EXOTIC__BIvDNAnae0003A03_F04	Vv	-32.43069191318421	-1.3256475346099912
Fricke_Mystery17__vDNAlon1201F02_H07	NA2	25.391403574343624	21.331780289040665
Unknown_male2__Muscadine_Plate2_B03	Mus	39.53820128084154	-41.62087319278976
2242.0005A__BIvDNAara0066F06_C05	Mus	37.74338022687335	-39.302945077181846
L1215__vDNAhei1316E02_F06	Vv	-28.551467883414794	-0.9147120944899343
C90-100__BIvDNAnae0003A03_H06	Vv	-31.152107652236722	-0.22513585252916385
E157__vDNAlon1139F07_F01	NA1	42.27244211201565	41.66991525560613
394__EXTvDNAels0025A04_H10	Mus	41.22543604147096	-43.794172088796444
DVIT0756_0000C__BIvDNAara1100A04_F01	Vv	-22.823839466743955	-1.2349298036352319
72__EXTvDNAels0022A01_D06	Mus	41.6014662316889	-44.34785494273167
Plate9_C1_Crimson_Seedless__EXTvDNAmej0021A12_C01	Vv	-34.284036039434675	-0.8674860666156888
DVIT0444_0000C__BIvDNAara1073G01_F12	Vv	-18.617297620233494	-1.059197823193511
DVIT2164_0000B__BIvDNAara1076G04_B07	Vv	-29.04127902066791	-1.2586986517450793
483147__vDNAlon095H11_B04	NA2	25.22461057295871	20.469709868678876
L1271__vDNAhei1316E02_B10	Vv	-27.734165313748147	0.0008020057571177325
BARRETT27__BIvDNAnae0007A07_F03	NA2	27.946274598610664	23.865449353238255
160x271_825__vDNAlon505A09_H10	NA1	36.02783166972433	34.89586131951749
E211__vDNAlon1140F08_E03	NA1	34.963943660947194	35.07620011128357
L0127__vDNAhei1311D09_B11	Vv	-21.620078603816925	-0.9856929350719725
DVIT0918_0000B__BIvDNAara1099A03_A07	Vv	-25.97745055319317	-1.8663709447398678
B28-126__BIvDNAnae0001A01_F06	Vv	-32.026191493884184	-1.1451224380777303
0395.0000C__BIvDNAara0048D12_A04	Vv	-21.112528699731698	-2.221024751859126
1665.0000C__BIvDNAara0052E04_A06	Vv	-13.415971149131037	-1.2694988981105377
E098__vDNAlon1139F07_D09	NA1	41.5053047586809	40.65302259232992
DVIT0626_0000D__BIvDNAara1101A05_G12	Vv	-25.254366446779468	-0.86451446858025
ChardonnaySelf1_C11__vDNAfen201A01_C11	Vv	-25.757582060739	-0.9149178850797653
S0920__vDNAhei1331F05_E02	NA2	26.058850259990646	19.714775933788957
588565_vDNAlon095H11_D12__vDNAlon095H11_D12	NA1	39.02453731192989	37.896343809005714
Nimrang__vDNAlon508A12_E12	Vv	-24.856448983493888	-1.102668871261323
DVIT0637_0000C__BIvDNAara1102A06_G01	Vv	-22.75368380035827	-1.312319520429931
9.8.132__EXTvDNAbar0005H11_C06	Vv	-32.571496032107255	-0.494563855025371
GP_12__EXTvDNAhau0045A04_D04	Vv	-31.21352865337466	-0.5392673084610576
A2Y1_C205L__vDNAlon918B05_E01	Vv	-29.444708069222038	0.1035714031071177
0534.0000C__BIvDNAara0047D11_B08	Vv	-16.006768529466136	-1.5857703785658415
372__EXTvDNAels0025A04_B08	Mus	40.99373422779627	-44.97078359696415
B49-128__BIvDNAnae0001A01_E09	Vv	-32.47819969970223	-0.5157744053457743
160x271_887__vDNAlon506A10_F06	NA1	36.18677671086219	34.86274563780601
0400.0000D__BIvDNAara0048D12_F04	Vv	-13.981893264180384	-0.8623517965478943
Y128-90__BIvDNAnae0004A04_G03	Vv	-30.52711461083648	-0.007657683396333194
Unkx13_101_62__Screenhouse-Plate1_C06	NA1	36.01823625719853	35.09355664333635
Y143-26__BIvDNAnae0004A04_G08	Vv	-31.06689375443931	-0.22518514149278107
WRK94__EXTvDNAsca1439D04_E07	Vv	-29.721025802114973	0.5514599306670767
160x271_833__vDNAlon505A09_H11	NA1	38.5525522106995	37.49340874915705
CL10RT__vDNAlon913A12_B02	NA1	36.32570212414376	34.43974226717047
A2Y1_C317L__vDNAlon918B05_A05	Vv	-27.428091024047266	-0.3193332256605025
DVIT0557_0000C__BIvDNAara1075G03_F11	Vv	-20.321945499316268	-1.59124824443836
5.3.84__EXTvDNAbar0008C05_D11	Vv	-27.74134527359126	-1.6120362643769586
2233.0008A__BIvDNAara0069A03_C11	NA2	28.41523313805932	24.41188061149316
BLE5__EXTvDNAWOR0047A01_H12	Mus	38.45131248249345	-39.86253093548602
PetitMenseng__vDNAsap1564F03_H03	Vv	-26.913804770629618	0.5597804081316082
S1111__vDNAhei1331F05_B07	Mus	41.36499605116943	-39.79283552821501
483145_040__vDNAcad1069F09_C09	NA2	25.0868680162505	20.21271713576051
E058__vDNAlon1138F06_D08	NA1	34.72927146103904	34.26042842516979
5.2.1__EXTvDNAbar0009D07_A03	Vv	-30.74879447997759	-0.42119141439555097
Saperavi_5_001__vDNAfen201A01_A04	Vv	-26.921992804044507	-0.7209031636141373
DVIT0995_0000C__BIvDNAara1099A03_D12	Vv	-24.221106791948603	-0.9854807419717879
B45_39__vDNAled565B03_A11	Vv	-32.522897040587544	-0.9507119443002111
BIR1__EXTvDNAWOR0048A02_C07	Mus	33.42344559316179	-35.853704969882564
9.12.200__EXTvDNAbar0005H11_H07	Vv	-33.18621830517341	-1.3288264787500796
163__EXTvDNAels0023A02_G05	Mus	40.79037452821978	-44.40766126296903
3214.0000E__BIvDNAara0053E05_B06	Vv	-11.432544259566058	-1.2866890443293926
F2_89__EXTvDNAbab0041A02_F01	Mus	37.817953244339186	-39.83368874994695
0738.0000C__BIvDNAara0041D05_A11	Vv	-10.664135447538051	-0.5938455216308581
0603.0000C__BIvDNAara0047D11_D05	Vv	-12.217482245180841	-1.0773618290455118
Plate9_G6_1666__EXTvDNAmej0021A12_G06	Vv	-33.91917655735536	-1.005796029868855
1297.0000C__BIvDNAara0072A06_B03	NA1	16.82154799374408	15.625924221374886
1400.0000C__BIvDNAara0072A06_D03	NA1	16.561706602445568	15.522209040104313
1401.0000C__BIvDNAara0072A06_E03	NA1	16.964109013545677	15.740814107025837
1402.0000C__BIvDNAara0072A06_F03	NA1	16.337664601983853	14.816655512814663
1403.0000C__BIvDNAara0072A06_G03	NA1	16.68329242613714	14.9437707911742
1287.0000E__BIvDNAara0072A06_H02	NA1	17.527274746211326	15.870021039471261
1409.0000C__BIvDNAara0072A06_H03	NA1	17.272527830407167	15.873376463799833
d3s31__vDNAdia1360D09_G04	NA1	31.620536342035532	31.69506053603347
d11s18__vDNAdia1368E05_B03	NA1	39.92416393177773	37.911029092315495
d11s50__vDNAdia1368E05_E07	NA1	39.32577402457176	37.510341786087814
d11s32__vDNAdia1368E05_H04	NA1	35.613878743685675	34.23898772610765
d14s19__vDNAdia1371E08_C03	NA1	39.749627226978916	38.30851994755093
d14s20__vDNAdia1371E08_D03	NA1	40.29240106330813	38.65299413366007
d14s21__vDNAdia1371E08_E03	NA1	40.964718457777145	39.25067959521577
2006.0002A__BIvDNAara0065F05_A08	EA	3.3999158314250755	3.391049108907868
1156.0002A__BIvDNAara0065F05_D08	EA	4.114570603788923	4.140528675948592
1156.0006A__BIvDNAara0065F05_H08	EA	3.625671823462778	3.317685073518817
j5371__EXTvDNAZYP0037A03_F03	EA	5.5176539714740045	8.68331571903489
d1s62__vDNAdia1358D07_A09	NA1	30.229830868909826	27.381099808053495
d1s27__vDNAdia1358D07_C04	NA1	31.817078504145652	29.014127110002413
d1s30__vDNAdia1358D07_F04	NA1	32.448955588771454	29.00234943680413
d1s38__vDNAdia1358D07_F05	NA1	33.268251262043954	29.723541286143533
d1s31__vDNAdia1358D07_G04	NA1	28.934403807560845	27.051046679890668
d1s77__vDNAdia1358D07_H10	NA1	33.00701044385733	29.140367623338985
d2s18__vDNAdia1359D08_B03	NA1	34.18084725014229	30.253157880775557
d2s16__vDNAdia1359D08_H02	NA1	30.625410363241564	28.159097064106984
d2s32__vDNAdia1359D08_H04	NA1	31.787102743970415	28.204792709168316
d4s2__vDNAdia1361D10_B01	NA1	30.967975445827093	28.14121519414017
d15s30__vDNAdia1372E09_F04	NA1	32.56887060364109	30.052233597697626
d15s69__vDNAdia1372E09_F09	NA1	32.35431478479913	29.402575336680126
d15s91__vDNAdia1372E09_F12	NA1	33.30952268632185	30.313798205207267
d15s69__vDNAdia1372E09_G09	NA1	32.79047560750535	29.800271407832955
d17s58__vDNAdia1374E11_B08	NA1	30.577161157836542	26.36522855651497
d17s51__vDNAdia1374E11_C07	NA1	32.86693628086184	29.75262123664408
d17s61__vDNAdia1374E11_E08	NA1	32.4146707199334	29.14854149371843
d17s54__vDNAdia1374E11_F07	NA1	33.68964435069092	29.532463110714772
d17s55__vDNAdia1374E11_G07	NA1	33.30192260768332	30.06643690489391
d18s28__vDNAdia1375E12_D04	NA1	32.53288037620259	28.945939702751538
1159.0004A__BIvDNAara0065F05_F07	EA	4.087761363558554	4.2243610602316375
1159.0006A__BIvDNAara0065F05_G07	EA	8.88330019550389	12.284183921309078
1847.0000C__BIvDNAara0074A08_C10	NA1	16.208376109970114	14.932076356794092
37__EXTvDNAels0022A01_A02	Mus	40.85276394421654	-44.22963120127505
95__EXTvDNAels0022A01_B09	Mus	3.9904279895185097	-4.667186516620512
39__EXTvDNAels0022A01_C02	Mus	10.048458905200748	-11.052019561588493
104__EXTvDNAels0022A01_C10	Mus	6.590204168857239	-6.688356546860243
48__EXTvDNAels0022A01_D03	Mus	41.479088348375235	-43.82471362554551
105__EXTvDNAels0022A01_D10	Mus	18.65553152544302	-20.79628903146889
77__EXTvDNAels0022A01_H06	Mus	41.44718444125387	-44.36922943247291
165__EXTvDNAels0023A02_A06	Mus	41.32267593902505	-44.21077504923073
166__EXTvDNAels0023A02_B06	Mus	41.58592517445703	-44.42054517701439
174__EXTvDNAels0023A02_B07	Mus	40.32636601756015	-43.33596400529328
142__EXTvDNAels0023A02_C02	Mus	9.137379331003487	-10.069684612673958
167__EXTvDNAels0023A02_C06	Mus	41.38712330197522	-44.321266475084975
199__EXTvDNAels0023A02_C10	Mus	4.697402847123255	-5.192275043687305
168__EXTvDNAels0023A02_D06	Mus	41.000236458817064	-44.19716666186268
161__EXTvDNAels0023A02_E05	Mus	41.27367648158829	-44.62904526012236
162__EXTvDNAels0023A02_F05	Mus	40.936364121529415	-43.925064137162366
170__EXTvDNAels0023A02_F06	Mus	41.86345931269925	-44.79701004852232
218__EXTvDNAels0023A02_F12	Mus	41.452577259548995	-44.32755948207264
138__EXTvDNAels0023A02_G02	Mus	13.517331356156133	-14.490048442318807
171__EXTvDNAels0023A02_G06	Mus	40.92708744594232	-44.190969886858326
164__EXTvDNAels0023A02_H05	Mus	41.7507900938232	-44.38478211922234
251__EXTvDNAels0024A03_A05	Mus	42.07439704399299	-44.60267649829287
260__EXTvDNAels0024A03_A06	Mus	42.04859026535585	-44.98389816332254
268__EXTvDNAels0024A03_A07	Mus	41.58239284983859	-44.63580502082413
284__EXTvDNAels0024A03_A09	Mus	42.621617830817	-45.638835221511144
292__EXTvDNAels0024A03_A10	Mus	42.03946007250737	-45.22635321094095
300__EXTvDNAels0024A03_A11	Mus	42.00908401370291	-45.00003678607109
258__EXTvDNAels0024A03_B03	Mus	41.51927877616846	-44.24615440586808
252__EXTvDNAels0024A03_B05	Mus	42.068041611306896	-44.349724307059724
261__EXTvDNAels0024A03_B06	Mus	41.02503317714024	-43.917282720729304
269__EXTvDNAels0024A03_B07	Mus	41.5182748179533	-44.35445341723141
285__EXTvDNAels0024A03_B09	Mus	41.45346654321299	-43.59672338547706
293__EXTvDNAels0024A03_B10	Mus	41.50633435789386	-44.53424600873684
258__EXTvDNAels0024A03_C03	Mus	41.55754913521912	-44.466425540345824
245__EXTvDNAels0024A03_C04	Mus	40.972480184007615	-43.99778101274475
253__EXTvDNAels0024A03_C05	Mus	41.94956541706216	-44.49587292557556
262__EXTvDNAels0024A03_C06	Mus	41.529437044832356	-44.26639339584881
270__EXTvDNAels0024A03_C07	Mus	42.05599196807832	-44.62673487955531
286__EXTvDNAels0024A03_C09	Mus	41.38607667530765	-44.63522681216038
294__EXTvDNAels0024A03_C10	Mus	7.457383393750316	-8.274476177366187
246__EXTvDNAels0024A03_D04	Mus	41.79246978564851	-44.81916918504019
254__EXTvDNAels0024A03_D05	Mus	40.7751870941034	-44.12955503033384
263__EXTvDNAels0024A03_D06	Mus	41.75155806734747	-44.6382885029357
271__EXTvDNAels0024A03_D07	Mus	42.10918916389741	-45.36311547631887
287__EXTvDNAels0024A03_D09	Mus	41.42667882642969	-44.19197320198842
295__EXTvDNAels0024A03_D10	Mus	42.254271402438114	-45.76622183518265
303__EXTvDNAels0024A03_D11	Mus	42.37036914373483	-46.13233556791398
247__EXTvDNAels0024A03_E04	Mus	41.425993969229	-44.880412651383935
255__EXTvDNAels0024A03_E05	Mus	41.6442653909818	-44.39088989862837
264__EXTvDNAels0024A03_E06	Mus	41.51823282840658	-44.1760036334198
272__EXTvDNAels0024A03_E07	Mus	41.424334904452685	-44.15340384311725
280__EXTvDNAels0024A03_E08	Mus	41.96917586127853	-44.6691130023756
288__EXTvDNAels0024A03_E09	Mus	41.49730415807879	-44.356586918110615
304__EXTvDNAels0024A03_E11	Mus	41.771769805959444	-44.94760332383467
234__EXTvDNAels0024A03_F02	Mus	42.51502477338426	-45.057344017729534
248__EXTvDNAels0024A03_F04	Mus	41.60910008485834	-44.52429187591673
256__EXTvDNAels0024A03_F05	Mus	41.63836903724034	-44.38916867349723
265__EXTvDNAels0024A03_F06	Mus	41.762031873125316	-44.78449124519047
281__EXTvDNAels0024A03_F08	Mus	41.69702484990303	-44.55460701153591
289__EXTvDNAels0024A03_F09	Mus	41.86723395228353	-44.52487169857811
297__EXTvDNAels0024A03_F10	Mus	41.41172669684706	-44.767024387072944
305__EXTvDNAels0024A03_F11	Mus	40.922590950188855	-44.17560183684891
249__EXTvDNAels0024A03_G04	Mus	41.19481904956161	-44.48088777606988
257__EXTvDNAels0024A03_G05	Mus	41.33842308110427	-43.77670467937065
266__EXTvDNAels0024A03_G06	Mus	41.59178544966587	-44.50399461124037
282__EXTvDNAels0024A03_G08	Mus	41.991658878455134	-44.69665654428415
290__EXTvDNAels0024A03_G09	Mus	41.52445587867535	-44.679731838265965
298__EXTvDNAels0024A03_G10	Mus	41.42088561478713	-44.12927975042205
250__EXTvDNAels0024A03_H04	Mus	41.825174115160564	-44.967891757477254
259__EXTvDNAels0024A03_H05	Mus	42.959509155547494	-46.09523076292186
267__EXTvDNAels0024A03_H06	Mus	41.68544157358885	-44.6880554262295
283__EXTvDNAels0024A03_H08	Mus	41.6998635693443	-44.43033207282449
291__EXTvDNAels0024A03_H09	Mus	41.73937855783297	-44.62930550605083
299__EXTvDNAels0024A03_H10	Mus	42.138691982299775	-44.59555071954632
396__EXTvDNAels0025A04_B11	Mus	14.103938356103585	-15.537809399058437
389__EXTvDNAels0025A04_C10	Mus	4.6068782156118235	-5.280718953806719
322__EXTvDNAels0025A04_G01	Mus	22.659658980293603	-25.214310563181286
323__EXTvDNAels0025A04_H01	Mus	15.232761399888455	-16.971992624910957
Magoon_JB__Muscadine_Plate1_H01	Mus	19.261927455173094	-21.09052763383421
Sanrubba__Muscadine_Plate1_H12	Mus	22.75013527898356	-24.751031675849827
d16s86__vDNAdia1373E10_A12	Mus	43.84938563178779	-44.25093290429821
d16s89__vDNAdia1373E10_D12	Mus	43.59053258796969	-41.501190581427515
d16s93__vDNAdia1373E10_H12	Mus	41.81098488366646	-41.45655788918473
d17s1__vDNAdia1374E11_A01	Mus	43.30124137073217	-40.672731567441986
d17s9__vDNAdia1374E11_A02	Mus	40.17236348122617	-33.520794280852094
d17s2__vDNAdia1374E11_B01	Mus	40.59926522327938	-39.10376485207224
d17s10__vDNAdia1374E11_B02	Mus	34.87981494161823	-35.17287853764295
d17s66__vDNAdia1374E11_B09	Mus	36.83146619791704	-33.79480021776258
d17s3__vDNAdia1374E11_C01	Mus	37.213253087860174	-33.18271816607616
d17s11__vDNAdia1374E11_C02	Mus	36.48217716953557	-34.301546243563756
d17s67__vDNAdia1374E11_C09	Mus	41.14291872216546	-38.217632652359406
d17s4__vDNAdia1374E11_D01	Mus	34.84942140510968	-34.0721833100868
d17s12__vDNAdia1374E11_D02	Mus	39.40316054630201	-37.31376940053036
d17s68__vDNAdia1374E11_D09	Mus	34.04991677312799	-34.710343738446134
d17s5__vDNAdia1374E11_E01	Mus	42.59369270207592	-33.50367621276735
d17s69__vDNAdia1374E11_E09	Mus	35.60160070844406	-33.375522457758336
d17s62__vDNAdia1374E11_F08	Mus	38.07082989770502	-33.51437530139646
d17s70__vDNAdia1374E11_F09	Mus	35.8945638565129	-34.69676569980886
d17s7__vDNAdia1374E11_G01	Mus	38.232952743297545	-33.46437851379045
d17s71__vDNAdia1374E11_G09	Mus	34.51869752541055	-35.83620847422478
d17s8__vDNAdia1374E11_H01	Mus	42.999534779860014	-41.0342369258835
d17s72__vDNAdia1374E11_H09	Mus	32.33226319023356	-33.184173920916614
d18s30__vDNAdia1375E12_F04	Mus	37.325549620481624	-35.85547968026642
rot_male1_maybe__vDNAdia1394G07_A07	Mus	47.38855987036968	-41.17536750575224
rot_male1_maybe2__vDNAdia1394G07_B07	Mus	45.69321595710524	-41.519002751883264
1739.0000B__BIvDNAara0072A06_A08	Mus	17.9250626016347	-15.445062098126055
1750.0000C__BIvDNAara0072A06_A09	Mus	16.373643613010834	-14.753480403388235
1760.0000D__BIvDNAara0072A06_A10	Mus	17.345570009245336	-15.542958930723836
1769.0000D__BIvDNAara0072A06_A11	Mus	17.04247277429244	-15.23335495067232
1693.0000F__BIvDNAara0072A06_B07	Mus	17.470694205706398	-15.088415665484563
1740.0000D__BIvDNAara0072A06_B08	Mus	17.46146789083197	-14.470282668384158
1751.0000C__BIvDNAara0072A06_B09	Mus	16.7446221850365	-15.654408273919858
1761.0000D__BIvDNAara0072A06_B10	Mus	16.596606814688684	-16.10518588848135
1770.0000B__BIvDNAara0072A06_B11	Mus	17.14187597469444	-16.905621289785923
1791.0000C__BIvDNAara0072A06_B12	Mus	18.34040851885735	-16.98696294416258
1694.0000C__BIvDNAara0072A06_C07	Mus	17.6406759403895	-16.29113074895407
1743.0000D__BIvDNAara0072A06_C08	Mus	19.412934701739328	-14.494433546882739
1752.0000C__BIvDNAara0072A06_C09	Mus	15.9271772818315	-15.607611674056798
1762.0000D__BIvDNAara0072A06_C10	Mus	17.906029981363353	-16.091137886826164
1771.0000F__BIvDNAara0072A06_C11	Mus	16.651377457629174	-15.255911782638464
1792.0000D__BIvDNAara0072A06_C12	Mus	18.42830803730164	-16.356782452546803
1706.0999C__BIvDNAara0072A06_D07	Mus	15.700562407834953	-14.37298414582213
1744.0000C__BIvDNAara0072A06_D08	Mus	16.389130600271983	-14.530835074933595
1753.0000C__BIvDNAara0072A06_D09	Mus	16.115837631966794	-14.023139869574498
1763.0000B__BIvDNAara0072A06_D10	Mus	13.86053273861571	-13.636314509932141
1772.0000C__BIvDNAara0072A06_D11	Mus	16.965779948649686	-15.630943626184004
2096.0000C__BIvDNAara0072A06_D12	Mus	14.927226063698171	-13.763854336422648
1707.0000B__BIvDNAara0072A06_E07	Mus	15.354005184608921	-14.938996534268899
1745.0000C__BIvDNAara0072A06_E08	Mus	16.77230520369869	-16.961954535663157
1754.0000D__BIvDNAara0072A06_E09	Mus	17.413899717263178	-16.765864446891783
1774.0000C__BIvDNAara0072A06_E11	Mus	17.887211976279172	-17.23359717406853
2178.0000B__BIvDNAara0072A06_E12	Mus	16.87589246445654	-15.491282741999404
1689.0000C__BIvDNAara0072A06_F06	Mus	16.212711175644145	-14.05300174112984
1723.0000C__BIvDNAara0072A06_F07	Mus	16.429377180256115	-14.877422259021479
1746.0000C__BIvDNAara0072A06_F08	Mus	16.133964609056587	-14.880684467349498
1755.0000E__BIvDNAara0072A06_F09	Mus	15.89482504998882	-14.76035312964732
1766.0000B__BIvDNAara0072A06_F10	Mus	15.812661601246873	-14.079064263817335
1690.0000C__BIvDNAara0072A06_G06	Mus	17.332190844926554	-16.629124260894816
1729.0000C__BIvDNAara0072A06_G07	Mus	17.018327969789283	-14.852318913736333
1747.0000C__BIvDNAara0072A06_G08	Mus	17.698962012513395	-14.461188407090527
1756.0000D__BIvDNAara0072A06_G09	Mus	15.57803853368572	-14.73126975012288
1767.0000D__BIvDNAara0072A06_G10	Mus	15.371633176500993	-14.506239674737529
1782.0000B__BIvDNAara0072A06_G11	Mus	15.70732849466817	-14.644639163162308
1691.0000C__BIvDNAara0072A06_H06	Mus	15.783882814027008	-15.006004465172353
1738.0000B__BIvDNAara0072A06_H07	Mus	16.243337754723076	-14.678479566201714
1749.0000C__BIvDNAara0072A06_H08	Mus	15.667200600252185	-14.99409975391474
1759.0000C__BIvDNAara0072A06_H09	Mus	15.824531005386673	-15.155072697962336
1783.0000C__BIvDNAara0072A06_H11	Mus	14.990260123140843	-13.37977885432605
2183.0000B__BIvDNAara0073A07_A01	Mus	14.523384562346846	-13.371447197337213
2184.0000D__BIvDNAara0073A07_B01	Mus	16.047694655159436	-15.19774408397951
2185.0000D__BIvDNAara0073A07_C01	Mus	15.517342361235784	-14.850196109097645
2974.0000A__BIvDNAara0073A07_C02	Mus	17.08630637955976	-12.298235427455532
2196.0000B__BIvDNAara0073A07_D01	Mus	17.683109752201307	-16.82944560102984
2438.0000B__BIvDNAara0073A07_E01	Mus	15.237955902327247	-13.65328178925879
2439.0000A__BIvDNAara0073A07_F01	Mus	15.833568749210844	-14.754939534476867
2622.0000C__BIvDNAara0073A07_G01	Mus	15.922780185067948	-14.81993718756626
2623.0000A__BIvDNAara0073A07_H01	Mus	16.575919368691917	-15.842688009508189
F2_9__EXTvDNAbab0040A01_A03	Mus	35.365876969362226	-38.361173394278765
F2_41__EXTvDNAbab0040A01_A07	Mus	5.08327674564072	-5.725531582842668
F2_57__EXTvDNAbab0040A01_A09	Mus	39.2336076486198	-41.47562045134822
F2_65__EXTvDNAbab0040A01_A10	Mus	35.39367470745239	-39.16454060686155
F2_50__EXTvDNAbab0040A01_B08	Mus	34.66579315182206	-37.76376535468825
F2_3__EXTvDNAbab0040A01_C02	Mus	33.52209062277813	-36.494036876395974
F2_11__EXTvDNAbab0040A01_C03	Mus	33.31617890115844	-36.51278692554316
F2_59__EXTvDNAbab0040A01_C09	Mus	38.16246844656029	-38.96702383921927
F2_4__EXTvDNAbab0040A01_D02	Mus	35.952683014041824	-38.56659521476937
F2_20__EXTvDNAbab0040A01_D04	Mus	35.19461277564878	-38.061941048452105
F2_36__EXTvDNAbab0040A01_D06	Mus	33.88039150437248	-37.10238205391619
F2_44__EXTvDNAbab0040A01_D07	Mus	34.819064826956264	-37.388761419539605
F2_21__EXTvDNAbab0040A01_E04	Mus	35.612191037443466	-38.14705794392381
F2_29__EXTvDNAbab0040A01_E05	Mus	8.714084094904948	-7.628598249089582
F2_37__EXTvDNAbab0040A01_E06	Mus	33.957344039981	-36.924862800776346
F2_45__EXTvDNAbab0040A01_E07	Mus	36.117725165008245	-39.69837810526599
F2_69__EXTvDNAbab0040A01_E10	Mus	38.55067742779628	-40.06643281976053
F2_85__EXTvDNAbab0040A01_E12	Mus	36.37530281094597	-38.365161726986095
SH_1__EXTvDNAbab0040A01_F01	Mus	34.72007460582591	-37.807689100165405
F2_30__EXTvDNAbab0040A01_F05	Mus	37.80023638392668	-40.722106006983495
F2_38__EXTvDNAbab0040A01_F06	Mus	34.51403034805564	-37.310799050450555
F2_62__EXTvDNAbab0040A01_F09	Mus	32.916675978195265	-35.48526318138446
F2_86__EXTvDNAbab0040A01_F12	Mus	35.11367787519968	-38.603630069693764
F2_31__EXTvDNAbab0040A01_G05	Mus	35.781649181565406	-39.37079350534116
F2_63__EXTvDNAbab0040A01_G09	Mus	35.514410993198254	-38.4799369380082
SH_2__EXTvDNAbab0040A01_H01	Mus	37.089291682217755	-38.75526616729594
F2_48__EXTvDNAbab0040A01_H07	Mus	35.057855173681105	-37.180109840141576
F2_64__EXTvDNAbab0040A01_H09	Mus	37.86535830752218	-40.1184989261594
F2_88__EXTvDNAbab0040A01_H12	Mus	35.18123640421046	-38.273131315220986
F2_100__EXTvDNAbab0041A02_A03	Mus	35.577056485558366	-39.20024471710636
PAF2_1__EXTvDNAbab0041A02_A05	Mus	2.6850643842663167	-2.7017462031098076
PAF2_9__EXTvDNAbab0041A02_A06	Mus	36.28408835159286	-38.72388466086353
PAF2_33__EXTvDNAbab0041A02_A09	Mus	39.17652092857954	-40.49753873828786
PAF2_49__EXTvDNAbab0041A02_A11	Mus	35.764651695266934	-38.95357669445518
F2_93__EXTvDNAbab0041A02_B02	Mus	32.99990457337593	-35.56948218079395
F2_101__EXTvDNAbab0041A02_B03	Mus	38.78764583650947	-39.85248132755182
F2_109__EXTvDNAbab0041A02_B04	Mus	37.54935552536663	-39.09143312162058
PAF2_2__EXTvDNAbab0041A02_B05	Mus	36.528968047270936	-38.828674267265505
PAF2_10__EXTvDNAbab0041A02_B06	Mus	33.55658140192911	-36.354449659175444
PAF2_18__EXTvDNAbab0041A02_B07	Mus	33.25816701925487	-35.761863857398545
PAF2_26__EXTvDNAbab0041A02_B08	Mus	38.265140254800755	-41.38541714289735
PAF2_50__EXTvDNAbab0041A02_B11	Mus	35.86140326047644	-38.78258318630809
PAF2_58__EXTvDNAbab0041A02_B12	Mus	35.3779307383306	-36.92923697947622
F2_94__EXTvDNAbab0041A02_C02	Mus	36.589292006441504	-37.70227699380082
F2_102__EXTvDNAbab0041A02_C03	Mus	25.862871871614466	-28.28536316491903
PAF2_3__EXTvDNAbab0041A02_C05	Mus	36.36692271542757	-37.98535590866711
PAF2_11__EXTvDNAbab0041A02_C06	Mus	37.108272912786944	-38.45556497217215
PAF2_27__EXTvDNAbab0041A02_C08	Mus	37.3637310902816	-40.06067427514682
PAF2_35__EXTvDNAbab0041A02_C09	Mus	37.4573731390573	-40.115229494702675
PAF2_43__EXTvDNAbab0041A02_C10	Mus	38.36959142346561	-39.4040615722325
PAF2_51__EXTvDNAbab0041A02_C11	Mus	29.06680943463571	-31.533797026406894
PAF2_59__EXTvDNAbab0041A02_C12	Mus	34.67491222353211	-37.496960737530266
F2_95__EXTvDNAbab0041A02_D02	Mus	38.098856946363554	-41.68559533017087
F2_103__EXTvDNAbab0041A02_D03	Mus	39.688191637260985	-41.871874240118494
PAF2_4__EXTvDNAbab0041A02_D05	Mus	38.2555166964995	-40.72467697579887
PAF2_12__EXTvDNAbab0041A02_D06	Mus	37.22340483182129	-38.010460594320676
PAF2_28__EXTvDNAbab0041A02_D08	Mus	36.42384552329894	-39.24098128270662
PAF2_36__EXTvDNAbab0041A02_D09	Mus	29.229623238189166	-30.4840233325906
PAF2_44__EXTvDNAbab0041A02_D10	Mus	5.5730173403656265	-5.927298702725568
PAF2_52__EXTvDNAbab0041A02_D11	Mus	35.45240261256761	-38.70887644866945
PAF2_60__EXTvDNAbab0041A02_D12	Mus	35.10224210733305	-38.12314321928114
F2_104__EXTvDNAbab0041A02_E03	Mus	37.5799161536725	-41.27698564760797
F2_112__EXTvDNAbab0041A02_E04	Mus	38.81875010230417	-42.06884518454321
PAF2_13__EXTvDNAbab0041A02_E06	Mus	37.282579917852836	-40.03371905317059
PAF2_21__EXTvDNAbab0041A02_E07	Mus	33.960596761800154	-35.95985386177898
PAF2_37__EXTvDNAbab0041A02_E09	Mus	42.23757421582934	-43.73270145390212
PAF2_45__EXTvDNAbab0041A02_E10	Mus	36.461013340323674	-38.976121494196235
PAF2_53__EXTvDNAbab0041A02_E11	Mus	34.69730527619121	-37.47161984492537
PAF2_61__EXTvDNAbab0041A02_E12	Mus	36.39601159295907	-39.95007452668072
F2_105__EXTvDNAbab0041A02_F03	Mus	39.13298816629471	-40.02517718663976
F2_113__EXTvDNAbab0041A02_F04	Mus	37.596632743385356	-38.49483568324981
PAF2_14__EXTvDNAbab0041A02_F06	Mus	34.41841602184498	-37.403612507419545
PAF2_22__EXTvDNAbab0041A02_F07	Mus	35.48809736913044	-38.010303369843214
PAF2_38__EXTvDNAbab0041A02_F09	Mus	39.38133521416176	-41.71281996734299
PAF2_46__EXTvDNAbab0041A02_F10	Mus	37.30992146158879	-39.49296762363528
PAF2_62__EXTvDNAbab0041A02_F12	Mus	35.66179547278432	-38.6950074656266
F2_90__EXTvDNAbab0041A02_G01	Mus	36.71990900247643	-39.445113100340954
F2_106__EXTvDNAbab0041A02_G03	Mus	38.007901634534406	-40.254219264668166
Pine_1__EXTvDNAbab0041A02_G04	Mus	35.9934378694885	-38.718619920553
PAF2_15__EXTvDNAbab0041A02_G06	Mus	33.397049180965084	-36.086521611897695
PAF2_23__EXTvDNAbab0041A02_G07	Mus	35.01621373403871	-37.948192944126156
PAF2_31__EXTvDNAbab0041A02_G08	Mus	19.52493144768881	-19.32935122454276
PAF2_39__EXTvDNAbab0041A02_G09	Mus	37.97017346112617	-40.03175717690189
PAF2_47__EXTvDNAbab0041A02_G10	Mus	35.95208119706517	-39.03546266210955
PAF2_63__EXTvDNAbab0041A02_G12	Mus	35.407906477873865	-38.56061987278847
F2_91__EXTvDNAbab0041A02_H01	Mus	38.822912326264635	-41.053771517630395
F2_99__EXTvDNAbab0041A02_H02	Mus	35.13506769770378	-38.175804259486455
F2_107__EXTvDNAbab0041A02_H03	Mus	37.00785959772526	-39.244847104531665
PAF2_8__EXTvDNAbab0041A02_H05	Mus	37.07057874708346	-39.76037784510537
PAF2_16__EXTvDNAbab0041A02_H06	Mus	37.54323944670014	-39.393479889213296
PAF2_24__EXTvDNAbab0041A02_H07	Mus	41.92110075827499	-42.57478269134971
PAF2_40__EXTvDNAbab0041A02_H09	Mus	38.704134603221796	-40.51055227622974
PAF2_48__EXTvDNAbab0041A02_H10	Mus	39.518079133699686	-40.774958039323
PAF2_56__EXTvDNAbab0041A02_H11	Mus	38.10592745440798	-40.44121582827522
PAF2_64__EXTvDNAbab0041A02_H12	Mus	37.25295702220487	-39.69548005822648
Magoon_06__EXTvDNAWOR0029A03_A02	Mus	35.23226552129286	-38.01230469067167
Magoon_15__EXTvDNAWOR0029A03_A03	Mus	38.623979974279806	-39.342601706410015
Magoon_23__EXTvDNAWOR0029A03_A04	Mus	39.42361576322876	-40.577114459614464
Magoon_31__EXTvDNAWOR0029A03_A05	Mus	38.56165710748124	-40.3290311362423
Magoon_38__EXTvDNAWOR0029A03_A06	Mus	37.723661374660146	-40.49423623207525
Magoon_46__EXTvDNAWOR0029A03_A07	Mus	39.17913816796898	-40.20931313005984
Magoon_54__EXTvDNAWOR0029A03_A08	Mus	38.930390820463764	-39.98395382526045
Magoon_62__EXTvDNAWOR0029A03_A09	Mus	36.86545989791432	-39.518713638892244
Magoon_70__EXTvDNAWOR0029A03_A10	Mus	35.63415025392349	-38.13169674612376
Tarheel_03__EXTvDNAWOR0029A03_A11	Mus	36.40195183745115	-39.144299922874886
Tarheel_11__EXTvDNAWOR0029A03_A12	Mus	35.53493194277359	-38.636943985705976
Magoon_07__EXTvDNAWOR0029A03_B02	Mus	35.94155084327417	-38.66902091594692
Magoon_16__EXTvDNAWOR0029A03_B03	Mus	36.84411357681907	-39.636023102436006
Magoon_24__EXTvDNAWOR0029A03_B04	Mus	36.48604586835759	-38.67755230238763
Magoon_32__EXTvDNAWOR0029A03_B05	Mus	38.38510469224293	-39.95072017104696
Magoon_39__EXTvDNAWOR0029A03_B06	Mus	36.85068801870141	-39.248047180987406
Magoon_47__EXTvDNAWOR0029A03_B07	Mus	38.76287533242772	-39.669819845794
Magoon_55__EXTvDNAWOR0029A03_B08	Mus	39.344355115635494	-40.640464363699955
Magoon_63__EXTvDNAWOR0029A03_B09	Mus	35.70743647218816	-38.258116807455686
Magoon_71__EXTvDNAWOR0029A03_B10	Mus	37.983029521651815	-39.97945828869696
Tarheel_04__EXTvDNAWOR0029A03_B11	Mus	36.785045734091035	-39.4857691789011
Tarheel_12__EXTvDNAWOR0029A03_B12	Mus	36.85650067614112	-39.936948637646616
Magoon_09__EXTvDNAWOR0029A03_C02	Mus	37.075550994919105	-39.5594481521561
Magoon_17__EXTvDNAWOR0029A03_C03	Mus	38.79116852479011	-39.58228135395738
Magoon_33__EXTvDNAWOR0029A03_C05	Mus	36.07206894321983	-38.4773891074266
Magoon_40__EXTvDNAWOR0029A03_C06	Mus	38.96125075631549	-40.51047441033233
Magoon_48__EXTvDNAWOR0029A03_C07	Mus	11.623787717222948	-10.806931714233597
Magoon_56__EXTvDNAWOR0029A03_C08	Mus	35.00845137276453	-37.796500684386224
Magoon_64__EXTvDNAWOR0029A03_C09	Mus	36.37953898332848	-39.09425287292419
Magoon_72__EXTvDNAWOR0029A03_C10	Mus	35.39816689994792	-38.48964670271211
Tarheel_05__EXTvDNAWOR0029A03_C11	Mus	38.97709882113839	-40.18572674126583
Tarheel_13__EXTvDNAWOR0029A03_C12	Mus	38.78800151084205	-42.216752722339436
Magoon_01__EXTvDNAWOR0029A03_D01	Mus	36.09233549758503	-38.68366828175477
Magoon_10__EXTvDNAWOR0029A03_D02	Mus	37.193008539532244	-39.62002043923088
Magoon_18__EXTvDNAWOR0029A03_D03	Mus	39.02336834541286	-40.55383208978646
Magoon_26__EXTvDNAWOR0029A03_D04	Mus	39.415268065122966	-40.132138859568116
Magoon_26__EXTvDNAWOR0029A03_D05	Mus	38.9896639976508	-40.20546266287754
Magoon_41__EXTvDNAWOR0029A03_D06	Mus	36.01542385154724	-38.54182155142356
Magoon_49__EXTvDNAWOR0029A03_D07	Mus	36.251953419798795	-38.87918134740746
Magoon_57__EXTvDNAWOR0029A03_D08	Mus	35.686738273364476	-38.20229066937805
Magoon_65__EXTvDNAWOR0029A03_D09	Mus	36.52761339068014	-39.36196735979785
Magoon_73__EXTvDNAWOR0029A03_D10	Mus	36.76340127359562	-39.163678681411085
Tarheel_06__EXTvDNAWOR0029A03_D11	Mus	39.0765433465977	-41.42546436537285
Tarheel_14__EXTvDNAWOR0029A03_D12	Mus	11.238024343210746	-9.694153947770221
Magoon_02__EXTvDNAWOR0029A03_E01	Mus	10.479614956532922	-11.388749147036455
Magoon_11__EXTvDNAWOR0029A03_E02	Mus	36.148718581320864	-38.61600645429464
Magoon_19__EXTvDNAWOR0029A03_E03	Mus	36.560275275727385	-39.4363103951578
Magoon_27__EXTvDNAWOR0029A03_E04	Mus	36.648715927108285	-39.517325516045794
Magoon_34__EXTvDNAWOR0029A03_E05	Mus	38.631078614979565	-40.586574335067105
Magoon_50__EXTvDNAWOR0029A03_E07	Mus	37.490612894996666	-39.686070363507596
Magoon_58__EXTvDNAWOR0029A03_E08	Mus	36.61240155988312	-38.86800480102737
Magoon_66__EXTvDNAWOR0029A03_E09	Mus	36.021369036200696	-38.22438970781349
Magoon_74__EXTvDNAWOR0029A03_E10	Mus	37.655355293921076	-40.827811269097474
Tarheel_07__EXTvDNAWOR0029A03_E11	Mus	36.90760771669597	-39.56919474989462
Tarheel_15__EXTvDNAWOR0029A03_E12	Mus	39.46732486795132	-41.262402810777495
Magoon_03__EXTvDNAWOR0029A03_F01	Mus	36.898160269172394	-38.93841477074034
Magoon_20__EXTvDNAWOR0029A03_F03	Mus	38.911002119551426	-39.744048554512624
Magoon_28__EXTvDNAWOR0029A03_F04	Mus	36.05776062042874	-38.44772712853724
Magoon_35__EXTvDNAWOR0029A03_F05	Mus	35.15669828104088	-37.98182124463143
Magoon_43__EXTvDNAWOR0029A03_F06	Mus	36.394030047486	-39.07892269254927
Magoon_51__EXTvDNAWOR0029A03_F07	Mus	38.104650583082275	-40.498157015854474
Magoon_59__EXTvDNAWOR0029A03_F08	Mus	36.47841042381785	-39.00829067616078
Magoon_67__EXTvDNAWOR0029A03_F09	Mus	35.69439000617444	-38.48725811108417
Magoon_75__EXTvDNAWOR0029A03_F10	Mus	36.59132530341841	-39.56346333708513
Tarheel_08__EXTvDNAWOR0029A03_F11	Mus	37.73572843990129	-41.13018825136135
Tarheel_16__EXTvDNAWOR0029A03_F12	Mus	39.33013634658371	-40.685915874881346
Magoon_04__EXTvDNAWOR0029A03_G01	Mus	36.6157861265294	-39.28926739734474
Magoon_13__EXTvDNAWOR0029A03_G02	Mus	39.27490777902796	-39.596531278423235
Magoon_21__EXTvDNAWOR0029A03_G03	Mus	39.42495935907545	-41.129150936915636
Magoon_29__EXTvDNAWOR0029A03_G04	Mus	36.545710735830525	-38.957201985746295
Magoon_44__EXTvDNAWOR0029A03_G06	Mus	36.61934198420215	-39.54250604898306
Magoon_52__EXTvDNAWOR0029A03_G07	Mus	38.791910691906985	-39.92128988555403
Magoon_60__EXTvDNAWOR0029A03_G08	Mus	35.635841411103435	-38.23133355613633
Magoon_68__EXTvDNAWOR0029A03_G09	Mus	32.91221354840703	-34.84093966583662
Tarheel_01__EXTvDNAWOR0029A03_G10	Mus	37.34783800580992	-40.242244573590604
Tarheel_09__EXTvDNAWOR0029A03_G11	Mus	39.26830389167959	-41.531837615431506
Tarheel_18__EXTvDNAWOR0029A03_G12	Mus	36.17955069070245	-38.691383448629566
Magoon_05__EXTvDNAWOR0029A03_H01	Mus	36.840995256005804	-39.471381871377154
Magoon_14__EXTvDNAWOR0029A03_H02	Mus	35.65767953385598	-38.104793354986846
Magoon_22__EXTvDNAWOR0029A03_H03	Mus	35.61262343241095	-38.202359286792074
Magoon_30__EXTvDNAWOR0029A03_H04	Mus	37.04068343910255	-39.93506975862456
Magoon_37__EXTvDNAWOR0029A03_H05	Mus	39.5231090009029	-39.97690250824618
Magoon_45__EXTvDNAWOR0029A03_H06	Mus	35.94177831154452	-38.33960735402671
Magoon_61__EXTvDNAWOR0029A03_H08	Mus	36.26822263455164	-38.45283716877022
Magoon_69__EXTvDNAWOR0029A03_H09	Mus	36.57319135200448	-39.21251008854614
Tarheel_02__EXTvDNAWOR0029A03_H10	Mus	36.9592475546194	-40.36371173061838
Tarheel_10__EXTvDNAWOR0029A03_H11	Mus	39.09120260756365	-40.67520921872663
Tarheel_19__EXTvDNAWOR0029A03_H12	Mus	37.17459917738415	-40.58196350778377
Tarheel_24__EXTvDNAWOR0030A04_A02	Mus	35.065842604363894	-38.607274059132045
Tarheel_33__EXTvDNAWOR0030A04_A03	Mus	38.73308114376228	-40.33732429752509
Tarheel_41__EXTvDNAWOR0030A04_A04	Mus	32.53702285927497	-35.61534330775302
Tarheel_49__EXTvDNAWOR0030A04_A05	Mus	38.751864370357225	-40.66310027958054
Tarheel_57__EXTvDNAWOR0030A04_A06	Mus	36.03046891025578	-39.2562693329418
Tarheel_65__EXTvDNAWOR0030A04_A07	Mus	35.419593360074074	-38.58303785275369
Tarheel_75__EXTvDNAWOR0030A04_A08	Mus	35.630161749965204	-38.92272116401757
Tarheel_86__EXTvDNAWOR0030A04_A09	Mus	35.61352413428113	-39.013643747510194
Tarheel_94__EXTvDNAWOR0030A04_A10	Mus	39.660222788135755	-41.67264677102582
Tarheel_26__EXTvDNAWOR0030A04_B02	Mus	36.58645253354867	-40.00435368523867
Tarheel_34__EXTvDNAWOR0030A04_B03	Mus	39.950140222573665	-40.48355587246681
Tarheel_42__EXTvDNAWOR0030A04_B04	Mus	5.088335872702633	-5.333216900080557
Tarheel_50__EXTvDNAWOR0030A04_B05	Mus	35.9733695850655	-38.90034410043672
Tarheel_58__EXTvDNAWOR0030A04_B06	Mus	40.627993995086165	-40.58240686224328
Tarheel_66__EXTvDNAWOR0030A04_B07	Mus	39.597996111263974	-41.632333461782395
Tarheel_77__EXTvDNAWOR0030A04_B08	Mus	39.945460913693154	-41.6478451609752
Tarheel_87__EXTvDNAWOR0030A04_B09	Mus	36.6672382835135	-39.66266429189902
Tarheel_95__EXTvDNAWOR0030A04_B10	Mus	36.497779953972696	-39.599477968116
Tarheel_27__EXTvDNAWOR0030A04_C02	Mus	37.85766133016088	-40.87455208300312
Tarheel_35__EXTvDNAWOR0030A04_C03	Mus	39.44959363828235	-41.32539397341674
Tarheel_51__EXTvDNAWOR0030A04_C05	Mus	3.787132039601443	-4.2692071144122306
Tarheel_59__EXTvDNAWOR0030A04_C06	Mus	36.38738335560536	-39.120690965680524
Tarheel_67__EXTvDNAWOR0030A04_C07	Mus	36.583496555857955	-39.90311306434854
Tarheel_78__EXTvDNAWOR0030A04_C08	Mus	35.89636306680341	-39.44830076057163
Tarheel_88__EXTvDNAWOR0030A04_C09	Mus	40.63385782339676	-41.58647200880315
Tarheel_96__EXTvDNAWOR0030A04_C10	Mus	39.309666929292554	-40.72799128899128
Tarheel_28__EXTvDNAWOR0030A04_D02	Mus	37.503336503443975	-39.301906285087846
Tarheel_36__EXTvDNAWOR0030A04_D03	Mus	39.583153028947685	-41.289527744224046
Tarheel_52__EXTvDNAWOR0030A04_D05	Mus	39.69224051376031	-41.51655898761857
Tarheel_60__EXTvDNAWOR0030A04_D06	Mus	23.465760722151114	-24.100117212600605
Tarheel_68__EXTvDNAWOR0030A04_D07	Mus	40.651905108166616	-41.97087282187904
Tarheel_79__EXTvDNAWOR0030A04_D08	Mus	39.74644512878281	-40.64049570188464
Tarheel_89__EXTvDNAWOR0030A04_D09	Mus	34.36675196163683	-37.1619583005448
Tarheel_20__EXTvDNAWOR0030A04_E01	Mus	36.75141492037845	-39.89186881615129
Tarheel_29__EXTvDNAWOR0030A04_E02	Mus	18.122920494649083	-17.15668509085179
Tarheel_45__EXTvDNAWOR0030A04_E04	Mus	39.136122222292904	-40.85102045594158
Tarheel_53__EXTvDNAWOR0030A04_E05	Mus	5.0715567150663725	-5.548792739433705
Tarheel_61__EXTvDNAWOR0030A04_E06	Mus	35.8019839474959	-39.32698081130071
Tarheel_70__EXTvDNAWOR0030A04_E07	Mus	38.62523825729024	-41.27521738576829
Tarheel_80__EXTvDNAWOR0030A04_E08	Mus	39.05914372444834	-41.477587886145145
Tarheel_90__EXTvDNAWOR0030A04_E09	Mus	39.49251973028016	-41.525863927378474
Tarheel_21__EXTvDNAWOR0030A04_F01	Mus	36.10735571238416	-39.43059774329306
Tarheel_38__EXTvDNAWOR0030A04_F03	Mus	39.90361540723663	-41.361730417101136
Tarheel_46__EXTvDNAWOR0030A04_F04	Mus	36.53269413985104	-39.26797366653148
Tarheel_54__EXTvDNAWOR0030A04_F05	Mus	34.736026117818255	-38.440587544078326
Tarheel_62__EXTvDNAWOR0030A04_F06	Mus	39.31537422452585	-40.704927405277886
Tarheel_71__EXTvDNAWOR0030A04_F07	Mus	37.10316766328004	-39.84751378987271
Tarheel_82__EXTvDNAWOR0030A04_F08	Mus	38.83884861115995	-41.069201301011994
Tarheel_52__EXTvDNAWOR0030A04_F09	Mus	39.038851989784014	-41.90051983643995
Tarheel_22__EXTvDNAWOR0030A04_G01	Mus	40.185237760964384	-41.5517016341545
Tarheel_39__EXTvDNAWOR0030A04_G03	Mus	36.460039264831316	-39.38674527367846
Tarheel_47__EXTvDNAWOR0030A04_G04	Mus	37.56139041909576	-40.26700970415825
Tarheel_55__EXTvDNAWOR0030A04_G05	Mus	39.16781731898215	-41.03253045891199
Tarheel_63__EXTvDNAWOR0030A04_G06	Mus	36.66811579659715	-39.59836487747794
Tarheel_72__EXTvDNAWOR0030A04_G07	Mus	35.89308987478486	-38.90546277418747
Tarheel_83__EXTvDNAWOR0030A04_G08	Mus	36.47535810284604	-39.283028760857114
Tarheel_92__EXTvDNAWOR0030A04_G09	Mus	37.07447648732055	-39.98565500008457
Tarheel_23__EXTvDNAWOR0030A04_H01	Mus	37.473281773128086	-41.034373235062596
Tarheel_32__EXTvDNAWOR0030A04_H02	Mus	39.11187534257056	-40.341943755418946
Tarheel_40__EXTvDNAWOR0030A04_H03	Mus	34.559105460490585	-35.376399217118625
Tarheel_48__EXTvDNAWOR0030A04_H04	Mus	35.60251067804163	-39.066343500847154
Tarheel_56__EXTvDNAWOR0030A04_H05	Mus	36.986049141554155	-39.698689477246255
Tarheel_64__EXTvDNAWOR0030A04_H06	Mus	11.768483909241876	-12.465686908254066
Tarheel_74__EXTvDNAWOR0030A04_H07	Mus	39.25660832336376	-40.57006094080653
Tarheel_84__EXTvDNAWOR0030A04_H08	Mus	39.782957885017744	-41.04645971669333
Tarheel_93__EXTvDNAWOR0030A04_H09	Mus	36.04359498215495	-39.643159997691775
17_2_8__EXTvDNAWOR0031A05_A03	Mus	40.67952964845383	-43.01740041355109
17_2_19__EXTvDNAWOR0031A05_A04	Mus	40.5424400446502	-42.543670685402276
17_2_27__EXTvDNAWOR0031A05_A05	Mus	36.20753983854924	-39.253764327051385
17_2_50__EXTvDNAWOR0031A05_A06	Mus	34.27307440342277	-37.39752608893614
17_2_64__EXTvDNAWOR0031A05_A07	Mus	38.51879493741499	-40.23793303874222
17_2_76__EXTvDNAWOR0031A05_A08	Mus	36.96704919497555	-40.36251722858883
17_2_91__EXTvDNAWOR0031A05_A09	Mus	38.676345576364895	-39.59619109629473
17_2_110__EXTvDNAWOR0031A05_A11	Mus	37.18855853102482	-40.144353140819284
17_2_23__EXTvDNAWOR0031A05_A12	Mus	37.61602270277439	-40.7626598157545
17_2_20__EXTvDNAWOR0031A05_B04	Mus	35.344023742088275	-38.07667425312344
17_2_28__EXTvDNAWOR0031A05_B05	Mus	37.61197529589968	-40.70779773181843
17_2_51__EXTvDNAWOR0031A05_B06	Mus	34.896524567571745	-36.04361217734144
17_2_67__EXTvDNAWOR0031A05_B07	Mus	36.79846975744771	-39.95750698960383
17_2_80__EXTvDNAWOR0031A05_B08	Mus	37.558177255654016	-40.81390077868236
17_2_100__EXTvDNAWOR0031A05_B10	Mus	37.01066093259735	-40.52754619276476
17_2_111__EXTvDNAWOR0031A05_B11	Mus	36.916004703832094	-40.52807873305332
17_2_127__EXTvDNAWOR0031A05_B12	Mus	39.97023174128911	-42.27712389153585
17_2_21__EXTvDNAWOR0031A05_C04	Mus	40.372320134077775	-42.685255129022124
17_2_29__EXTvDNAWOR0031A05_C05	Mus	34.30136462991933	-36.925429232893094
17_2_52__EXTvDNAWOR0031A05_C06	Mus	36.66786240760904	-39.4822575533909
17_2_68__EXTvDNAWOR0031A05_C07	Mus	36.8182997071884	-40.19445258700124
17_2_82__EXTvDNAWOR0031A05_C08	Mus	36.02754503527637	-38.83479552819799
17_2_93__EXTvDNAWOR0031A05_C09	Mus	35.39770429774407	-37.984901415362515
17_2_101__EXTvDNAWOR0031A05_C10	Mus	38.45327336584306	-41.55894390086499
17_2_114__EXTvDNAWOR0031A05_C11	Mus	36.8064435427156	-38.94659961456143
17_2_128__EXTvDNAWOR0031A05_C12	Mus	35.566365112120984	-38.38953575191737
17_2_3__EXTvDNAWOR0031A05_D02	Mus	39.43718265261191	-41.32351847877834
17_2_22__EXTvDNAWOR0031A05_D04	Mus	35.105148574856024	-38.51511690960346
17_2_31__EXTvDNAWOR0031A05_D05	Mus	36.776337060650945	-39.618177814127726
17_2_53__EXTvDNAWOR0031A05_D06	Mus	36.19511602452696	-39.53262916869609
17_2_69__EXTvDNAWOR0031A05_D07	Mus	38.729038494236434	-40.27989404252652
17_2_84__EXTvDNAWOR0031A05_D08	Mus	15.800009643664815	-16.221530736265045
17_2_94__EXTvDNAWOR0031A05_D09	Mus	38.18034047284133	-40.81707267254273
17_2_104__EXTvDNAWOR0031A05_D10	Mus	35.91251548622096	-38.85396355069537
17_2_116__EXTvDNAWOR0031A05_D11	Mus	36.801573746939326	-40.14738368168344
17_2_130__EXTvDNAWOR0031A05_D12	Mus	9.561214442831844	-8.767011473917794
17_2_4__EXTvDNAWOR0031A05_E02	Mus	38.763857724317674	-40.47356393324812
17_2_12__EXTvDNAWOR0031A05_E03	Mus	36.65718301742996	-39.64853809087694
17_2_23__EXTvDNAWOR0031A05_E04	Mus	32.37898046211671	-35.27574822763058
17_2_33__EXTvDNAWOR0031A05_E05	Mus	36.71529481671074	-39.776376560618765
17_2_54__EXTvDNAWOR0031A05_E06	Mus	18.111138414065287	-20.19662077251889
17_2_70__EXTvDNAWOR0031A05_E07	Mus	40.15783399485893	-41.05330940397819
17_2_85__EXTvDNAWOR0031A05_E08	Mus	36.33886721878644	-39.84814462290879
17_2_95__EXTvDNAWOR0031A05_E09	Mus	5.194502512282827	-5.165104791329226
17_2_105__EXTvDNAWOR0031A05_E10	Mus	39.50805062420694	-41.57483022043513
17_2_117__EXTvDNAWOR0031A05_E11	Mus	36.08903960816324	-38.98679143706283
17_2_132__EXTvDNAWOR0031A05_E12	Mus	35.93914964493362	-38.78847036081974
17_2_24__EXTvDNAWOR0031A05_F04	Mus	37.33848662683031	-40.637839021384536
17_2_42__EXTvDNAWOR0031A05_F05	Mus	39.47059130152321	-41.724018311708754
17_2_60__EXTvDNAWOR0031A05_F06	Mus	36.44029544444529	-38.365366172896934
17_2_71__EXTvDNAWOR0031A05_F07	Mus	40.359628436354946	-41.9241583158113
17_2_86__EXTvDNAWOR0031A05_F08	Mus	38.07481363453479	-41.414501361616914
17_2_118__EXTvDNAWOR0031A05_F11	Mus	37.88172448444033	-41.14121694498243
17_2_133__EXTvDNAWOR0031A05_F12	Mus	36.094294601380426	-38.75131164990171
17_2_25__EXTvDNAWOR0031A05_G04	Mus	36.925029794628024	-39.89851470723705
17_2_44__EXTvDNAWOR0031A05_G05	Mus	36.22639607794866	-38.71017112862898
17_2_61__EXTvDNAWOR0031A05_G06	Mus	13.596489613567595	-15.543514325698501
17_2_73__EXTvDNAWOR0031A05_G07	Mus	34.77011634336979	-37.716634765819265
17_2_88__EXTvDNAWOR0031A05_G08	Mus	36.80869297476372	-40.58478097971976
17_2_97__EXTvDNAWOR0031A05_G09	Mus	41.21353969614592	-42.87226745077283
17_2_26__EXTvDNAWOR0031A05_H04	Mus	38.788007961390264	-40.66222661195013
17_2_62__EXTvDNAWOR0031A05_H06	Mus	41.611640871586644	-43.61733969446555
17_2_74__EXTvDNAWOR0031A05_H07	Mus	33.98386589618618	-36.57702059120644
17_2_90__EXTvDNAWOR0031A05_H08	Mus	32.06156003591784	-33.9595033268411
17_2_98__EXTvDNAWOR0031A05_H09	Mus	40.612036208172306	-43.01572388551746
17_2_108__EXTvDNAWOR0031A05_H10	Mus	40.2126990950371	-40.516967908129594
17_2_123__EXTvDNAWOR0031A05_H11	Mus	37.25850812353097	-40.050594286406294
17_2_136__EXTvDNAWOR0031A05_H12	Mus	38.32359937438666	-41.04141236433079
Ark1212_25__EXTvDNAWOR0032A06_B07	Mus	15.083855757598537	-17.20831243829755
Ark1212_49__EXTvDNAWOR0032A06_B10	Mus	21.218461515664814	-23.01951017637388
Ark1212_42__EXTvDNAWOR0032A06_C09	Mus	16.763755101841042	-14.631763812898777
Ark1212_50__EXTvDNAWOR0032A06_C10	Mus	9.722563591593898	-10.385115314012893
17_2_158__EXTvDNAWOR0033A07_A04	Mus	37.76903649766479	-41.10200976917782
17_2_182__EXTvDNAWOR0033A07_A07	Mus	6.516005052015121	-7.223351488642115
17_2_190__EXTvDNAWOR0033A07_A08	Mus	24.159805603800276	-24.9507225124345
17_2_216__EXTvDNAWOR0033A07_A11	Mus	40.611412973463565	-43.35951425636252
17_2_140__EXTvDNAWOR0033A07_B02	Mus	39.107228207329726	-42.24990867435799
17_2_150__EXTvDNAWOR0033A07_B03	Mus	37.727794047840156	-41.66035386932157
17_2_167__EXTvDNAWOR0033A07_B05	Mus	37.627662941682296	-41.24817570562239
17_2_191__EXTvDNAWOR0033A07_B08	Mus	38.154499684204715	-41.7489416146542
17_2_199__EXTvDNAWOR0033A07_B09	Mus	35.55058392020024	-39.363982315717635
17_2_208__EXTvDNAWOR0033A07_B10	Mus	38.64861671016829	-42.23024431398494
17_2_151__EXTvDNAWOR0033A07_C03	Mus	37.68123488279902	-41.05758758172007
17_2_176__EXTvDNAWOR0033A07_C06	Mus	37.661966917284786	-41.09560863848411
17_2_184__EXTvDNAWOR0033A07_C07	Mus	39.121498954495884	-42.859907821499505
17_2_192__EXTvDNAWOR0033A07_C08	Mus	40.04973987326195	-41.61811263769847
17_2_195__EXTvDNAWOR0033A07_C11	Mus	38.3674905216215	-41.8883159887687
Parent_SouthernHome__EXTvDNAWOR0033A07_D01	Mus	25.556864534537556	-27.02758533302322
17_2_144__EXTvDNAWOR0033A07_D02	Mus	37.386502216863846	-40.898008574994066
17_2_193__EXTvDNAWOR0033A07_D08	Mus	38.56331281116888	-41.630713976113924
17_2_210__EXTvDNAWOR0033A07_D10	Mus	38.51829781258728	-42.35111918616494
17_2_162__EXTvDNAWOR0033A07_E04	Mus	38.901720424165696	-42.70765735338914
17_2_178__EXTvDNAWOR0033A07_E06	Mus	41.38531585877552	-42.844831498369786
17_2_186__EXTvDNAWOR0033A07_E07	Mus	40.731961015040255	-42.93528580118313
17_2_212__EXTvDNAWOR0033A07_E10	Mus	38.548998590692555	-42.54874019161294
17_2_146__EXTvDNAWOR0033A07_F02	Mus	38.56857129004883	-42.21489081270916
17_2_154__EXTvDNAWOR0033A07_F03	Mus	41.069277853218416	-43.30845468565039
17_2_171__EXTvDNAWOR0033A07_F05	Mus	40.951717395906364	-43.09204652267614
17_2_179__EXTvDNAWOR0033A07_F06	Mus	40.77310843707595	-43.44481550996044
17_2_187__EXTvDNAWOR0033A07_F07	Mus	38.0711827223665	-41.47991453822653
17_2_195__EXTvDNAWOR0033A07_F08	Mus	5.45049248292601	-6.321480027835941
17_2_203__EXTvDNAWOR0033A07_F09	Mus	14.088192178121519	-12.532660286149824
17_2_213__EXTvDNAWOR0033A07_F10	Mus	40.670436550876985	-42.40924415366686
17_2_164__EXTvDNAWOR0033A07_G04	Mus	36.192202931278075	-40.03932211632247
17_2_172__EXTvDNAWOR0033A07_G05	Mus	37.93355836987832	-41.16452969674582
17_2_188__EXTvDNAWOR0033A07_G07	Mus	17.113632788484484	-19.01445648092396
17_2_196__EXTvDNAWOR0033A07_G08	Mus	34.851857749454425	-37.304431213850854
17_2_148__EXTvDNAWOR0033A07_H02	Mus	38.016253766108726	-41.73395749683766
17_2_165__EXTvDNAWOR0033A07_H04	Mus	40.58729026818047	-42.98712376075531
17_2_189__EXTvDNAWOR0033A07_H07	Mus	38.047357935170844	-42.28351368354754
17_2_197__EXTvDNAWOR0033A07_H08	Mus	38.23878533722009	-41.66539147264093
17_2_215__EXTvDNAWOR0033A07_H10	Mus	36.90910445778601	-41.55795137221598
UMT5__EXTvDNAWOR0047A01_B05	Mus	17.155470912273437	-18.227466632044013
UMT9__EXTvDNAWOR0047A01_B09	Mus	1.6642711501262273	-2.3859681722314736
KIL8__EXTvDNAWOR0047A01_F02	Mus	6.314988271779865	-6.241080372465351
PEL5__EXTvDNAWOR0048A02_B12	Mus	27.171570487287234	-30.839603545267906
OKL8__EXTvDNAWOR0048A02_F05	Mus	29.100551116373246	-32.73189079830799
2436.0000B__BIvDNAara0073A07_A03	Mus	15.776181218731283	-13.559692409199336
2719.0000C__BIvDNAara0073A07_B03	Mus	16.10010214200794	-14.632755376408
2735.0003A__BIvDNAara0073A07_C03	Mus	17.862370620389214	-14.514074955946182
1695.0000C__BIvDNAara0073A07_D02	Mus	13.829085506959421	-11.415267049817006
2735.0004A__BIvDNAara0073A07_D03	Mus	18.739690241463375	-10.808902759467989
1696.0000C__BIvDNAara0073A07_E02	Mus	16.260809918201925	-14.31108099702766
1697.0000C__BIvDNAara0073A07_F02	Mus	15.396159256126559	-14.041786510347906
2735.0009A__BIvDNAara0073A07_F03	Mus	16.48160661607172	-13.566020061654578
2435.0000B__BIvDNAara0073A07_H02	Mus	14.350337076925936	-12.810317503868006
SC87__vDNAdia1622B02_A12	EA	8.750160021305414	12.076127367575593
SC88__vDNAdia1622B02_B12	EA	8.935735146566817	12.54088473318095
SC81__vDNAdia1622B02_C11	EA	8.873327597550945	12.584277319734852
SC89__vDNAdia1622B02_C12	EA	9.006451007318894	12.443039010664956
SC82__vDNAdia1622B02_D11	EA	9.182641174547715	12.695096666529027
SC83__vDNAdia1622B02_E11	EA	9.664736837183149	12.556702059114476
SC84__vDNAdia1622B02_F11	EA	9.11623972882752	12.400529287858447
SC85__vDNAdia1622B02_G11	EA	9.049674183382601	12.413297832909423
SC86__vDNAdia1622B02_H11	EA	9.028455578854919	12.244735750948045
PI_588465__BIvDNAgut0034C10_E02	EA	8.72948899501169	12.417364630933246
588465__vDNAlon095H11_B07	EA	8.594552576791958	12.306915985008384
2026.0000B__BIvDNAara0073A07_A05	EA	3.317318610938979	3.520858081405781
2027.0000B__BIvDNAara0073A07_B05	EA	3.941978187567451	3.7069347099550436
2028.0000B__BIvDNAara0073A07_C05	EA	4.589238491305614	4.8796671407418035
2029.0000B__BIvDNAara0073A07_D05	EA	4.752635377243685	4.591158285915262
2031.0000D__BIvDNAara0073A07_E05	EA	2.4476237220721035	2.4611129815227573
2032.0000C__BIvDNAara0073A07_F05	EA	4.1674362995244625	4.433148369927928
2033.0000C__BIvDNAara0073A07_G05	EA	3.0993159078706385	3.4698952622894064
d14s2__vDNAdia1371E08_B01	EA	8.378239491834789	12.801144688216095
d14s4__vDNAdia1371E08_D01	EA	8.33849208539403	12.647709360615025
d18s47__vDNAdia1375E12_G06	EA	9.013694839529684	12.516707525961614
2237.0006A__BIvDNAara0067A01_H01	NA1	16.66671460205972	15.102816986161193
1432.0000C__BIvDNAara0071A05_A09	NA1	17.322901883377227	15.75205783410283
1442.0000C__BIvDNAara0071A05_A10	NA1	17.29002777486076	16.3063852058621
2936.0001A__BIvDNAara0071A05_A12	NA1	18.60969234292678	17.017964584916363
1423.0000C__BIvDNAara0071A05_B08	NA1	17.753355019721482	16.326420591007075
1433.0000C__BIvDNAara0071A05_B09	NA1	17.130280672223556	16.17024299010694
1443.0000C__BIvDNAara0071A05_B10	NA1	17.426706895581706	16.024586012316234
2936.0002A__BIvDNAara0071A05_B12	NA1	16.817870078239938	15.951852254963496
1424.0000C__BIvDNAara0071A05_C08	NA1	17.432012100277355	16.15323138212649
1434.0000C__BIvDNAara0071A05_C09	NA1	17.05717251202113	16.052455237499387
1444.0000C__BIvDNAara0071A05_C10	NA1	16.64481253883146	15.037315531959061
1889.0000C__BIvDNAara0071A05_C11	NA1	14.02155328242511	11.774492092161985
1425.0000C__BIvDNAara0071A05_D08	NA1	15.218772509130003	14.086389894030473
1435.0000C__BIvDNAara0071A05_D09	NA1	16.0981677225961	15.475129042840248
2981.0000A__BIvDNAara0071A05_D12	NA1	17.231699549197035	15.794396522718724
1268.0000C__BIvDNAara0071A05_E07	NA1	15.71280103074231	15.09111549242281
1428.0000C__BIvDNAara0071A05_E08	NA1	15.929575501965923	14.586462283548565
1436.0000C__BIvDNAara0071A05_E09	NA1	17.232285850481386	16.110786913604908
1910.0000C__BIvDNAara0071A05_E11	NA1	12.684022513080848	11.333809754826271
2982.0000A__BIvDNAara0071A05_E12	NA1	16.05788291191767	14.645067287270509
1270.0000D__BIvDNAara0071A05_F07	NA1	17.574757086010113	16.47006760488843
1429.0000C__BIvDNAara0071A05_F08	NA1	15.989374011411229	14.733475783824959
1438.0000D__BIvDNAara0071A05_F09	NA1	18.174791463207807	16.40877656801138
1271.0000C__BIvDNAara0071A05_G07	NA1	16.277516231718508	15.565060138917785
1430.0000C__BIvDNAara0071A05_G08	NA1	16.118073834560846	15.297214773266537
1440.0000C__BIvDNAara0071A05_G09	NA1	17.674446180777853	16.118366219116467
1989.0000C__BIvDNAara0071A05_G11	NA1	17.86914324432692	16.826423025416783
1431.0000C__BIvDNAara0071A05_H08	NA1	14.78584416615727	13.797399875672978
1441.0000C__BIvDNAara0071A05_H09	NA1	16.509911157361987	15.462695750257417
1885.0000C__BIvDNAara0071A05_H10	NA1	11.849488613732154	10.554356718390695
wRGMw__EXTvDNAZYP0036A02_B12	NA1	19.659292225527494	19.40592014372544
VRMNW__vDNAfen1154A08_C08	NA1	25.34926143038159	26.427525207072293
VRMNW__vDNAfen1156A10_B10	NA1	29.62960952454566	29.854145630893377
d7s54__vDNAdia1364E01_A08	NA1	38.36448748431645	36.07631064995178
d7s47__vDNAdia1364E01_B07	NA1	31.146975565220544	31.40034911303433
d7s55__vDNAdia1364E01_B08	NA1	37.241064285759975	35.56140030953708
d7s48__vDNAdia1364E01_C07	NA1	40.31087629153118	38.671208321436254
d7s56__vDNAdia1364E01_C08	NA1	38.202278338246074	36.48693026431603
d7s49__vDNAdia1364E01_D07	NA1	38.36100611268224	36.43783038780084
d7s58__vDNAdia1364E01_E08	NA1	29.711226343681847	29.529522595044682
d7s51__vDNAdia1364E01_F07	NA1	34.276508343382616	33.22554174918593
d7s59__vDNAdia1364E01_F08	NA1	38.45326980395673	36.66233967844303
d7s53__vDNAdia1364E01_H07	NA1	38.392393062628045	36.008702012813984
d11s38__vDNAdia1368E05_A06	NA1	32.2387643336792	30.944274105589948
d11s35__vDNAdia1368E05_C05	NA1	40.43364850393665	38.17283050088299
d11s28__vDNAdia1368E05_D04	NA1	31.4239012443518	30.197052560257173
d11s67__vDNAdia1368E05_F09	NA1	36.6249077804804	34.98249248080658
d15s40__vDNAdia1372E09_H05	NA1	40.55723797783692	39.03464649336434
d17s45__vDNAdia1374E11_E06	NA1	40.35209011748438	38.57281946230021
d17s46__vDNAdia1374E11_F06	NA1	39.95115015861846	38.126336605156865
d17s47__vDNAdia1374E11_G06	NA1	37.526325807431824	35.90943577216007
d3s86__vDNAdia1360D09_A12	NA1	37.76343238704008	35.54546548448297
d14s17__vDNAdia1371E08_A03	NA1	38.26169085832256	36.82705122916087
w1s63__vDNAdia1376F01_B09	NA1	39.10317429852787	36.31838364918156
w11s6__vDNAdia1375E12_B09	Vv	-30.359728924227074	-1.1647106374674348
w11s14__vDNAdia1375E12_B10	Vv	-32.603975650474474	-1.089243389313221
w11s15__vDNAdia1375E12_C10	Vv	-28.658657090511408	0.016830228208885537
w11s8__vDNAdia1375E12_D09	Vv	-28.293311140018414	0.06891796950875272
w11s1__vDNAdia1375E12_E08	Vv	-30.287827585553313	-0.2531805916155581
w11s9__vDNAdia1375E12_E09	Vv	-28.256959712817913	-0.3024197080250259
w11s2__vDNAdia1375E12_F08	Vv	-28.907715794999174	-0.08336533889053926
w11s3__vDNAdia1375E12_G08	Vv	-28.417367279993023	0.279179421229261
w11s4__vDNAdia1375E12_H08	Vv	-29.556720239460443	-0.6660617133675175
w1s70__vDNAdia1376F01_A10	Vv	-30.692262725360294	-0.6647525890117013
w2s9__vDNAdia1377F02_A02	Vv	-28.511800788984708	0.8401479549098105
w2s78__vDNAdia1377F02_A11	Vv	-29.65805837641377	-0.2936608128393243
w2s11__vDNAdia1377F02_C02	Vv	-29.817389593195106	-0.3180479217390389
w2s72__vDNAdia1377F02_C10	Vv	-29.59733741723128	0.4885844506986352
w2s13__vDNAdia1377F02_E02	Vv	-30.868688712515173	-0.6363063597790328
w2s6__vDNAdia1377F02_F01	Vv	-30.56010618752308	-0.19027792015965816
w2s14__vDNAdia1377F02_G02	Vv	-30.13132683902718	0.04510187356379552
w2s76__vDNAdia1377F02_G10	Vv	-30.72423528374576	-0.028105223181412568
w2s14__vDNAdia1377F02_H02	Vv	-29.851087089603322	0.16988222707684797
w2s77__vDNAdia1377F02_H10	Vv	-30.099665442095915	-0.22522023768527763
1263.0000C__BIvDNAara0072A06_A01	NA1	18.102559317763063	16.710783768955462
1595.0000C__BIvDNAara0072A06_A02	NA1	16.599032953852866	14.68449308576281
1265.0000C__BIvDNAara0072A06_B01	NA1	20.312923419329135	18.18974574639453
1599.0000D__BIvDNAara0072A06_B02	NA1	16.807875276086754	15.289333979324773
1406.0000C__BIvDNAara0072A06_C01	NA1	15.76485715894755	13.716175340498582
1604.0000F__BIvDNAara0072A06_C02	NA1	18.257786404915745	16.340966803107552
1417.0000C__BIvDNAara0072A06_D01	NA1	18.361307625812863	16.488713762376992
1640.0000C__BIvDNAara0072A06_D02	NA1	16.804614457599772	15.087028384885716
1418.0000C__BIvDNAara0072A06_E01	NA1	17.619370316403682	15.243187651875001
1680.0000C__BIvDNAara0072A06_E02	NA1	16.21544200285959	14.912906994650259
1420.0000C__BIvDNAara0072A06_F01	NA1	15.850193336540256	14.323537483095254
1681.0000C__BIvDNAara0072A06_F02	NA1	16.398276581753997	14.48177151524626
1422.0000D__BIvDNAara0072A06_H01	NA1	16.93116811434515	15.241579199761347
0624.0000A__BIvDNAara0040D04_A01	Vv	-12.994008571567145	-1.3648623331985539
0893.0000A__BIvDNAara0040D04_A02	Vv	-11.445690146331629	-1.6795223461865902
1032.0000A__BIvDNAara0040D04_A03	Vv	-10.822667476520726	-1.4984174089352018
1102.0000A__BIvDNAara0040D04_A04	Vv	-10.749462839424908	-1.0901527101673236
1123.0000A__BIvDNAara0040D04_A05	Vv	-10.865076044002551	-1.0204185556223935
2342.0000A__BIvDNAara0040D04_A06	Vv	-9.990449715948147	-0.7817965739021717
2332.0000A__BIvDNAara0040D04_A07	Vv	-11.253918995047794	-1.0522731414641373
2311.0000A__BIvDNAara0040D04_A08	Vv	-11.171011391740835	-0.7836516954855194
2113.0000A__BIvDNAara0040D04_A09	Vv	-9.654263464684286	-0.8893105766471877
1840.0000I__BIvDNAara0040D04_A10	Vv	-8.494403334532617	-0.5186562033205327
0619.0000C__BIvDNAara0040D04_A11	Vv	-10.010963725598094	-0.8857973878299045
0907.0000A__BIvDNAara0040D04_B02	Vv	-10.480085313756506	-1.2360120858201786
1038.0000A__BIvDNAara0040D04_B03	Vv	-9.972656545118598	-1.0936021741575783
1124.0000A__BIvDNAara0040D04_B05	Vv	-10.984141948357841	-0.864985577285863
2341.0000A__BIvDNAara0040D04_B06	Vv	-10.451182702763278	-1.32862207354627
2330.0000A__BIvDNAara0040D04_B07	Vv	-10.585728735599153	-1.2958592129920077
2310.0000A__BIvDNAara0040D04_B08	Vv	-11.431238459081204	-1.168195530687895
2100.0000B__BIvDNAara0040D04_B09	Vv	-10.237812186279315	-0.9595120022930307
0620.0000C__BIvDNAara0040D04_B11	Vv	-10.654994714236015	-0.9037605701805449
0630.0000C__BIvDNAara0040D04_B12	Vv	-9.389486570942939	-0.5171815966070329
0694.0000A__BIvDNAara0040D04_C01	Vv	-9.249514769784456	-1.3048608732504032
0935.0000A__BIvDNAara0040D04_C02	Vv	-9.681468777302026	-0.6609991609138913
1072.0000A__BIvDNAara0040D04_C03	Vv	-10.951981505729373	-1.4307944674901194
1107.0000A__BIvDNAara0040D04_C04	Vv	-10.46624685923198	-0.8418413387834454
2337.0000A__BIvDNAara0040D04_C06	Vv	-10.786743032080063	-0.899010689880573
2329.0000A__BIvDNAara0040D04_C07	Vv	-10.024730226596247	-0.5718768180365387
2307.0000A__BIvDNAara0040D04_C08	Vv	-11.46855629168052	-1.3573834769657025
2091.0000A__BIvDNAara0040D04_C09	Vv	-10.191352542357944	-0.9886861171950468
1643.0000E__BIvDNAara0040D04_C10	Vv	-13.043750271480844	-1.1922827730636598
0622.0000C__BIvDNAara0040D04_C11	Vv	-12.397652758177808	-0.8899378246775018
0631.0000C__BIvDNAara0040D04_C12	Vv	-10.117307659771903	-0.7886614174892895
0749.0000A__BIvDNAara0040D04_D01	Vv	-10.39445721883173	-0.9633717637272434
1003.0000A__BIvDNAara0040D04_D02	Vv	-11.04384222971444	-0.777901239377421
1074.0000A__BIvDNAara0040D04_D03	Vv	-9.590729107006231	-0.4665600817889527
1127.0000A__BIvDNAara0040D04_D05	Vv	-10.972160639233845	-0.5312182033112954
2339.0000A__BIvDNAara0040D04_D06	Vv	-10.995618112229726	-1.3691363447444693
2321.0000A__BIvDNAara0040D04_D07	Vv	-9.438808836071667	-0.5480588037728736
2305.0000A__BIvDNAara0040D04_D08	Vv	-10.443445504761533	-1.1734089537134915
2086.0000A__BIvDNAara0040D04_D09	Vv	-10.736585130131933	-1.0131729903619
1340.0000A__BIvDNAara0040D04_D10	Vv	-10.91895324521579	-0.9426715106899604
0623.0000C__BIvDNAara0040D04_D11	Vv	-12.33849960556878	-1.5700005865453335
0779.0000B__BIvDNAara0040D04_E01	Vv	-9.535003387985249	-1.0806271928409035
1004.0000A__BIvDNAara0040D04_E02	Vv	-9.966929208884991	-0.7888913709213989
1080.0000A__BIvDNAara0040D04_E03	Vv	-9.650241364983383	-1.226897605941597
1150.0000A__BIvDNAara0040D04_E05	Vv	-10.585765035974305	-1.587148602643218
2336.0000A__BIvDNAara0040D04_E06	Vv	-10.287241607797432	-0.9567136713197532
2318.0000A__BIvDNAara0040D04_E07	Vv	-9.772713689300813	-0.8074422151841067
2165.0000A__BIvDNAara0040D04_E08	Vv	-10.908794589874313	-0.6639465469840364
2080.0000A__BIvDNAara0040D04_E09	Vv	-12.515359116917638	-0.8426687043075592
0461.0000C__BIvDNAara0040D04_E10	Vv	-11.595045792116332	-1.4249335674094483
0625.0000C__BIvDNAara0040D04_E11	Vv	-11.195209670239114	-1.020229169213082
0633.0000C__BIvDNAara0040D04_E12	Vv	-9.920437543843297	-1.0581916573341545
0794.0000A__BIvDNAara0040D04_F01	Vv	-10.771304126266738	-1.0724057430371532
1008.0000A__BIvDNAara0040D04_F02	Vv	-11.522398318926385	-1.0203958290483324
1085.0000H__BIvDNAara0040D04_F03	Vv	-9.140982711891676	-1.3358326330568733
1335.0000A__BIvDNAara0040D04_F05	Vv	-10.680476228517549	-0.855274627246138
2317.0000A__BIvDNAara0040D04_F07	Vv	-10.301167306212202	-0.8411378556395995
2079.0000A__BIvDNAara0040D04_F09	Vv	-11.951498741057586	-1.151874744666246
0545.0000F__BIvDNAara0040D04_F10	Vv	-9.106923710893504	-0.8565363836996991
1114.0000A__BIvDNAara0040D04_F12	Vv	-10.941394289853587	-1.2847957747488816
0816.0000B__BIvDNAara0040D04_G01	Vv	-11.28869494633047	-1.0695305976024831
1015.0000A__BIvDNAara0040D04_G02	Vv	-10.798394293463364	-1.138701756088836
Mission__BIvDNAara0040D04_G04	Vv	-9.475061928018338	-0.8515657358741072
3344.0000A__BIvDNAara0040D04_G05	Vv	-10.715172716048526	-0.633414655450915
2334.0000A__BIvDNAara0040D04_G06	Vv	-11.620991258487418	-1.5143760551319376
2313.0000A__BIvDNAara0040D04_G07	Vv	-9.368361170680474	-0.68539348492532
2117.0000A__BIvDNAara0040D04_G08	Vv	-11.1028643755049	-0.5846730456244745
2072.0000A__BIvDNAara0040D04_G09	Vv	-11.543529895521079	-1.1403222929734662
0617.0000C__BIvDNAara0040D04_G10	Vv	-10.866611868550569	-0.3826286079232557
0627.0000C__BIvDNAara0040D04_G11	Vv	-10.697192682552242	-1.1054952429738738
1116.0000A__BIvDNAara0040D04_G12	Vv	-9.435564498570747	-0.7851477445387195
0829.0000A__BIvDNAara0040D04_H01	Vv	-11.937716299286338	-0.8869044979060594
1032.0000Y__BIvDNAara0040D04_H02	Vv	-10.94063581406488	-0.6402601367618216
1099.0000A__BIvDNAara0040D04_H03	Vv	-11.441702049101295	-0.9554456779827101
Mission__BIvDNAara0040D04_H04	Vv	-9.794194286352745	-1.0775937613934614
2530.0000A__BIvDNAara0040D04_H05	Vv	-7.928214614117353	-0.6943614733173908
2333.0000A__BIvDNAara0040D04_H06	Vv	-10.151315216724825	-1.343530807365797
2115.0000A__BIvDNAara0040D04_H08	Vv	-11.798674189212884	-1.3860288459676287
1841.0000F__BIvDNAara0040D04_H09	Vv	-7.499875236229005	-0.11914089901683696
0618.0000C__BIvDNAara0040D04_H10	Vv	-10.642473273017934	-0.996350825733265
0628.0000C__BIvDNAara0040D04_H11	Vv	-10.038071689490303	-1.2927534030635215
1117.0000A__BIvDNAara0040D04_H12	Vv	-11.091648353960297	-1.3648966036827495
0655.0000E__BIvDNAara0041D05_A03	Vv	-9.473312481641921	-0.8311587308917376
0718.0000C__BIvDNAara0041D05_A04	Vv	-12.03285686310413	-1.4640242932058927
0709.0000C__BIvDNAara0041D05_A05	Vv	-9.618920385384664	-0.702625456072227
0698.0000C__BIvDNAara0041D05_A06	Vv	-5.796306781538415	-0.7883213697942805
0686.0000C__BIvDNAara0041D05_A07	Vv	-9.296644929365184	-1.1608737125575146
0719.0000C__BIvDNAara0041D05_A09	Vv	-9.379553494049393	-1.0197655410096753
0646.0000C__BIvDNAara0041D05_B02	Vv	-7.220841517009462	-0.6386513105804807
0717.0000C__BIvDNAara0041D05_B04	Vv	-9.907249924952565	-0.7182837826806707
0708.0000C__BIvDNAara0041D05_B05	Vv	-11.028303987600783	-1.2929517433499105
0697.0000C__BIvDNAara0041D05_B06	Vv	-11.359717800015181	-1.1863950498513085
0672.0000C__BIvDNAara0041D05_B08	Vv	-8.889451568294074	-1.181293646694435
0739.0000C__BIvDNAara0041D05_B11	Vv	-9.782894503237628	-1.0780195836695339
0751.0000C__BIvDNAara0041D05_B12	Vv	-10.124808168810354	-0.841403982954055
0637.0000C__BIvDNAara0041D05_C01	Vv	-9.364251768870778	-1.0153034661649127
0648.0000E__BIvDNAara0041D05_C02	Vv	-2.749849783961386	-0.3011539326131726
0715.0000C__BIvDNAara0041D05_C04	Vv	-9.388401235957891	-0.6653754510635819
0707.0000C__BIvDNAara0041D05_C05	Vv	-9.25024932290734	-0.8285990713636953
0696.0000C__BIvDNAara0041D05_C06	Vv	-11.600317539585909	-0.9002573605461324
0679.0000C__BIvDNAara0041D05_C07	Vv	-11.741417122102972	-1.0127663464369836
0670.0000C__BIvDNAara0041D05_C08	Vv	-9.966728953972481	-1.4134099039817918
0730.0000C__BIvDNAara0041D05_C10	Vv	-2.320164930575418	-0.23355450576578513
0740.0000C__BIvDNAara0041D05_C11	Vv	-9.273302173657177	-0.6454846259334124
0753.0000C__BIvDNAara0041D05_C12	Vv	-9.58347894641585	-0.8535769539046579
0638.0000E__BIvDNAara0041D05_D01	Vv	-9.604791764605924	-0.6755664462636888
0649.0000C__BIvDNAara0041D05_D02	Vv	-9.60380688936138	-1.1949710729211078
0660.0000C__BIvDNAara0041D05_D03	Vv	-9.718842209675081	-0.8492828453018776
0714.0000C__BIvDNAara0041D05_D04	Vv	-10.91883209584203	-0.9531011265039313
0693.0000C__BIvDNAara0041D05_D06	Vv	-8.949222350355804	-0.8247937058762536
0678.0000C__BIvDNAara0041D05_D07	Vv	-10.670258314194838	-1.186410348720384
0668.0000C__BIvDNAara0041D05_D08	Vv	-8.019584401702375	-0.9980531575196103
0722.0000C__BIvDNAara0041D05_D09	Vv	-8.34229242352888	-0.5732923228215718
0731.0000C__BIvDNAara0041D05_D10	Vv	-8.379101466958646	-0.9639720778199916
0742.0000C__BIvDNAara0041D05_D11	Vv	-7.639526340159266	-0.7572227871547398
0754.0000C__BIvDNAara0041D05_D12	Vv	-9.340169345341707	-0.8995955519555499
0639.0000J__BIvDNAara0041D05_E01	Vv	-9.937303450024524	-1.191313744208452
0650.0000E__BIvDNAara0041D05_E02	Vv	-9.37964536724448	-0.9645779304207434
0661.0000C__BIvDNAara0041D05_E03	Vv	-10.468928878170846	-1.270904664941184
0713.0000C__BIvDNAara0041D05_E04	Vv	-8.863186098531196	-0.6657883821533604
0692.0000C__BIvDNAara0041D05_E06	Vv	-9.329801188420515	-0.4771409354289348
0677.0000C__BIvDNAara0041D05_E07	Vv	-9.515909538092723	-0.7987103284952767
0667.0000C__BIvDNAara0041D05_E08	Vv	-10.990998698565942	-1.3066026489643072
0723.0000C__BIvDNAara0041D05_E09	Vv	-7.178713339201385	-0.6078306004493129
0732.0000C__BIvDNAara0041D05_E10	Vv	-10.975657953896366	-0.9564949631898753
0743.0000C__BIvDNAara0041D05_E11	Vv	-10.62937324660395	-0.6662482142229985
0755.0000C__BIvDNAara0041D05_E12	Vv	-9.909371630339976	-0.6176290738591931
0641.0000C__BIvDNAara0041D05_F01	Vv	-10.477455757996804	-0.9753316433603619
0662.0000C__BIvDNAara0041D05_F03	Vv	-8.835275618285388	-0.45691726673761124
0712.0000C__BIvDNAara0041D05_F04	Vv	-8.354639092505414	-0.5767949724130853
0689.0000C__BIvDNAara0041D05_F06	Vv	-11.186973679707844	-1.040989860644821
0676.0000C__BIvDNAara0041D05_F07	Vv	-8.913149761586004	-0.9269707523919728
0666.0000C__BIvDNAara0041D05_F08	Vv	-8.752347780093102	-0.6596786064671637
0724.0000C__BIvDNAara0041D05_F09	Vv	-8.992446113813978	-1.3667189060177458
0744.0000D__BIvDNAara0041D05_F11	Vv	-8.307986550601052	-0.6113570006660544
0706.0000C__BIvDNAara0041D05_F12	Vv	-11.168579314531641	-1.384898258376754
0663.0000C__BIvDNAara0041D05_G03	Vv	-10.797247903858647	-1.315176492934151
0711.0000C__BIvDNAara0041D05_G04	Vv	-10.116681184581273	-0.6717092873799245
Mission__BIvDNAara0041D05_G05	Vv	-8.57505443989923	-0.8528509696494139
0688.0000C__BIvDNAara0041D05_G06	Vv	-12.934780526678749	-1.5970403509150208
0675.0000C__BIvDNAara0041D05_G07	Vv	-9.881950638765327	-0.7682222297785446
0665.0000C__BIvDNAara0041D05_G08	Vv	-10.221188715973366	-1.2139386219033506
0726.0000C__BIvDNAara0041D05_G09	Vv	-10.562507041385919	-0.781837228336944
0746.0000C__BIvDNAara0041D05_G11	Vv	-7.1943832383638044	-0.6673645817737928
0704.0000C__BIvDNAara0041D05_G12	Vv	-11.721825866703885	-0.8695737573216576
3255.0000C__BIvDNAara0041D05_H03	Vv	-15.8807926126508	-1.2678174127836948
0710.0000C__BIvDNAara0041D05_H04	Vv	-9.862261073906863	-0.9977927582724424
Mission__BIvDNAara0041D05_H05	Vv	-8.19276724581594	-0.9703441698551176
0664.0000E__BIvDNAara0041D05_H08	Vv	-10.346026888531187	-1.0037089172118998
0727.0000C__BIvDNAara0041D05_H09	Vv	-8.799127200159987	-0.9032185286456244
0747.0000C__BIvDNAara0041D05_H11	Vv	-10.004649535748104	-1.3654725335082216
0703.0000D__BIvDNAara0041D05_H12	Vv	-11.563223468203851	-0.8819403182645934
0767.0000C__BIvDNAara0042D06_A02	Vv	-8.400236262722533	-1.1021545070359031
0775.0000C__BIvDNAara0042D06_A03	Vv	-8.238051760063572	-1.2624529376699343
0786.0000C__BIvDNAara0042D06_A04	Vv	-9.335972635130716	-1.0490237621359255
0797.0000C__BIvDNAara0042D06_A05	Vv	-7.494803745180621	-0.8038356653529012
0810.0000C__BIvDNAara0042D06_A06	Vv	-6.397933269125421	-0.793656601586454
0818.0000C__BIvDNAara0042D06_A07	Vv	-6.968713551467147	-0.683712768113723
0826.0000C__BIvDNAara0042D06_A08	Vv	-8.378399978870698	-1.0351657057699488
0835.0000C__BIvDNAara0042D06_A09	Vv	-8.728986807589477	-1.5668643107442448
0758.0000C__BIvDNAara0042D06_B01	Vv	-8.30410834077645	-0.8396826321025764
0768.0000C__BIvDNAara0042D06_B02	Vv	-9.06540530718396	-1.1637823121726993
0776.0000F__BIvDNAara0042D06_B03	Vv	-9.961025950529496	-1.2042559609414554
0787.0000C__BIvDNAara0042D06_B04	Vv	-8.812619818159794	-0.8049467283789858
0799.0000C__BIvDNAara0042D06_B05	Vv	-9.360112036817103	-1.2630341659401683
0809.0000C__BIvDNAara0042D06_B06	Vv	-7.77886528180993	-0.7994284686320774
0819.0000C__BIvDNAara0042D06_B07	Vv	-8.68176432225509	-0.6708611600109046
0827.0000C__BIvDNAara0042D06_B08	Vv	-11.017498786634771	-1.3741581082375736
0914.0000E__BIvDNAara0042D06_B12	Vv	-8.679843381538083	-1.5167686656109727
0759.0000C__BIvDNAara0042D06_C01	Vv	-8.345324438593494	-0.5837958536729599
0769.0000C__BIvDNAara0042D06_C02	Vv	-2.6009780970139538	-0.4011795535512695
0777.0000E__BIvDNAara0042D06_C03	Vv	-9.110102300062945	-0.9605588698081314
0788.0000C__BIvDNAara0042D06_C04	Vv	-9.04785480486171	-1.3340995840895495
0800.0000C__BIvDNAara0042D06_C05	Vv	-9.114162306151071	-1.0169932279884928
0811.0000C__BIvDNAara0042D06_C06	Vv	-9.167382052430172	-1.049227064367478
0820.0000C__BIvDNAara0042D06_C07	Vv	-9.061896279349556	-0.9176322492180491
0828.0000C__BIvDNAara0042D06_C08	Vv	-9.034464900466876	-1.6754543517109644
0838.0000C__BIvDNAara0042D06_C09	Vv	-7.829827449224644	-1.087069088837619
0859.0000C__BIvDNAara0042D06_C11	Vv	-10.062893646467934	-1.3912406863342341
0913.0000C__BIvDNAara0042D06_C12	Vv	-8.25301337727175	-1.4665723127628512
0760.0000C__BIvDNAara0042D06_D01	Vv	-8.907168298494929	-0.9452120601412703
0770.0000C__BIvDNAara0042D06_D02	Vv	-8.44264901059722	-0.7147082770209284
0778.0000C__BIvDNAara0042D06_D03	Vv	-8.118249831735126	-0.9518404608778076
0789.0000C__BIvDNAara0042D06_D04	Vv	-8.945480000947827	-1.407449581590701
0802.0000C__BIvDNAara0042D06_D05	Vv	-8.394298585446684	-0.7416080720593017
0821.0000C__BIvDNAara0042D06_D07	Vv	-9.390678717643429	-0.9857164561966173
0830.0000C__BIvDNAara0042D06_D08	Vv	-7.475386317671139	-0.8639621866168087
0841.0000C__BIvDNAara0042D06_D09	Vv	-10.145159918032904	-1.285528686530291
0861.0000X__BIvDNAara0042D06_D11	Vv	-9.224780556041747	-1.1476020581461037
0911.0000C__BIvDNAara0042D06_D12	Vv	-9.342248347393008	-1.1292672108865742
0761.0000C__BIvDNAara0042D06_E01	Vv	-9.861783663506408	-1.5574462524063348
0771.0000C__BIvDNAara0042D06_E02	Vv	-8.631109945533916	-0.7501346694651037
0780.0000C__BIvDNAara0042D06_E03	Vv	-8.964703896159707	-1.0203061004717555
0790.0000H__BIvDNAara0042D06_E04	Vv	-8.6664527138396	-0.7565763335411259
0803.0000C__BIvDNAara0042D06_E05	Vv	-8.019759878996618	-1.0458633710278684
0822.0000C__BIvDNAara0042D06_E07	Vv	-8.940830618551551	-0.9916135863265365
0831.0000C__BIvDNAara0042D06_E08	Vv	-8.393465147376803	-0.7852615486531128
0842.0000G__BIvDNAara0042D06_E09	Vv	-11.258893536952732	-1.5330715541653086
0851.0000C__BIvDNAara0042D06_E10	Vv	-8.642319541327716	-0.8569417197759807
0864.0000C__BIvDNAara0042D06_E11	Vv	-9.901303740475	-1.1038284876776574
0909.0000C__BIvDNAara0042D06_E12	Vv	-10.487104807850951	-1.271271947232741
0763.0000C__BIvDNAara0042D06_F01	Vv	-7.425790939185085	-0.852600115014282
0772.0000C__BIvDNAara0042D06_F02	Vv	-8.439384401303966	-0.762444279528011
0781.0000C__BIvDNAara0042D06_F03	Vv	-8.976955645253742	-1.2193830189679806
0792.0000C__BIvDNAara0042D06_F04	Vv	-8.923467991877551	-0.7230616145306938
0805.0000C__BIvDNAara0042D06_F05	Vv	-8.237949670374	-0.6593709686704744
0823.0000C__BIvDNAara0042D06_F07	Vv	-9.70682272657476	-1.7176728887076502
0832.0000C__BIvDNAara0042D06_F08	Vv	-7.99366629765533	-0.8507229559818423
0843.0000F__BIvDNAara0042D06_F09	Vv	-10.839539002577796	-1.2455198104128358
0865.0000C__BIvDNAara0042D06_F11	Vv	-8.966793579149817	-0.872379480839511
0812.0000C__BIvDNAara0042D06_F12	Vv	-9.691760315156937	-1.6380048941941916
0764.0000C__BIvDNAara0042D06_G01	Vv	-5.218407977633415	-0.7481948362762775
0773.0000C__BIvDNAara0042D06_G02	Vv	-7.505399842050996	-1.1961480332473142
0784.0000C__BIvDNAara0042D06_G03	Vv	-9.10723467294163	-0.9892732131272797
0795.0000C__BIvDNAara0042D06_G04	Vv	-8.479021948099328	-1.274713664310252
0806.0000E__BIvDNAara0042D06_G05	Vv	-9.141177646982724	-1.031397510619745
Mission__BIvDNAara0042D06_G06	Vv	-7.673338997284399	-0.8495193624843523
0824.0000C__BIvDNAara0042D06_G07	Vv	-8.017037697370558	-1.0145480960579483
0833.0000C__BIvDNAara0042D06_G08	Vv	-9.727660992757924	-1.0480346220052617
0844.0000E__BIvDNAara0042D06_G09	Vv	-10.804048968521156	-1.5083583414597073
0866.0000C__BIvDNAara0042D06_G11	Vv	-9.947144887567074	-1.0997923214164198
0813.0000C__BIvDNAara0042D06_G12	Vv	-9.248253478805687	-0.9151122217608251
0766.0000C__BIvDNAara0042D06_H01	Vv	-8.445839501191138	-0.9944958954448498
0774.0000E__BIvDNAara0042D06_H02	Vv	-8.45679361212783	-1.0344521880412292
0785.0000C__BIvDNAara0042D06_H03	Vv	-9.446487058830147	-1.0485624647095906
0796.0000C__BIvDNAara0042D06_H04	Vv	-9.04665189193802	-0.5923726307180601
0807.0000C__BIvDNAara0042D06_H05	Vv	-9.269754403892136	-0.8160134375299348
Mission__BIvDNAara0042D06_H06	Vv	-7.254717372403802	-0.7802095230603673
0825.0000C__BIvDNAara0042D06_H07	Vv	-9.080799577119548	-0.9813422218911394
0834.0000C__BIvDNAara0042D06_H08	Vv	-7.888787429131572	-0.8185279943390144
0845.0000C__BIvDNAara0042D06_H09	Vv	-9.279946607868215	-1.4147995189538214
3345.0000A__BIvDNAara0042D06_H11	Vv	-7.8448529189025775	-0.6174277266234045
0814.0000C__BIvDNAara0042D06_H12	Vv	-9.551117560972513	-1.0041447194357904
0894.0000C__BIvDNAara0043D07_A02	Vv	-7.0260897502963555	-0.823194185502995
0882.0000C__BIvDNAara0043D07_A03	Vv	-11.024189055309453	-1.3984695995314471
0873.0000C__BIvDNAara0043D07_A04	Vv	-10.157159942717707	-1.1295223577716866
0918.0000B__BIvDNAara0043D07_A05	Vv	-11.975807517968684	-1.451715368939211
0936.0000C__BIvDNAara0043D07_A07	Vv	-11.428882664225073	-0.7665280322016172
0945.0000E__BIvDNAara0043D07_A08	Vv	-11.582685333480123	-1.008168807752914
0955.0000C__BIvDNAara0043D07_A09	Vv	-9.603524556077732	-1.1847436017679231
0996.0000C__BIvDNAara0043D07_A10	Vv	-10.50520118758897	-1.0608793964333028
0988.0000C__BIvDNAara0043D07_A11	Vv	-10.18054029694075	-0.8607496042841826
0906.0000C__BIvDNAara0043D07_B01	Vv	-8.631364511174896	-1.334814359735572
0891.0000C__BIvDNAara0043D07_B02	Vv	-10.8219722148862	-0.8245442824686614
0881.0000C__BIvDNAara0043D07_B03	Vv	-10.154216835251408	-0.6687741912293137
0872.0000C__BIvDNAara0043D07_B04	Vv	-11.01548075489401	-0.6581588703312193
0919.0000C__BIvDNAara0043D07_B05	Vv	-7.627110170516129	-0.8735474116213179
0946.0000C__BIvDNAara0043D07_B08	Vv	-12.688270479529905	-0.9732825669550526
0956.0000C__BIvDNAara0043D07_B09	Vv	-11.569136538069454	-1.2854428108176055
0995.0000C__BIvDNAara0043D07_B10	Vv	-8.827048080988781	-1.1009876718868066
0987.0000C__BIvDNAara0043D07_B11	Vv	-9.908533041958806	-1.2015025032512918
0889.0000C__BIvDNAara0043D07_C02	Vv	-11.228879892700869	-1.1633436295243942
0880.0000C__BIvDNAara0043D07_C03	Vv	-11.258135632562409	-1.3362937955376188
0871.0000C__BIvDNAara0043D07_C04	Vv	-8.848782740562966	-1.0551418512310176
0920.0000C__BIvDNAara0043D07_C05	Vv	-11.038048923831893	-1.1247784626593704
0929.0000C__BIvDNAara0043D07_C06	Vv	-11.763414718979872	-1.1921606417438968
0947.0000C__BIvDNAara0043D07_C08	Vv	-10.174512556219824	-0.9955657954923571
0957.0000C__BIvDNAara0043D07_C09	Vv	-10.299458564296355	-1.3581132685808281
0994.0000C__BIvDNAara0043D07_C10	Vv	-10.319799625964793	-1.336206675147292
0986.0000E__BIvDNAara0043D07_C11	Vv	-10.516792443521707	-0.9318436016505904
0977.0000C__BIvDNAara0043D07_C12	Vv	-8.802583449598618	-0.9298864477545462
0902.0000C__BIvDNAara0043D07_D01	Vv	-9.423927568789209	-0.8020985216135174
0888.0000C__BIvDNAara0043D07_D02	Vv	-10.769735311426649	-1.5660783645649323
0879.0000C__BIvDNAara0043D07_D03	Vv	-12.014861740626664	-1.4025801985854085
0869.0000C__BIvDNAara0043D07_D04	Vv	-10.050900996860676	-0.5597825082072138
0921.0000C__BIvDNAara0043D07_D05	Vv	-9.818114674747896	-1.0573033444542934
0930.0000C__BIvDNAara0043D07_D06	Vv	-9.324461375276755	-0.760801506382472
0948.0000C__BIvDNAara0043D07_D08	Vv	-9.292353754569064	-0.7181429577798539
0958.0000C__BIvDNAara0043D07_D09	Vv	-11.73506268537111	-1.3774665945868052
0993.0000C__BIvDNAara0043D07_D10	Vv	-9.157519682526031	-0.9109480708940665
0985.0000E__BIvDNAara0043D07_D11	Vv	-8.895232207586787	-0.9644780064729553
0900.0000C__BIvDNAara0043D07_E01	Vv	-2.8833883464889434	-0.16244525426932171
0877.0000C__BIvDNAara0043D07_E03	Vv	-10.922894896342111	-0.6698825040335149
0868.0000C__BIvDNAara0043D07_E04	Vv	-9.585645243991836	-0.8361790373547274
0922.0000C__BIvDNAara0043D07_E05	Vv	-10.263433541054717	-1.1688192148060992
0931.0000C__BIvDNAara0043D07_E06	Vv	-8.300449381672594	-1.1027210969342647
0949.0000C__BIvDNAara0043D07_E08	Vv	-9.87038875549134	-0.37322833885084156
0992.0000C__BIvDNAara0043D07_E10	Vv	-11.079571744631613	-1.3762478101946956
0984.0000C__BIvDNAara0043D07_E11	Vv	-10.776476541527217	-1.3997896869052397
0899.0000C__BIvDNAara0043D07_F01	Vv	-10.472311097282747	-0.6240982590579852
0876.0000C__BIvDNAara0043D07_F03	Vv	-10.213596478214304	-1.0041057044969348
0867.0000C__BIvDNAara0043D07_F04	Vv	-7.927671925173617	-0.7617365407888204
0923.0000C__BIvDNAara0043D07_F05	Vv	-10.218990058882927	-1.0524691744001642
0932.0000C__BIvDNAara0043D07_F06	Vv	-10.446177090321807	-1.0824467305928656
0950.0000D__BIvDNAara0043D07_F08	Vv	-11.860561897399418	-1.5228346163414386
0991.0000C__BIvDNAara0043D07_F10	Vv	-9.620787472140904	-0.9429885088273302
0983.0000C__BIvDNAara0043D07_F11	Vv	-9.796722167459743	-1.4049837720243423
0939.0000C__BIvDNAara0043D07_F12	Vv	-8.880070008340057	-0.3415268388492614
0898.0000C__BIvDNAara0043D07_G01	Vv	-8.979162359521627	-0.4339576661679915
0885.0000C__BIvDNAara0043D07_G02	Vv	-10.546928558680953	-1.1338403953010594
0916.0000C__BIvDNAara0043D07_G04	Vv	-11.183906147827928	-0.955818751052524
0924.0000C__BIvDNAara0043D07_G05	Vv	-11.61821585221588	-0.9005581917597479
0933.0000C__BIvDNAara0043D07_G06	Vv	-10.436120292344953	-0.7045406414556876
Mission__BIvDNAara0043D07_G07	Vv	-7.778422374286006	-0.7524411086329182
0953.0000C__BIvDNAara0043D07_G08	Vv	-10.074804300438917	-0.8569104526956383
0998.0000C__BIvDNAara0043D07_G09	Vv	-10.486704192925643	-1.217185954832764
0990.0000C__BIvDNAara0043D07_G10	Vv	-11.163719154502136	-1.1975441782928267
0982.0000C__BIvDNAara0043D07_G11	Vv	-10.426983073882473	-0.9741450400975493
0940.0000C__BIvDNAara0043D07_G12	Vv	-9.494702135322134	-0.7789038442769427
0897.0000C__BIvDNAara0043D07_H01	Vv	-2.15087470223402	-0.2123269783106156
0884.0000C__BIvDNAara0043D07_H02	Vv	-9.551491866128025	-1.0418348708497185
0874.0000C__BIvDNAara0043D07_H03	Vv	-11.870487021990192	-0.9668481535801458
0917.0000C__BIvDNAara0043D07_H04	Vv	-10.512298024176152	-0.44956438331421605
0926.0000E__BIvDNAara0043D07_H05	Vv	-10.00245721783898	-1.037534556852597
0934.0000C__BIvDNAara0043D07_H06	Vv	-11.072449340697531	-0.20100491163049278
Mission__BIvDNAara0043D07_H07	Vv	-7.6334735416617825	-0.9066137174656254
0954.0000C__BIvDNAara0043D07_H08	Vv	-11.594874441342172	-1.5497516333131156
0997.0000C__BIvDNAara0043D07_H09	Vv	-9.349270734261387	-0.6985028567123609
0989.0000C__BIvDNAara0043D07_H10	Vv	-11.460349384055979	-1.0459607226363088
0981.0000C__BIvDNAara0043D07_H11	Vv	-11.007872823932018	-0.5683674563774314
0941.0000D__BIvDNAara0043D07_H12	Vv	-9.814048909669776	-0.9902487110412532
0966.0000C__BIvDNAara0044D08_A02	Vv	-9.372564751524232	-1.1614884522788165
1001.0000C__BIvDNAara0044D08_A03	Vv	-9.798691582832333	-1.0535115499705616
1012.0000C__BIvDNAara0044D08_A04	Vv	-10.521972658264234	-0.936428135572292
1021.0000C__BIvDNAara0044D08_A05	Vv	-10.248732732607793	-0.724503002036062
1030.0000C__BIvDNAara0044D08_A06	Vv	-10.915855249730956	-0.6592217385281756
1041.0000C__BIvDNAara0044D08_A07	Vv	-5.841291140352556	-0.8755179217085381
1049.0000C__BIvDNAara0044D08_A08	Vv	-8.732898052178143	-0.958119279761493
1058.0000C__BIvDNAara0044D08_A09	Vv	-7.072323210562796	-0.4672060554596966
1067.0000C__BIvDNAara0044D08_A10	Vv	-9.725887128510081	-1.057731282082011
1312.0000C__BIvDNAara0044D08_A11	Vv	-11.303742238815873	-1.147858721097056
0973.0000C__BIvDNAara0044D08_B01	Vv	-10.869399673370365	-1.0794306202860025
1002.0000C__BIvDNAara0044D08_B03	Vv	-10.596517876298527	-0.5004478783772381
1013.0000C__BIvDNAara0044D08_B04	Vv	-9.952365851701616	-0.7016085329345912
1022.0000C__BIvDNAara0044D08_B05	Vv	-9.098201263695469	-1.0128459670643846
1031.0000C__BIvDNAara0044D08_B06	Vv	-10.407311292587332	-1.1615080173675651
1042.0000C__BIvDNAara0044D08_B07	Vv	-10.135130220635727	-0.3520095165811468
1050.0000C__BIvDNAara0044D08_B08	Vv	-10.41091927533598	-0.5899708596418515
1060.0000C__BIvDNAara0044D08_B09	Vv	-10.930169510228607	-0.7303615379272381
0972.0000C__BIvDNAara0044D08_C01	Vv	-10.004875271897424	-1.133537936334609
1014.0000C__BIvDNAara0044D08_C04	Vv	-10.478935583872428	-0.8790954363734371
1024.0000C__BIvDNAara0044D08_C05	Vv	-11.404005486030774	-0.7212750969375039
1033.0000C__BIvDNAara0044D08_C06	Vv	-10.829863390675579	-0.8545955042183715
1043.0000C__BIvDNAara0044D08_C07	Vv	-11.060515001524609	-0.8332561056621806
1051.0000C__BIvDNAara0044D08_C08	Vv	-9.929979391311784	-0.7518682145692573
1061.0000C__BIvDNAara0044D08_C09	Vv	-11.31159166492355	-1.2027995466615418
1069.0000C__BIvDNAara0044D08_C10	Vv	-2.629854204360641	-0.24057959194869333
1351.0000C__BIvDNAara0044D08_C12	Vv	-10.211117092518348	-1.0625781240295487
0971.0000C__BIvDNAara0044D08_D01	Vv	-9.564959800075469	-0.9435421446478996
0963.0000C__BIvDNAara0044D08_D02	Vv	-11.3219229449004	-1.145866350464881
1006.0000C__BIvDNAara0044D08_D03	Vv	-10.269852162161394	-0.6834714705897557
1016.0000C__BIvDNAara0044D08_D04	Vv	-12.14742546127911	-0.8062414275917752
1025.0000C__BIvDNAara0044D08_D05	Vv	-10.57276254888088	-1.1580435916835525
1034.0000D__BIvDNAara0044D08_D06	Vv	-8.952336541013699	-1.0160002149747571
1062.0000C__BIvDNAara0044D08_D09	Vv	-10.161729516253233	-1.4858283857546317
2701.0000C__BIvDNAara0044D08_D10	Vv	-11.25674668471039	-1.3084781185088636
0970.0000C__BIvDNAara0044D08_E01	Vv	-9.721139718719636	-0.7025593027343069
0962.0000C__BIvDNAara0044D08_E02	Vv	-12.141738230168304	-1.145953058388805
1007.0000C__BIvDNAara0044D08_E03	Vv	-7.873796873304782	-1.0465886375721125
1017.0000C__BIvDNAara0044D08_E04	Vv	-10.201484794132224	-1.1465991537180424
1026.0000C__BIvDNAara0044D08_E05	Vv	-11.187742033691482	-1.4945109419570428
1036.0000C__BIvDNAara0044D08_E06	Vv	-10.731628850148514	-0.8027211196305625
1045.0000C__BIvDNAara0044D08_E07	Vv	-11.185819157836914	-1.2841334688316124
1071.0000C__BIvDNAara0044D08_E10	Vv	-12.105438832882841	-1.3464367356252194
1332.0000C__BIvDNAara0044D08_E11	Vv	-12.31520337694703	-1.7042412680273615
2743.0000G__BIvDNAara0044D08_E12	Vv	-10.115272620032867	-0.8411570752135777
0969.0000E__BIvDNAara0044D08_F01	Vv	-10.117386597649576	-0.48767698388778125
0961.0000C__BIvDNAara0044D08_F02	Vv	-10.51499218859931	-1.0397450174559228
1009.0000C__BIvDNAara0044D08_F03	Vv	-9.934784235761231	-1.004074347492796
1018.0000C__BIvDNAara0044D08_F04	Vv	-10.118603304523726	-1.344240123399686
1027.0000C__BIvDNAara0044D08_F05	Vv	-9.67504725419594	-0.6622755052002492
1037.0000C__BIvDNAara0044D08_F06	Vv	-10.42162831475354	-0.8510552574439896
1046.0000C__BIvDNAara0044D08_F07	Vv	-9.439545352879646	-1.2484786357681783
1064.0000C__BIvDNAara0044D08_F09	Vv	-10.467105370967042	-0.5511747828129734
1053.0000C__BIvDNAara0044D08_F12	Vv	-11.37577575567718	-0.9958276220503895
0960.0000C__BIvDNAara0044D08_G02	Vv	-7.712436899051827	-0.8398909356293724
1010.0000C__BIvDNAara0044D08_G03	Vv	-9.95270091764447	-1.1570163453443376
1019.0000C__BIvDNAara0044D08_G04	Vv	-10.474702472866337	-1.2877837229761262
1028.0000C__BIvDNAara0044D08_G05	Vv	-10.366630746942755	-0.5594417056560325
1039.0000C__BIvDNAara0044D08_G06	Vv	-10.512694493147198	-0.9818187149438014
1047.0000C__BIvDNAara0044D08_G07	Vv	-11.38454906877231	-1.0823101214567952
Mission__BIvDNAara0044D08_G08	Vv	-9.066270376280936	-0.9882547843633199
1065.0000C__BIvDNAara0044D08_G09	Vv	-11.372444556016129	-0.887035038004658
1338.0000C__BIvDNAara0044D08_G11	Vv	-11.39850640821865	-1.023653131617879
1054.0000C__BIvDNAara0044D08_G12	Vv	-10.485444906909335	-0.9577772521212026
0959.0000C__BIvDNAara0044D08_H02	Vv	-7.443528644893227	-0.9343575208740931
1011.0000C__BIvDNAara0044D08_H03	Vv	-2.3113298932364814	-0.04601896028022504
1020.0000C__BIvDNAara0044D08_H04	Vv	-13.02352391585169	-1.6984458760697092
1029.0000C__BIvDNAara0044D08_H05	Vv	-9.70335701419112	-1.0605307476512114
1040.0000C__BIvDNAara0044D08_H06	Vv	-12.13110312821808	-1.1274097562032697
1048.0000C__BIvDNAara0044D08_H07	Vv	-10.126270985451615	-0.7919587558809897
Mission__BIvDNAara0044D08_H08	Vv	-8.738401096098684	-0.5848797848016422
1066.0000C__BIvDNAara0044D08_H09	Vv	-10.286984392803939	-1.2970178594628827
1077.0000C__BIvDNAara0044D08_H10	Vv	-10.221277790381107	-1.1606154221724363
1342.0000C__BIvDNAara0044D08_H11	Vv	-11.643462120149518	-1.1559732088395307
1055.0000C__BIvDNAara0044D08_H12	Vv	-12.11769738769658	-1.1683687652163433
2065.0000C__BIvDNAara0045D09_A02	Vv	-3.977176736845829	-0.5843034405004311
0654.0000F__BIvDNAara0045D09_A03	Vv	-10.86570725100207	-1.32211083211984
0691.0000C__BIvDNAara0045D09_A04	Vv	-9.192644455840794	-1.1649806447866293
0741.0000C__BIvDNAara0045D09_A05	Vv	-7.3898290537363875	-0.7798478840104607
0801.0000C__BIvDNAara0045D09_A06	Vv	-11.133361761609457	-0.9420514442926116
0910.0000C__BIvDNAara0045D09_A07	Vv	-10.297673571935507	-1.1592690387124356
0856.0000C__BIvDNAara0045D09_A08	Vv	-12.780510166886938	-1.2649816083397194
2631.0000C__BIvDNAara0045D09_A10	Vv	-6.764573646253719	-0.6926453166047277
2644.0000A__BIvDNAara0045D09_A11	Vv	-8.318652368580358	-1.3144953226322316
2057.0000C__BIvDNAara0045D09_B01	Vv	-9.50969419685884	-0.8590605718067552
0695.0000E__BIvDNAara0045D09_B04	Vv	-10.025053198061713	-0.9651042930382873
0745.0000C__BIvDNAara0045D09_B05	Vv	-9.755751549881392	-1.084431655650827
0804.0000C__BIvDNAara0045D09_B06	Vv	-9.970341634959784	-1.0742094210343414
0925.0000C__BIvDNAara0045D09_B07	Vv	-10.52928914620187	-1.5144476341182482
0863.0000C__BIvDNAara0045D09_B08	Vv	-12.981012688688898	-1.3028419215574627
2496.0000D__BIvDNAara0045D09_B09	Vv	-8.564737923487906	0.21926058223372744
2647.0000A__BIvDNAara0045D09_B11	Vv	-10.186120931040893	-1.3209119889605565
2672.0000A__BIvDNAara0045D09_B12	Vv	-10.607001303253153	-0.8765496333157476
2058.0000C__BIvDNAara0045D09_C01	Vv	-10.657791598474146	-1.4245156017810625
0671.0000C__BIvDNAara0045D09_C03	Vv	-2.988445123668124	-0.18221601425690254
0701.0000C__BIvDNAara0045D09_C04	Vv	-11.510208641034515	-1.4601939420598937
0750.0000G__BIvDNAara0045D09_C05	Vv	-11.726167337488958	-1.410281112279898
0836.0000C__BIvDNAara0045D09_C06	Vv	-10.575581519906443	-0.838151629129873
0978.0000C__BIvDNAara0045D09_C07	Vv	-10.563174303791893	-0.9250628120486278
1356.0000E__BIvDNAara0045D09_C08	Vv	-9.886707931605091	-1.442476652129268
2505.0000E__BIvDNAara0045D09_C09	Vv	-9.336333303332738	-0.42049460096113755
2635.0000C__BIvDNAara0045D09_C10	Vv	-3.0772346821198404	-0.14383936926453986
2059.0000C__BIvDNAara0045D09_D01	Vv	-10.299247293260576	-0.7961359595475912
2078.0000C__BIvDNAara0045D09_D02	Vv	-7.281229159295092	-1.1635148066682373
0682.0000C__BIvDNAara0045D09_D03	Vv	-9.323055350433073	-1.0600377960076282
0702.0000C__BIvDNAara0045D09_D04	Vv	-10.616398295787196	-0.9668335634067526
0752.0000C__BIvDNAara0045D09_D05	Vv	-10.189832535573144	-0.8485756546566265
0839.0000C__BIvDNAara0045D09_D06	Vv	-10.78785938296181	-1.543729098914427
2652.0000A__BIvDNAara0045D09_D11	Vv	-12.954444001454577	-1.6953701954833806
2674.0000A__BIvDNAara0045D09_D12	Vv	-10.298041291521415	-0.6309377509210345
2061.0000C__BIvDNAara0045D09_E01	Vv	-10.85766295724265	-1.1816262118977794
0621.0000C__BIvDNAara0045D09_E02	Vv	-10.88104614469302	-1.2633099506331342
0683.0000F__BIvDNAara0045D09_E03	Vv	-6.688062722335505	-1.082281184560953
0705.0000D__BIvDNAara0045D09_E04	Vv	-12.83328447612779	-1.0148461214336482
0762.0000F__BIvDNAara0045D09_E05	Vv	-9.77565361450465	-1.2076807491329804
0840.0000C__BIvDNAara0045D09_E06	Vv	-11.246870831464342	-1.1515303677366744
0379.0000D__BIvDNAara0045D09_E07	Vv	-10.474548747154671	-1.415948157513636
1653.0000C__BIvDNAara0045D09_E08	Vv	-12.33619624523581	-1.3015177644623104
2656.0000A__BIvDNAara0045D09_E11	Vv	-11.763856323292725	-0.9329656640103038
2675.0000C__BIvDNAara0045D09_E12	Vv	-10.987275129648053	-1.0550718705239122
0684.0000C__BIvDNAara0045D09_F03	Vv	-8.604317576372951	-0.8129455401083043
0782.0000C__BIvDNAara0045D09_F05	Vv	-9.707152877545557	-0.6730248771133647
0846.0000C__BIvDNAara0045D09_F06	Vv	-12.66085640751906	-1.3615880489881398
0669.0000C__BIvDNAara0045D09_F07	Vv	-10.69143008396507	-1.1390799551180388
1668.0000C__BIvDNAara0045D09_F08	Vv	-11.76538392900478	-0.9536519559469364
2506.0000H__BIvDNAara0045D09_F12	Vv	-9.951324780443828	-0.6788801396998954
0685.0000C__BIvDNAara0045D09_G03	Vv	-10.462270389470442	-1.0876267972276163
0735.0000C__BIvDNAara0045D09_G04	Vv	-12.07710559492438	-1.5111571621506037
0783.0000E__BIvDNAara0045D09_G05	Vv	-11.705586794148799	-1.6312555880723334
0883.0000C__BIvDNAara0045D09_G06	Vv	-9.586301371614333	-0.7804114901782956
0680.0000C__BIvDNAara0045D09_G07	Vv	-10.032022767132064	-0.885744034275249
3067.0000A__BIvDNAara0045D09_G08	Vv	-10.695342007741376	-0.9553184881921885
Mission__BIvDNAara0045D09_G09	Vv	-8.376775769994577	-0.580306906818802
2666.0000A__BIvDNAara0045D09_G11	Vv	-12.096775698337025	-1.2687008753854079
0645.0000E__BIvDNAara0045D09_H02	Vv	-9.597827080124805	-0.7817530920640352
0690.0000C__BIvDNAara0045D09_H03	Vv	-7.34156832787235	-0.9073617864188394
0737.0000C__BIvDNAara0045D09_H04	Vv	-10.271680868406785	-1.0609037259646512
0798.0000C__BIvDNAara0045D09_H05	Vv	-11.413828210719027	-0.9351266953145784
0901.0000C__BIvDNAara0045D09_H06	Vv	-10.518413381785331	-1.0633058178008792
0791.0000C__BIvDNAara0045D09_H07	Vv	-10.08156691957082	-0.6747128635143136
1152.0000E__BIvDNAara0045D09_H08	Vv	-10.37028814142264	-1.2290904444141282
Mission__BIvDNAara0045D09_H09	Vv	-8.222883591296746	-0.924187061639842
2641.0000A__BIvDNAara0045D09_H10	Vv	-11.585759678579361	-1.3816299505055845
2667.0000C__BIvDNAara0045D09_H11	Vv	-11.04301497846483	-1.616877756798314
2692.0000C__BIvDNAara0046D10_A02	Vv	-9.802263133126944	-1.089554716586639
2754.0000A__BIvDNAara0046D10_A03	Vv	-10.789017217835127	-1.2706479868711162
3102.0000A__BIvDNAara0046D10_A05	Vv	-9.316112926403255	-1.4088864658753903
3112.0000A__BIvDNAara0046D10_A06	Vv	-10.645070857949506	-1.242586932992506
3121.0000A__BIvDNAara0046D10_A07	Vv	-9.959700925106468	-0.9263015604682923
3131.0000A__BIvDNAara0046D10_A08	Vv	-10.783325181668811	-1.2410358592577295
3180.0000A__BIvDNAara0046D10_A09	Vv	-9.972456422229525	-1.0763273673838807
2680.0000A__BIvDNAara0046D10_B01	Vv	-9.774701219056986	-0.855592063179323
1314.0000C__BIvDNAara0046D10_B02	Vv	-8.449328114456527	-1.2798104277988294
2923.0000A__BIvDNAara0046D10_B04	Vv	-7.097457578824445	-1.0044557357536639
3103.0000F__BIvDNAara0046D10_B05	Vv	-9.906488425009037	-0.9208135850951437
3114.0000A__BIvDNAara0046D10_B06	Vv	-9.76053119769746	-1.1285718532714017
3122.0000A__BIvDNAara0046D10_B07	Vv	-8.090560738343706	-0.603556540149145
3153.0000A__BIvDNAara0046D10_B08	Vv	-9.206070080044745	-1.1501583508958044
2681.0000A__BIvDNAara0046D10_C01	Vv	-11.853788419482498	-1.0539455917694975
1320.0000A__BIvDNAara0046D10_C02	Vv	-3.534760859167571	-0.5494649309229024
2924.0000C__BIvDNAara0046D10_C04	Vv	-6.883141505839744	-0.9130647099570297
3104.0000B__BIvDNAara0046D10_C05	Vv	-10.01020641027425	-1.3515545221695138
3115.0000A__BIvDNAara0046D10_C06	Vv	-11.443324063943916	-1.0663964924011489
3123.0000A__BIvDNAara0046D10_C07	Vv	-8.741545159927254	-0.6136958062422287
2682.0000A__BIvDNAara0046D10_D01	Vv	-8.771916896734503	-0.9362150615752453
2659.0000A__BIvDNAara0046D10_D02	Vv	-9.93767044900706	-0.8087683332882591
2925.0000G__BIvDNAara0046D10_D04	Vv	-9.714942512395186	-0.9082464469852575
3105.0000A__BIvDNAara0046D10_D05	Vv	-9.719421951191796	-1.1112163168743971
3116.0000A__BIvDNAara0046D10_D06	Vv	-9.716691265140332	-0.9403911117598099
3158.0000B__BIvDNAara0046D10_D08	Vv	-10.267716380365675	-1.1127652604131988
2685.0000A__BIvDNAara0046D10_E01	Vv	-10.271399789821562	-1.4904093207960032
2691.0000A__BIvDNAara0046D10_E02	Vv	-10.87464437945026	-1.4397848788934617
2907.0000A__BIvDNAara0046D10_E03	Vv	-10.335426848995123	-1.2445268852002624
2926.0000A__BIvDNAara0046D10_E04	Vv	-9.014363191912695	-1.441092148614704
3107.0000A__BIvDNAara0046D10_E05	Vv	-9.470802121190028	-0.8587223590075045
3127.0000A__BIvDNAara0046D10_E07	Vv	-9.719357445251022	-0.850051535238091
3167.0000E__BIvDNAara0046D10_E08	Vv	-7.901681719402869	-0.9443687125028415
3185.0000A__BIvDNAara0046D10_E09	Vv	-9.62702045925903	-0.7687430289607096
2912.0000A__BIvDNAara0046D10_F03	Vv	-8.680088944462502	-1.1168831831373816
3098.0000A__BIvDNAara0046D10_F04	Vv	-7.02779815755646	-1.052283012771078
3108.0000A__BIvDNAara0046D10_F05	Vv	-10.019872642017713	-1.5267163902375864
3128.0000A__BIvDNAara0046D10_F07	Vv	-8.68981875553931	-0.9266808953805241
3170.0000A__BIvDNAara0046D10_F08	Vv	-11.838625593530653	-0.7196193774204929
3187.0000A__BIvDNAara0046D10_F09	Vv	-7.1357633475370825	-0.8272399040950609
2916.0000A__BIvDNAara0046D10_G03	Vv	-9.747971755925976	-1.3519131621707325
3003.0000A__BIvDNAara0046D10_G04	Vv	-8.842932916146314	-0.7761901140661438
3109.0000A__BIvDNAara0046D10_G05	Vv	-8.37852219932455	-1.515643958782479
3119.0000A__BIvDNAara0046D10_G06	Vv	-9.135065123018263	-1.197163441271808
3129.0000A__BIvDNAara0046D10_G07	Vv	-9.556184574821787	-0.6664018853546407
3190.0000A__BIvDNAara0046D10_G09	Vv	-7.5694372655615005	-1.190146834384151
2752.0000A__BIvDNAara0046D10_H02	Vv	-10.28537804977684	-1.108432131926893
2921.0000A__BIvDNAara0046D10_H03	Vv	-7.108167261444992	-0.7649863730274619
3100.0000E__BIvDNAara0046D10_H04	Vv	-11.323405102892925	-1.4723902855175257
3111.0000A__BIvDNAara0046D10_H05	Vv	-11.39578645822127	-1.2929158006464887
3120.0000A__BIvDNAara0046D10_H06	Vv	-8.801884891719244	-0.9160799629781318
3130.0000A__BIvDNAara0046D10_H07	Vv	-9.09396028463315	-0.5473567300387654
3174.0000B__BIvDNAara0046D10_H08	Vv	-9.862953496099472	-1.0839152404895136
2426.0001A__BIvDNAara0046D10_H09	Vv	-5.931369961909721	-0.45305189954049674
0591.0000C__BIvDNAara0047D11_A04	Vv	-12.2578789315575	-1.510981565295313
0514.0000E__BIvDNAara0047D11_A06	Vv	-11.88872953770705	-0.8748497221330498
0533.0000I__BIvDNAara0047D11_A08	Vv	-13.063877543057096	-1.3242769188854029
0543.0000C__BIvDNAara0047D11_A09	Vv	-12.158966645671034	-1.0726875977093637
0467.0000C__BIvDNAara0047D11_A11	Vv	-14.195208551988774	-1.5117476802223797
0565.0000C__BIvDNAara0047D11_B01	Vv	-10.176018312229298	-0.7711637304355891
0601.0000C__BIvDNAara0047D11_B05	Vv	-12.516614156205886	-0.780446508436992
0515.0000C__BIvDNAara0047D11_B06	Vv	-11.332148881041237	-0.4097051879776525
0526.0000C__BIvDNAara0047D11_B07	Vv	-10.880869853760654	-0.9727037248098761
0546.0000C__BIvDNAara0047D11_B09	Vv	-2.9040494168118745	-0.42551726390491323
0566.0000C__BIvDNAara0047D11_C01	Vv	-9.986710771750996	-1.2568839446629696
0575.0000C__BIvDNAara0047D11_C02	Vv	-3.3268882656648775	-0.5262212970224677
0593.0000C__BIvDNAara0047D11_C04	Vv	-13.881154756675082	-1.4858103670328522
0516.0000D__BIvDNAara0047D11_C06	Vv	-12.648504227647605	-1.1915810705343388
0527.0000E__BIvDNAara0047D11_C07	Vv	-12.530431981159934	-0.9698405923740433
0535.0000C__BIvDNAara0047D11_C08	Vv	-12.16184652964714	-0.9565352374384509
0559.0000C__BIvDNAara0047D11_C10	Vv	-2.430649876292115	-0.14919365611253368
0567.0000C__BIvDNAara0047D11_D01	Vv	-5.387254779071157	-0.6303238216330725
0576.0000C__BIvDNAara0047D11_D02	Vv	-8.766914478380667	-0.732534602902714
0586.0000C__BIvDNAara0047D11_D03	Vv	-11.767153534847685	-1.4323695483269643
0517.0000C__BIvDNAara0047D11_D06	Vv	-9.975110165293948	-1.2056812286817908
0528.0000C__BIvDNAara0047D11_D07	Vv	-11.90209006521469	-0.90470861653073
0568.0000C__BIvDNAara0047D11_E01	Vv	-11.603994310945387	-1.0524313815384534
0577.0000D__BIvDNAara0047D11_E02	Vv	-12.123591169546216	-1.5621411549768036
0587.0000C__BIvDNAara0047D11_E03	Vv	-12.226894882380684	-1.12633378932338
0605.0000C__BIvDNAara0047D11_E05	Vv	-12.31906968481375	-1.112284835984583
0519.0000C__BIvDNAara0047D11_E06	Vv	-11.565967085971202	-0.782758233447021
0529.0000C__BIvDNAara0047D11_E07	Vv	-10.778543915614419	-0.9048749550186281
0539.0000C__BIvDNAara0047D11_E08	Vv	-11.379082053801737	-1.1888409491325562
0549.0000C__BIvDNAara0047D11_E09	Vv	-11.710807172713274	-0.8468096805655417
0562.0000C__BIvDNAara0047D11_E10	Vv	-11.403444076964185	-1.1369953922765288
0481.0000C__BIvDNAara0047D11_E12	Vv	-12.17950909912236	-1.4090020803241974
0588.0000C__BIvDNAara0047D11_F03	Vv	-12.028731979808908	-1.3863704018141194
0606.0000C__BIvDNAara0047D11_F05	Vv	-11.907852151798819	-1.2062432360832585
0530.0000D__BIvDNAara0047D11_F07	Vv	-11.839257770036108	-0.6758238959407638
0540.0000C__BIvDNAara0047D11_F08	Vv	-12.228887590676944	-1.5108788967203972
0589.0000C__BIvDNAara0047D11_G03	Vv	-11.467177083685502	-1.5654872932099726
0598.0000C__BIvDNAara0047D11_G04	Vv	-11.52586732362763	-1.0375680497139872
0607.0000C__BIvDNAara0047D11_G05	Vv	-12.327174986057692	-1.6707007679447798
0522.0000C__BIvDNAara0047D11_G06	Vv	-11.127190422969147	-1.0840828232447397
0531.0000C__BIvDNAara0047D11_G07	Vv	-10.840052130933964	-0.7312065867136494
0541.0000C__BIvDNAara0047D11_G08	Vv	-11.467973635424105	-0.9538751851956191
0552.0000C__BIvDNAara0047D11_G09	Vv	-12.108797573249712	-1.452281566018078
Mission__BIvDNAara0047D11_G11	Vv	-6.873362733790576	-0.8248285318980411
0580.0000C__BIvDNAara0047D11_H02	Vv	-10.348099292733295	-1.0335959623807163
0590.0000C__BIvDNAara0047D11_H03	Vv	-11.459126029648832	-1.4402448268612191
0599.0000C__BIvDNAara0047D11_H04	Vv	-11.963792696429104	-1.3459331348143264
0513.0000E__BIvDNAara0047D11_H05	Vv	-11.042469103680817	-0.9767164956219293
0532.0000F__BIvDNAara0047D11_H07	Vv	-11.529816353034244	-1.063990780693243
0553.0000C__BIvDNAara0047D11_H09	Vv	-12.244699191656348	-1.4877654545675905
0466.0000D__BIvDNAara0047D11_H10	Vv	-12.776951555186532	-1.4473015204648672
Mission__BIvDNAara0047D11_H11	Vv	-8.772159115119091	-1.0742442052446672
0505.0000C__BIvDNAara0048D12_A03	Vv	-9.709793054866246	-1.4330493386263556
0495.0000C__BIvDNAara0048D12_B02	Vv	-11.380727577633992	-1.5488623964912274
0427.0000C__BIvDNAara0048D12_B06	Vv	-15.489005082194364	-1.0585808037638322
0496.0000C__BIvDNAara0048D12_C02	Vv	-3.661025335209832	-0.3933875131121669
0507.0000C__BIvDNAara0048D12_C03	Vv	-12.32970553689062	-0.8715954694100975
0497.0000C__BIvDNAara0048D12_D02	Vv	-19.833404751597957	-1.550624863232916
0430.0000D__BIvDNAara0048D12_D06	Vv	-11.566292956109203	-0.9211557930327198
0456.0000C__BIvDNAara0048D12_D08	Vv	-14.042118094113965	-1.539022772022475
0487.0000C__BIvDNAara0048D12_E01	Vv	-11.883659826769703	-1.235359521006562
0432.0000C__BIvDNAara0048D12_F06	Vv	-12.734541618465562	-1.042477211805327
Mission__BIvDNAara0048D12_G12	Vv	-6.827210611739548	-0.7151862866173851
0503.0000C__BIvDNAara0048D12_H02	Vv	-13.364533372768848	-1.8769868657329283
0403.0000C__BIvDNAara0048D12_H04	Vv	-11.339447038569428	-1.1069508399022705
0438.0000C__BIvDNAara0048D12_H06	Vv	-12.871670801872295	-0.23444641386763532
0330.0000E__BIvDNAara0048D12_H08	Vv	-10.665356421674668	-1.1764448496310642
Mission__BIvDNAara0048D12_H12	Vv	-7.303481105679849	-0.9487063246993552
0383.0000C__BIvDNAara0049E01_A01	Vv	-13.59605784269588	-1.6704643466914875
Mission__BIvDNAara0049E01_A02	Vv	-7.801308187348269	-1.090613851734339
2259.0000A__BIvDNAara0049E01_A03	Vv	-9.076509952103764	-0.8961349310288469
2325.0000A__BIvDNAara0049E01_A04	Vv	-9.362503635738866	-1.0865959559220573
2391.0000A__BIvDNAara0049E01_A05	Vv	-11.113128754742604	-1.0862009624732056
0312.0000I__BIvDNAara0049E01_A06	Vv	-9.812435596899803	-1.0043813359637055
0327.0000C__BIvDNAara0049E01_A07	Vv	-11.435401959170678	-0.9232322952323633
2094.0000A__BIvDNAara0049E01_A08	Vv	-11.816087593844419	-0.9888258145045893
2112.0000A__BIvDNAara0049E01_A09	Vv	-10.35832544901959	-1.3267398375021768
2153.0000A__BIvDNAara0049E01_A10	Vv	-9.567429212708266	-1.026017606634902
2163.0000A__BIvDNAara0049E01_A11	Vv	-8.964566752291448	-1.1561553989263043
0306.0000A__BIvDNAara0049E01_A12	Vv	-13.041242485484087	-1.7565558157720325
0384.0000D__BIvDNAara0049E01_B01	Vv	-8.400716766606598	-1.4662279299960574
2173.0000A__BIvDNAara0049E01_B02	Vv	-10.444095836821026	-1.3174390269678196
2260.0000A__BIvDNAara0049E01_B03	Vv	-9.147153400229685	-0.7958569397330675
2327.0000B__BIvDNAara0049E01_B04	Vv	-9.706623752540523	-1.388945319918817
0022.0000C__BIvDNAara0049E01_B05	Vv	-9.208589187379543	-1.1580579097048744
0313.0000C__BIvDNAara0049E01_B06	Vv	-9.078433312951473	-0.9724901902176818
2076.0000A__BIvDNAara0049E01_B07	Vv	-9.350301943272394	-1.0576769560082755
2095.0000A__BIvDNAara0049E01_B08	Vv	-10.132904310616107	-1.5223348278617013
2114.0000A__BIvDNAara0049E01_B09	Vv	-9.593597566920584	-0.9735924875562016
2156.0000A__BIvDNAara0049E01_B10	Vv	-10.21508970698334	-0.8133291690183236
2164.0000A__BIvDNAara0049E01_B11	Vv	-9.593085433106797	-1.0044365306048415
0315.0000A__BIvDNAara0049E01_B12	Vv	-10.559980188875295	-1.4861189860145616
0385.0000D__BIvDNAara0049E01_C01	Vv	-9.706117824605355	-0.8839620452991725
2174.0000A__BIvDNAara0049E01_C02	Vv	-9.491254368296879	-1.3836925464833099
2328.0000A__BIvDNAara0049E01_C04	Vv	-8.600704264685548	-1.1941128988476175
0305.0000C__BIvDNAara0049E01_C05	Vv	-10.071251742870736	-1.538057396552234
0314.0000C__BIvDNAara0049E01_C06	Vv	-9.74128869185405	-1.4487595684953691
2077.0000A__BIvDNAara0049E01_C07	Vv	-9.795064207552697	-1.2694120313813915
2116.0000A__BIvDNAara0049E01_C09	Vv	-9.36014243821098	-1.1034933679691634
2157.0000A__BIvDNAara0049E01_C10	Vv	-9.209809154684757	-1.1532121591438684
2166.0000A__BIvDNAara0049E01_C11	Vv	-9.94753766173867	-1.6515924694177975
0320.0000B__BIvDNAara0049E01_C12	Vv	-9.41317144887709	-1.2789583523719548
2175.0000A__BIvDNAara0049E01_D02	Vv	-9.53357620192629	-1.4075687117421185
2308.0000A__BIvDNAara0049E01_D03	Vv	-10.960149121415432	-1.1002717362986203
2338.0000A__BIvDNAara0049E01_D04	Vv	-9.226069033982755	-1.1161057755487203
0317.0000C__BIvDNAara0049E01_D06	Vv	-9.88861192430476	-1.0326085633920354
2081.0000A__BIvDNAara0049E01_D07	Vv	-9.219976136215827	-1.3800299355271732
2103.0000A__BIvDNAara0049E01_D08	Vv	-9.166044101836802	-1.3407874909371749
2118.0000A__BIvDNAara0049E01_D09	Vv	-10.90574012054388	-1.240414550646982
2158.0000A__BIvDNAara0049E01_D10	Vv	-10.763362118992442	-1.1443242279971502
2167.0000A__BIvDNAara0049E01_D11	Vv	-9.538360679057599	-1.1359724193987486
0338.0000A__BIvDNAara0049E01_D12	Vv	-11.51832349657609	-1.6925761771558514
2177.0000D__BIvDNAara0049E01_E02	Vv	-10.299293687125676	-1.0925670078095133
2309.0000A__BIvDNAara0049E01_E03	Vv	-8.452740166054843	-0.7161364910194588
2340.0000A__BIvDNAara0049E01_E04	Vv	-8.915636844225109	-0.6753428740297858
0308.0000F__BIvDNAara0049E01_E05	Vv	-10.608318123582341	-1.655790902596337
0319.0000C__BIvDNAara0049E01_E06	Vv	-9.63690820380628	-1.0987488402100867
2083.0000B__BIvDNAara0049E01_E07	Vv	-9.545351517904937	-0.9053823725457686
2104.0000A__BIvDNAara0049E01_E08	Vv	-8.409202947330561	-1.2776693424353633
2120.0000A__BIvDNAara0049E01_E09	Vv	-9.101827315099236	-0.998703898713611
2459.0000A__BIvDNAara0049E01_E10	Vv	-9.478317525440659	-1.0930785653808963
2168.0000A__BIvDNAara0049E01_E11	Vv	-11.283310812890742	-1.1547417343927195
0342.0000F__BIvDNAara0049E01_E12	Vv	-10.070935519308126	-1.1984568808326557
2256.0000A__BIvDNAara0049E01_F02	Vv	-9.751563941520981	-1.1372439369274883
2343.0000A__BIvDNAara0049E01_F04	Vv	-9.140059726618667	-0.87463904426611
0309.0000E__BIvDNAara0049E01_F05	Vv	-10.712296965708523	-1.49508282795643
0322.0000C__BIvDNAara0049E01_F06	Vv	-8.510141236512988	-0.8659849591899398
2084.0000B__BIvDNAara0049E01_F07	Vv	-11.078620326415653	-1.8984007898119124
2107.0000A__BIvDNAara0049E01_F08	Vv	-9.489730050799139	-0.7282239517456988
2121.0000A__BIvDNAara0049E01_F09	Vv	-10.042130824019303	-1.1409899829860484
2160.0000A__BIvDNAara0049E01_F10	Vv	-8.3913419689144	-0.9838131552385065
2169.0000A__BIvDNAara0049E01_F11	Vv	-9.566131019124732	-0.8925951506153632
388.0000C__BIvDNAara0049E01_F12	Vv	-9.764873871649732	-0.5850877232622195
2257.0000A__BIvDNAara0049E01_G02	Vv	-9.974226829460331	-0.9852241402645698
2323.0000A__BIvDNAara0049E01_G03	Vv	-10.369653047338828	-1.5876780811453834
2389.0000A__BIvDNAara0049E01_G04	Vv	-8.376871956916238	-0.542370230080815
0310.0000C__BIvDNAara0049E01_G05	Vv	-9.552028570093249	-1.1692637953768066
0323.0000D__BIvDNAara0049E01_G06	Vv	-9.371357236104323	-0.7603778422768623
2087.0000A__BIvDNAara0049E01_G07	Vv	-10.438123712579445	-1.3699354209527388
2109.0000A__BIvDNAara0049E01_G08	Vv	-8.473922715180038	-0.429960683123822
2144.0000A__BIvDNAara0049E01_G09	Vv	-9.697061547290014	-0.9856942079319561
2161.0000A__BIvDNAara0049E01_G10	Vv	-10.46816619059298	-1.3636111142155973
2170.0000A__BIvDNAara0049E01_G11	Vv	-10.78420857081152	-1.2409259406900441
389.0000C__BIvDNAara0049E01_G12	Vv	-9.842084960362682	-0.9491432305294493
Mission__BIvDNAara0049E01_H01	Vv	-7.297917638163307	-0.8435228699127821
2258.0000D__BIvDNAara0049E01_H02	Vv	-10.33692737077172	-1.1684895292188666
2324.0000A__BIvDNAara0049E01_H03	Vv	-9.207011030356764	-1.1393616722431457
2390.0000A__BIvDNAara0049E01_H04	Vv	-10.183751281713489	-1.2194107034521184
0311.0000C__BIvDNAara0049E01_H05	Vv	-9.514717597191163	-1.1715357095524237
0324.0000C__BIvDNAara0049E01_H06	Vv	-10.389485138965519	-1.436559575043486
2093.0000J__BIvDNAara0049E01_H07	Vv	-10.106087167599116	-1.12462180955667
2145.0000A__BIvDNAara0049E01_H09	Vv	-9.95714326292765	-1.023689296670946
2162.0000A__BIvDNAara0049E01_H10	Vv	-12.032018268895403	-1.4051470336636536
2172.0000B__BIvDNAara0049E01_H11	Vv	-12.725305469502377	-1.3778978054067212
390.0000C__BIvDNAara0049E01_H12	Vv	-13.262070647121826	-1.423961355709835
0369.0000A__BIvDNAara0050E02_A01	Vv	-9.254345632968654	-1.6060627151594362
0582.0000A__BIvDNAara0050E02_A02	Vv	-9.541638350302907	-1.453575630777607
Mission__BIvDNAara0050E02_A03	Vv	-8.311698074624916	-0.9643496536684466
2045.0000A__BIvDNAara0050E02_A04	Vv	-7.673181421873149	-0.6965183612916805
0609.0000E__BIvDNAara0050E02_A05	Vv	-12.29977450729975	-1.1830923928437398
1070.0000C__BIvDNAara0050E02_A06	Vv	-10.439121046528458	-1.121942131337952
1334.0000C__BIvDNAara0050E02_A07	Vv	-9.566930948125936	-0.885310746326333
1976.0000C__BIvDNAara0050E02_A08	Vv	-11.300376692850104	-1.0327622038768733
2044.0000E__BIvDNAara0050E02_A09	Vv	-10.683233378459267	-1.5685899984971938
0358.0000C__BIvDNAara0050E02_A11	Vv	-13.392221707434652	-1.572856518286374
0377.0000C__BIvDNAara0050E02_A12	Vv	-7.445534668475181	-0.9190893012188878
0422.0000H__BIvDNAara0050E02_B01	Vv	-8.78443582953555	-1.1195866540883703
1079.0000A__BIvDNAara0050E02_B02	Vv	-8.544682601165086	-0.87679618020172
2047.0000A__BIvDNAara0050E02_B04	Vv	-12.16038188723644	-1.030326252846037
1081.0000C__BIvDNAara0050E02_B06	Vv	-9.747667528102195	-0.8826638781270193
1341.0000C__BIvDNAara0050E02_B07	Vv	-10.33716799758069	-1.3255383077207064
1977.0000C__BIvDNAara0050E02_B08	Vv	-9.217684403170015	-1.0579758723547596
2049.0000C__BIvDNAara0050E02_B09	Vv	-10.087032999307473	-1.2683718390100447
0361.0000C__BIvDNAara0050E02_B11	Vv	-13.080597193190572	-1.5604446289538478
0378.0000E__BIvDNAara0050E02_B12	Vv	-9.229434066424156	-1.3041549455005104
0440.0000A__BIvDNAara0050E02_C01	Vv	-8.949399485339322	-0.9854043329042845
1082.0000E__BIvDNAara0050E02_C02	Vv	-9.514494807340384	-0.8814383212911364
1120.0000A__BIvDNAara0050E02_C03	Vv	-10.196815422435055	-1.145059588506738
2054.0000A__BIvDNAara0050E02_C04	Vv	-9.905359116656408	-1.4045630216075327
0614.0000C__BIvDNAara0050E02_C05	Vv	-9.450912738968519	-1.2867643788055352
1308.0000C__BIvDNAara0050E02_C06	Vv	-10.064432403769048	-1.0192965352901127
1353.0000C__BIvDNAara0050E02_C07	Vv	-10.113239120503053	-0.9061194651901378
1978.0000E__BIvDNAara0050E02_C08	Vv	-10.11247392200419	-0.9599206124319216
2050.0000C__BIvDNAara0050E02_C09	Vv	-9.66175133304162	-1.2248208571689878
0321.0000C__BIvDNAara0050E02_C10	Vv	-10.33902697716016	-1.2039677216815152
0362.0000C__BIvDNAara0050E02_C11	Vv	-10.137765976821523	-1.5363669741253172
0387.0000C__BIvDNAara0050E02_C12	Vv	-9.39441868701039	-1.0344380721464528
0471.0000A__BIvDNAara0050E02_D01	Vv	-9.035802654929215	-0.819292915739259
1084.0000A__BIvDNAara0050E02_D02	Vv	-8.435286628718393	-0.9211895182568502
1122.0000A__BIvDNAara0050E02_D03	Vv	-11.810838151324623	-1.7471645969971334
2070.0000A__BIvDNAara0050E02_D04	Vv	-9.406949514836066	-1.0435642263312122
0616.0000D__BIvDNAara0050E02_D05	Vv	-9.150767221884246	-0.8880193098109996
1313.0000C__BIvDNAara0050E02_D06	Vv	-9.216207502678214	-0.6934705499863323
1597.0000C__BIvDNAara0050E02_D07	Vv	-8.598134540934412	-0.5732330047125425
1982.0000C__BIvDNAara0050E02_D08	Vv	-9.617514472241501	-1.0057918282099014
2051.0000C__BIvDNAara0050E02_D09	Vv	-10.361262839222745	-1.063465273870329
0363.0000E__BIvDNAara0050E02_D11	Vv	-10.85294108429618	-1.3348885930320962
0394.0000J__BIvDNAara0050E02_D12	Vv	-9.989952086402646	-1.005902798783613
0489.0000A__BIvDNAara0050E02_E01	Vv	-9.603682611589306	-1.5790749792494596
1126.0000B__BIvDNAara0050E02_E03	Vv	-9.221582100029247	-0.5318944140364682
2071.0000A__BIvDNAara0050E02_E04	Vv	-8.822872842043273	-0.7775335191402988
0860.0000D__BIvDNAara0050E02_E05	Vv	-9.909031204695552	-1.1353690779994496
1321.0000C__BIvDNAara0050E02_E06	Vv	-10.044595669826485	-0.9136130113009459
1650.0000C__BIvDNAara0050E02_E07	Vv	-12.413737634831858	-1.415942819207147
2039.0000C__BIvDNAara0050E02_E08	Vv	-10.315987586652092	-1.4689242112194214
2055.0000C__BIvDNAara0050E02_E09	Vv	-10.63227297623466	-1.0179767285595636
0326.0000C__BIvDNAara0050E02_E10	Vv	-9.929327344596047	-0.9797251531166776
0367.0000C__BIvDNAara0050E02_E11	Vv	-8.983567588026164	-0.13051623968732165
0402.0000C__BIvDNAara0050E02_E12	Vv	-10.32009212121118	-1.1950200310150736
0494.0000A__BIvDNAara0050E02_F01	Vv	-10.068533047822292	-1.1259441478168595
1130.0000A__BIvDNAara0050E02_F03	Vv	-9.115612950547698	-0.885937112638691
2073.0000A__BIvDNAara0050E02_F04	Vv	-10.192554869898844	-1.3279962770800584
0862.0000F__BIvDNAara0050E02_F05	Vv	-9.540655353398856	-1.3436936732784883
1325.0000C__BIvDNAara0050E02_F06	Vv	-9.956984894039575	-1.1378417276580512
1651.0000C__BIvDNAara0050E02_F07	Vv	-9.652219820550084	-0.8071890628430183
2040.0000C__BIvDNAara0050E02_F08	Vv	-9.838581498844837	-1.3338210331340112
1306.0000C__BIvDNAara0050E02_F09	Vv	-10.426124060576289	-1.247431192296448
0328.0000C__BIvDNAara0050E02_F10	Vv	-9.559311975704102	-1.4596051749819492
0371.0000G__BIvDNAara0050E02_F11	Vv	-9.916487143293999	-1.2458055293071788
3162.0000A__BIvDNAara0050E02_F12	Vv	-13.013839089106192	-1.5163662993515612
0518.0000A__BIvDNAara0050E02_G01	Vv	-9.28731261768803	-0.9501950323824133
1658.0000A__BIvDNAara0050E02_G03	Vv	-9.405522317969906	-0.9059088286993018
2074.0000D__BIvDNAara0050E02_G04	Vv	-9.801840576959881	-1.0227225176751265
1052.0000C__BIvDNAara0050E02_G05	Vv	-9.967277304410738	-0.9213836176745969
1326.0000C__BIvDNAara0050E02_G06	Vv	-9.867984918706163	-1.160148419248225
1656.0000E__BIvDNAara0050E02_G07	Vv	-9.113462061879249	-0.8054421329627908
2041.0000D__BIvDNAara0050E02_G08	Vv	-11.692382312954338	-1.46624260598722
0343.0000C__BIvDNAara0050E02_G10	Vv	-8.95160094809916	-0.776921214597881
0373.0000C__BIvDNAara0050E02_G11	Vv	-10.941396024592828	-1.1085092975726045
1088.0000A__BIvDNAara0050E02_G12	Vv	-10.153286032479572	-1.2315269480957265
0538.0000F__BIvDNAara0050E02_H01	Vv	-8.502171637952523	-0.5598458374424317
Mission__BIvDNAara0050E02_H02	Vv	-8.719430584397038	-1.1547017379093045
2042.0000A__BIvDNAara0050E02_H03	Vv	-9.430210268138385	-0.3613581763580122
1059.0000C__BIvDNAara0050E02_H05	Vv	-9.035062730383753	-0.5740830524902105
1330.0000C__BIvDNAara0050E02_H06	Vv	-9.331905938325209	-1.0106679658258853
1657.0000C__BIvDNAara0050E02_H07	Vv	-8.955372233134216	-0.9264615652865951
2043.0000C__BIvDNAara0050E02_H08	Vv	-9.215695164636676	-1.3865156734526216
0349.0000C__BIvDNAara0050E02_H10	Vv	-9.260951294886175	-0.8343603535269537
0376.0000E__BIvDNAara0050E02_H11	Vv	-9.38714362986859	-1.389222441888057
0405.0000C__BIvDNAara0051E03_A01	Vv	-10.235426875523332	-0.7735358211986939
0441.0000C__BIvDNAara0051E03_A03	Vv	-10.32752991732989	-0.7400962700207968
Mission__BIvDNAara0051E03_A04	Vv	-8.45879945912647	-1.2637010350697089
0571.0000C__BIvDNAara0051E03_A05	Vv	-12.48999053526314	-1.2886661563475061
2037.0000C__BIvDNAara0051E03_A06	Vv	-10.379311356263452	-0.9230754518240607
0439.0000C__BIvDNAara0051E03_A07	Vv	-9.948280450528236	-1.0116203012536489
1800.0000D__BIvDNAara0051E03_A09	Vv	-8.666853660195112	-0.38653759985242153
1808.0000D__BIvDNAara0051E03_A10	Vv	-9.486003838910625	-0.6580233438801111
2344.0000C__BIvDNAara0051E03_A11	Vv	-12.625191835287241	-1.7477879911134997
0406.0000C__BIvDNAara0051E03_B01	Vv	-10.233325266668304	-1.2542375552288407
0420.0000C__BIvDNAara0051E03_B02	Vv	-10.714866216216596	-1.2119380869085123
0443.0000C__BIvDNAara0051E03_B03	Vv	-11.214267837429354	-1.3838703319903516
0521.0000C__BIvDNAara0051E03_B04	Vv	-10.262919578602828	-1.0697243384648667
2052.0000C__BIvDNAara0051E03_B06	Vv	-10.7750362868123	-0.8901254700188977
0463.0000B__BIvDNAara0051E03_B07	Vv	-13.965585912214628	-1.5659143574844576
1663.0000D__BIvDNAara0051E03_B08	Vv	-11.675893916324421	-1.8727569904539267
1801.0000D__BIvDNAara0051E03_B09	Vv	-8.266132727235131	-0.6004910905245948
1809.0000E__BIvDNAara0051E03_B10	Vv	-9.729840529164724	-1.113980260279598
2344.0000D__BIvDNAara0051E03_B11	Vv	-11.866120368362703	-1.73431478896481
2495.0000F__BIvDNAara0051E03_B12	Vv	-9.961456634858214	-0.28621305037949746
0421.0000C__BIvDNAara0051E03_C02	Vv	-11.25261685223392	-1.095527355685457
0523.0000C__BIvDNAara0051E03_C04	Vv	-11.484379668323264	-1.1925652366946822
0465.0000C__BIvDNAara0051E03_C07	Vv	-12.156764638610644	-1.5200181914005853
1598.0000E__BIvDNAara0051E03_C08	Vv	-11.76133820645567	-1.345217349739708
1802.0000D__BIvDNAara0051E03_C09	Vv	-8.306330828359375	-0.3092323600184322
1811.0000C__BIvDNAara0051E03_C10	Vv	-10.628414395919927	-1.2496735187868884
2430.0000B__BIvDNAara0051E03_C11	Vv	-9.893625096970048	-0.9017091768293299
2497.0000D__BIvDNAara0051E03_C12	Vv	-8.475481607513396	-0.399812593899689
0408.0000C__BIvDNAara0051E03_D01	Vv	-10.948521789692451	-1.4125336138712934
0428.0000C__BIvDNAara0051E03_D02	Vv	-10.00430143152889	-0.7172160907104456
0544.0000C__BIvDNAara0051E03_D04	Vv	-12.210691546350892	-1.2778016235800307
0610.0000E__BIvDNAara0051E03_D05	Vv	-9.97455155442142	-0.8427566877257671
0335.0000C__BIvDNAara0051E03_D06	Vv	-11.25619140327443	-0.6531512541154674
1666.0000D__BIvDNAara0051E03_D08	Vv	-11.725232963753283	-1.8271640777039415
1803.0000E__BIvDNAara0051E03_D09	Vv	-8.8229204281601	-0.18399262750582634
1812.0000E__BIvDNAara0051E03_D10	Vv	-10.959338269821576	-0.9038508655416797
2431.0000E__BIvDNAara0051E03_D11	Vv	-11.310878993227888	-1.3099348402754203
2498.0000C__BIvDNAara0051E03_D12	Vv	-9.985009992132005	-0.4489222101553671
0411.0000E__BIvDNAara0051E03_E01	Vv	-11.282778508760158	-1.3487591539069566
0433.0000E__BIvDNAara0051E03_E02	Vv	-11.394206898952332	-0.9878490450960827
0554.0000C__BIvDNAara0051E03_E04	Vv	-10.608104939252597	-0.7810952167100327
0611.0000C__BIvDNAara0051E03_E05	Vv	-11.610079976741451	-1.613361976336992
0353.0000C__BIvDNAara0051E03_E06	Vv	-10.970140006047728	-0.9500800146577585
0878.0000C__BIvDNAara0051E03_E07	Vv	-11.544014242015168	-0.9897818147804306
1796.0000D__BIvDNAara0051E03_E08	Vv	-8.80585826625102	-0.42238175108938264
1804.0000D__BIvDNAara0051E03_E09	Vv	-8.911174353928892	-0.10239214277799126
1813.0000E__BIvDNAara0051E03_E10	Vv	-11.433171873633668	-1.088101461925829
2432.0000C__BIvDNAara0051E03_E11	Vv	-11.321832218796981	-1.0102575678658237
2499.0000F__BIvDNAara0051E03_E12	Vv	-10.722927027582854	-1.107021937038563
0413.0000E__BIvDNAara0051E03_F01	Vv	-10.059882152451886	-0.7025490032673045
0558.0000C__BIvDNAara0051E03_F04	Vv	-10.6482027112731	-0.9085992511407955
0613.0000C__BIvDNAara0051E03_F05	Vv	-9.841235104811707	-0.5906460899983635
0356.0000C__BIvDNAara0051E03_F06	Vv	-11.379854586637245	-1.2727299478696474
1596.0000C__BIvDNAara0051E03_F07	Vv	-12.182328801232615	-1.2464445359827987
1797.0000D__BIvDNAara0051E03_F08	Vv	-9.30385580045551	-0.6113349414871172
1805.0000D__BIvDNAara0051E03_F09	Vv	-9.887552076288063	-1.2787032845991722
1814.0000D__BIvDNAara0051E03_F10	Vv	-10.335012481281085	-1.5357080974399404
2433.0000B__BIvDNAara0051E03_F11	Vv	-9.494004750269353	-0.5201687243540382
0415.0000C__BIvDNAara0051E03_G01	Vv	-10.483721196746702	-1.432597937816839
0435.0000C__BIvDNAara0051E03_G02	Vv	-8.880667858337226	-0.784254238549736
0560.0000C__BIvDNAara0051E03_G04	Vv	-15.232891464830486	-1.098843230608566
0615.0000C__BIvDNAara0051E03_G05	Vv	-11.369611136303245	-1.1107884272345308
0372.0000C__BIvDNAara0051E03_G06	Vv	-13.029077669869235	-1.341303376901929
1655.0000F__BIvDNAara0051E03_G07	Vv	-12.213428734178827	-1.3364368550936483
1798.0000E__BIvDNAara0051E03_G08	Vv	-9.069332550564415	-0.6581361028078238
1806.0000E__BIvDNAara0051E03_G09	Vv	-9.088936492730314	-0.7282666496110702
2452.0000B__BIvDNAara0051E03_G11	Vv	-11.279608905821531	-0.734835935674979
0477.0000C__BIvDNAara0051E03_G12	Vv	-10.683697776530037	-0.8685215029175433
0417.0000C__BIvDNAara0051E03_H01	Vv	-9.838060357042423	-1.257059409832779
0437.0000D__BIvDNAara0051E03_H02	Vv	-8.824044814179677	-0.3720170083641211
Mission__BIvDNAara0051E03_H03	Vv	-8.570921878163713	-0.8488702598932193
0563.0000C__BIvDNAara0051E03_H04	Vv	-10.896672589577236	-0.8062683951749672
0424.0000C__BIvDNAara0051E03_H06	Vv	-11.853315204365384	-1.8535846155149913
1591.0000D__BIvDNAara0051E03_H07	Vv	-11.609972826975845	-1.6794727286112967
1799.0000D__BIvDNAara0051E03_H08	Vv	-9.454257473169987	-0.5545917108620563
1807.0000C__BIvDNAara0051E03_H09	Vv	-10.375956011964798	-0.8091866849776048
2476.0000B__BIvDNAara0051E03_H11	Vv	-12.103336049309911	-1.4727385789549803
0477.0000R__BIvDNAara0051E03_H12	Vv	-10.154757229325464	-0.9979525304300964
2500.0000D__BIvDNAara0052E04_A01	Vv	-11.56125809187045	-1.4156786476466405
2533.0000E__BIvDNAara0052E04_A02	Vv	-10.72251176909173	-0.3341261451918499
2654.0000A__BIvDNAara0052E04_A04	Vv	-10.616844463216946	-0.4485075836877028
Mission__BIvDNAara0052E04_A05	Vv	-7.819391956669194	-0.7237929045690449
2504.0000A__BIvDNAara0052E04_A08	Vv	-10.248100247353504	-0.550374488060941
2625.0000A__BIvDNAara0052E04_A09	Vv	-12.543777652410192	-1.4715441703656438
3189.0000A__BIvDNAara0052E04_A12	Vv	-11.272202716393473	-1.1337375904793152
2643.0000A__BIvDNAara0052E04_B03	Vv	-12.016372915681107	-1.0810475317836243
2655.0000G__BIvDNAara0052E04_B04	Vv	-11.849722030483788	-0.5688174619266099
2678.0000A__BIvDNAara0052E04_B05	Vv	-11.739615485218485	-1.051831492513958
1667.0000C__BIvDNAara0052E04_B06	Vv	-10.735921158483968	-0.7008675832596472
1980.0000C__BIvDNAara0052E04_B07	Vv	-12.999190935004155	-1.5524987289797294
2507.0000E__BIvDNAara0052E04_B08	Vv	-9.921382707038966	-0.4576435252278667
2502.0000E__BIvDNAara0052E04_C01	Vv	-12.93888220714447	-0.6839525012130673
2536.0000D__BIvDNAara0052E04_C02	Vv	-9.394515105733438	-0.09833434907103883
2657.0000A__BIvDNAara0052E04_C04	Vv	-10.88147618424999	-0.8516971895744103
2683.0000A__BIvDNAara0052E04_C05	Vv	-11.400482612843035	-0.618744323822938
1857.0000C__BIvDNAara0052E04_C06	Vv	-9.721119112733032	-0.21353545485918796
1981.0000C__BIvDNAara0052E04_C07	Vv	-11.207757832348129	-1.3113834767769559
2509.0000C__BIvDNAara0052E04_C08	Vv	-10.982122661249038	-0.9357188311952807
2757.0000A__BIvDNAara0052E04_C11	Vv	-10.849487832719253	-1.2821221721338454
2910.0000B__BIvDNAara0052E04_C12	Vv	-11.66309486561861	-0.7519369099610861
2511.0000B__BIvDNAara0052E04_D01	Vv	-8.875866093540607	-0.0690983762150854
2602.0000E__BIvDNAara0052E04_D02	Vv	-11.609122754309569	-1.296143724376528
2658.0000A__BIvDNAara0052E04_D04	Vv	-11.209259167077844	-0.89605867751123
2684.0000A__BIvDNAara0052E04_D05	Vv	-10.795319328265034	-1.054899104324397
1858.0000C__BIvDNAara0052E04_D06	Vv	-10.016738778071678	-0.3701862769727462
2085.0000F__BIvDNAara0052E04_D07	Vv	-10.95738711386551	-0.9033037738655499
2510.0000A__BIvDNAara0052E04_D08	Vv	-10.654305673370507	-0.49135878843796515
2690.0000A__BIvDNAara0052E04_D09	Vv	-10.084020740030438	-1.4536447015418306
2917.0000A__BIvDNAara0052E04_D10	Vv	-10.484538321698373	-0.975260388794212
2759.0000A__BIvDNAara0052E04_D11	Vv	-11.728553744096976	-1.4815313778571824
2512.0000B__BIvDNAara0052E04_E01	Vv	-10.39835935666564	-0.9656509196495667
2696.0000B__BIvDNAara0052E04_E05	Vv	-12.904116552275125	-1.6035208631836417
2677.0000A__BIvDNAara0052E04_E06	Vv	-11.990164958391055	-1.211873360227549
2171.0000B__BIvDNAara0052E04_E07	Vv	-11.697432748161654	-1.4283798231200457
2514.0000C__BIvDNAara0052E04_E08	Vv	-9.821100943084488	-0.39674639913196136
2661.0000A__BIvDNAara0052E04_E10	Vv	-10.961083353561099	-1.011544272391293
2679.0000A__BIvDNAara0052E04_E11	Vv	-12.58599974044971	-1.3939327000392085
2928.0000A__BIvDNAara0052E04_E12	Vv	-11.792650292385229	-1.0768173201022868
2605.0000D__BIvDNAara0052E04_F02	Vv	-13.56038186499704	-1.5774003789719016
2650.0000A__BIvDNAara0052E04_F03	Vv	-12.931580158829684	-1.4316327614387103
1860.0000C__BIvDNAara0052E04_F06	Vv	-9.981872745034053	-1.1565156378044903
2451.0000C__BIvDNAara0052E04_F07	Vv	-9.636367683940845	-0.72075768222065
2535.0000A__BIvDNAara0052E04_F08	Vv	-9.86291292515106	-0.31967217830790234
2703.0000B__BIvDNAara0052E04_F09	Vv	-11.832258359193617	-1.1828216649503092
2746.0000A__BIvDNAara0052E04_F10	Vv	-11.128911395292114	-1.3259922410499183
2663.0000A__BIvDNAara0052E04_F12	Vv	-12.816688785118664	-0.7094196487042259
2531.0000C__BIvDNAara0052E04_G01	Vv	-12.706869667304625	-0.983395180746697
2633.0000A__BIvDNAara0052E04_G02	Vv	-11.678398464777164	-1.2016793418192928
2651.0000A__BIvDNAara0052E04_G03	Vv	-13.129633357939607	-1.3977776597745715
1861.0000C__BIvDNAara0052E04_G06	Vv	-10.882912066247764	-0.5848094628768392
2480.0000G__BIvDNAara0052E04_G07	Vv	-11.87669881333041	-0.6406131486428351
2749.0000A__BIvDNAara0052E04_G10	Vv	-12.709813453040695	-1.1278365347021426
2637.0000C__BIvDNAara0052E04_H02	Vv	-11.62437060544454	-0.4449493512237522
2653.0000A__BIvDNAara0052E04_H03	Vv	-10.873654008606344	-0.2716161402384147
Mission__BIvDNAara0052E04_H04	Vv	-10.446895756890463	-0.9484909104785922
2503.0000A__BIvDNAara0052E04_H07	Vv	-12.055090976199851	-1.4365191603054615
2546.0000C__BIvDNAara0052E04_H08	Vv	-12.049082734790842	-0.6033309289044112
2750.0000A__BIvDNAara0052E04_H10	Vv	-12.411910766626782	-1.361591611222036
2669.0000A__BIvDNAara0052E04_H12	Vv	-11.634400568893746	-0.9409357098088501
2918.0000B__BIvDNAara0053E05_A01	Vv	-10.172093344639283	-0.920510305592383
2901.0000A__BIvDNAara0053E05_A02	Vv	-11.342818578925879	-1.3290336340505549
3197.0000D__BIvDNAara0053E05_A03	Vv	-11.208997772863329	-0.7089246107185365
3198.0000I__BIvDNAara0053E05_A04	Vv	-11.134817723066933	-0.6612648563576529
3157.0000A__BIvDNAara0053E05_A05	Vv	-10.312737399628444	-0.8910818661021664
Mission__BIvDNAara0053E05_A06	Vv	-8.712210061514817	-0.8613451183087835
3248.0000A__BIvDNAara0053E05_A07	Vv	-11.952335818287178	-0.9532806453351672
0382.0000C__BIvDNAara0053E05_A09	Vv	-12.594257239446378	-1.0491725509671248
3071.0000A__BIvDNAara0053E05_A10	Vv	-12.108584461809768	-0.95648258072842
0942.0000C__BIvDNAara0053E05_A11	Vv	-11.465967693409475	-1.4947733779526697
2902.0000B__BIvDNAara0053E05_B02	Vv	-11.960920568316043	-1.1580141209198842
2913.0000A__BIvDNAara0053E05_B03	Vv	-11.077744382219198	-1.1610902350790742
3204.0000H__BIvDNAara0053E05_B04	Vv	-12.173220241811384	-1.0540390264468487
3164.0000A__BIvDNAara0053E05_B05	Vv	-10.64087801911186	-1.1823629050451836
3249.0000A__BIvDNAara0053E05_B07	Vv	-11.533289596386405	-0.7964951610477022
0391.0000C__BIvDNAara0053E05_B09	Vv	-11.567652236990144	-0.8969162238987266
3211.0000B__BIvDNAara0053E05_B10	Vv	-9.882251005874723	-1.467332185909584
3002.0000B__BIvDNAara0053E05_C01	Vv	-11.173615013912062	-1.3878080103946207
3013.0000B__BIvDNAara0053E05_C02	Vv	-12.727718673397973	-1.3266864422343863
3194.0000J__BIvDNAara0053E05_C03	Vv	-10.613495863193242	-0.7053548630228461
3206.0000D__BIvDNAara0053E05_C04	Vv	-10.398973059740841	-0.6765680205563898
3171.0000A__BIvDNAara0053E05_C05	Vv	-11.919599990455055	-1.1047894867522714
3215.0000K__BIvDNAara0053E05_C06	Vv	-12.566840971967865	-1.1407967075663887
3317.0000A__BIvDNAara0053E05_C07	Vv	-9.166069505323318	-0.7368301064985111
3182.0000A__BIvDNAara0053E05_C08	Vv	-12.330717405238259	-1.349624885571621
1119.0000A__BIvDNAara0053E05_C10	Vv	-12.957955860726077	-0.08521456199423755
1056.0000C__BIvDNAara0053E05_C11	Vv	-9.930299030018803	-0.9653563807215682
3005.0000B__BIvDNAara0053E05_D01	Vv	-9.372649757822126	-0.7945808363836202
3014.0000A__BIvDNAara0053E05_D02	Vv	-12.01496361855879	-1.2663207263254204
2524.0000B__BIvDNAara0053E05_D03	Vv	-12.715549529073954	-1.2152827830905408
2920.0000A__BIvDNAara0053E05_D04	Vv	-10.355526942867911	-0.6685887640595988
3188.0000A__BIvDNAara0053E05_D05	Vv	-11.377744708205247	-1.05263576690004
3216.0000C__BIvDNAara0053E05_D06	Vv	-12.431154584102819	-1.4389072797991629
3319.0000A__BIvDNAara0053E05_D07	Vv	-12.3565723352081	-1.2244342149330631
0414.0000P__BIvDNAara0053E05_D08	Vv	-10.767849556618385	-0.7295681891065677
1121.0000A__BIvDNAara0053E05_D10	Vv	-10.52212560553174	-1.072941860550483
1057.0000C__BIvDNAara0053E05_D11	Vv	-11.612423953253202	-1.0524666953686395
3011.0000B__BIvDNAara0053E05_E01	Vv	-10.886203173616266	-1.3122303322759274
3015.0000A__BIvDNAara0053E05_E02	Vv	-13.053754288610024	-1.4761421480207044
2927.0000A__BIvDNAara0053E05_E04	Vv	-11.88542890618737	-0.933662204877917
3217.0000E__BIvDNAara0053E05_E06	Vv	-11.056931050494915	-1.1050357208616401
0457.0000M__BIvDNAara0053E05_E08	Vv	-10.735036198563202	-1.2531560828545896
1103.0000E__BIvDNAara0053E05_E09	Vv	-12.298426960487646	-1.415689621611625
0700.0000C__BIvDNAara0053E05_E10	Vv	-10.353187024200185	-1.1251892729567932
2604.0000C__BIvDNAara0053E05_E11	Vv	-10.17824500278146	-0.5857638120399473
2516.0000G__BIvDNAara0053E05_F01	Vv	-10.186892224984936	-1.1414945216997374
3016.0000B__BIvDNAara0053E05_F02	Vv	-11.556114130214825	-0.860308387088564
2616.0000A__BIvDNAara0053E05_F03	Vv	-10.929058629457236	-1.0282791267427422
3077.0000A__BIvDNAara0053E05_F04	Vv	-10.371928349658186	-1.012835402865264
3218.0000I__BIvDNAara0053E05_F06	Vv	-11.344942114796192	-0.8130152543763001
0474.0000E__BIvDNAara0053E05_F08	Vv	-13.117965988344274	-1.500714997493629
0699.0000E__BIvDNAara0053E05_F10	Vv	-10.577026946191644	-0.49260857195106156
2899.0000A__BIvDNAara0053E05_G01	Vv	-9.093543299027878	-0.6566006126700182
3096.0000A__BIvDNAara0053E05_G02	Vv	-10.2379264870485	-1.2575156337712987
2618.0000A__BIvDNAara0053E05_G03	Vv	-12.183845918093708	-1.4522189111535777
3154.0000A__BIvDNAara0053E05_G04	Vv	-11.173301571745444	-0.912221811066962
3219.0000J__BIvDNAara0053E05_G06	Vv	-11.383445969348209	-1.295280600170709
0499.0000C__BIvDNAara0053E05_G09	Vv	-11.059609641314676	-1.295157300521781
0815.0000C__BIvDNAara0053E05_G10	Vv	-10.978590535211092	-1.0964129943577683
2900.0000B__BIvDNAara0053E05_H01	Vv	-10.24240290716213	-0.8033660311850236
3173.0000A__BIvDNAara0053E05_H02	Vv	-10.160233316804588	-1.0500889089302714
3193.0000G__BIvDNAara0053E05_H03	Vv	-11.412345290978305	-1.1580394163374745
3156.0000A__BIvDNAara0053E05_H04	Vv	-13.113863396202074	-1.6326615627244094
Mission__BIvDNAara0053E05_H05	Vv	-9.709921193073463	-1.1057506501845233
3245.0000A__BIvDNAara0053E05_H06	Vv	-11.094701563311007	-1.1217599807381586
0381.0000F__BIvDNAara0053E05_H08	Vv	-10.979634085194816	-1.3946176400821302
0817.0000C__BIvDNAara0053E05_H10	Vv	-10.506260432415326	-0.7586493846333975
Mission__BIvDNAara0054E06_A07	Vv	-8.395641731603924	-1.003930348473053
Mission__BIvDNAara0054E06_H06	Vv	-8.838977431468768	-0.7206949098415066
Mission__BIvDNAara0055E07_A08	Vv	-9.610439611762011	-0.5260190439169908
Mission__BIvDNAara0055E07_H07	Vv	-8.680569232042965	-0.7918147072774547
Mission__BIvDNAara0056E08_A09	Vv	-9.349581342755355	-1.0284291031348718
Mission__BIvDNAara0056E08_H08	Vv	-9.575874584093436	-0.9359102192585064
Mission__BIvDNAara0057E09_A10	Vv	-9.487572933022461	-0.6091611634350997
Mission__BIvDNAara0057E09_H09	Vv	-9.520731938156203	-1.029803530280766
Mission__BIvDNAara0058E10_A11	Vv	-9.215795185670448	-0.9052948048872046
Mission__BIvDNAara0058E10_H10	Vv	-8.68837276091866	-1.1089670410990378
Mission__BIvDNAara0059E11_A12	Vv	-7.547745852066644	-0.8846916530207963
Mission__BIvDNAara0059E11_H11	Vv	-8.279868652965787	-1.0735972951836985
Mission__BIvDNAara0060E12_A01	Vv	-8.497838851523328	-0.8636386523822649
Mission__BIvDNAara0060E12_H12	Vv	-8.664865895695183	-0.992737601875293
Mission__BIvDNAara0061F01_B02	Vv	-12.68093610944151	-1.8230728274704646
Mission__BIvDNAara0062F02_A03	Vv	-13.627333415658764	-2.2621649411132108
Mission__BIvDNAara0062F02_B03	Vv	-13.678980650227748	-1.5959751946031835
Mission__BIvDNAara0063F03_A04	Vv	-8.220420538482411	-0.9617892109747171
Mission__BIvDNAara0063F03_B04	Vv	-8.258496149270542	-0.8684289262102668
Mission__BIvDNAara0065F05_A06	Vv	-8.39050392272672	-0.6977012682529505
Mission__BIvDNAara0065F05_B06	Vv	-7.861993720030745	-0.8585277584394202
Mission__BIvDNAara0066F06_B07	Vv	-6.838568866593391	-0.9236515046788579
Mission__BIvDNAara0067A01_D01	Vv	-7.52547983762079	-1.1747868280809688
Mission__BIvDNAara0068A02_E02	Vv	-8.986697516878504	-0.5492935409722439
Mission__BIvDNAara0069A03_D03	Vv	-9.257288040461157	-0.49248975637793346
Mission__BIvDNAara0069A03_E03	Vv	-10.341665862399003	-1.0106877713130573
Mission__BIvDNAara0070A04_D04	Vv	-9.313656282540235	-0.9500455638736919
Mission__BIvDNAara0070A04_E04	Vv	-9.378302655282098	-0.4157966688823562
Mission__BIvDNAara0071A05_D05	Vv	-9.707309327221243	-0.9534677126426074
Mission__BIvDNAara0071A05_E05	Vv	-9.380032013975622	-0.8772442474203432
Mission__BIvDNAara0072A06_D06	Vv	-9.40240208790268	-0.6612371217974398
Mission__BIvDNAara0072A06_E06	Vv	-9.6251812683997	-0.7902276003470448
Mission__BIvDNAara0073A07_D07	Vv	-9.301271937606991	-0.8402460734179249
Mission__BIvDNAara0073A07_E07	Vv	-9.045747334704911	-1.0543231399483692
Mission__BIvDNAara0074A08_D08	Vv	-9.435700122983636	-0.5705560087235904
Mission__BIvDNAara0074A08_E08	Vv	-9.076703452700174	-1.1017071575159132
Mission__BIvDNAara0075A09_D09	Vv	-8.63649278416151	-0.9473716999207804
Mission__BIvDNAara0075A09_E09	Vv	-9.163633151641276	-0.8412090257677906
DVIT0331_0000C__BIvDNAara1073G01_A09	Vv	-15.519352355414208	-1.0680158726904367
DVIT0386_0000C__BIvDNAara1073G01_B05	Vv	-21.212180999095587	-0.42405842760430074
DVIT0330_0000E__BIvDNAara1073G01_B09	Vv	-4.2201883144383965	-0.1332304885586968
DVIT2340_0000A__BIvDNAara1073G01_D01	Vv	-22.238310873430887	-0.30256328910488933
DVIT2390_0000A__BIvDNAara1073G01_D02	Vv	-11.610422259763187	-0.8244258056234383
DVIT0384_0000C__BIvDNAara1073G01_D05	Vv	-13.28702260770142	-0.7963057144350082
DVIT0395_0000C__BIvDNAara1073G01_E09	Vv	-19.864932955151318	-0.4572108377678341
DVIT0382_0000D__BIvDNAara1073G01_F05	Vv	-7.701206774347365	0.8449112695219317
DVIT0334_0000C__BIvDNAara1073G01_F08	Vv	-23.14635615718887	-1.3541583278868385
DVIT0396_0000C__BIvDNAara1073G01_F09	Vv	-4.248467809156896	1.2685420517099817
DVIT0360_0000C__BIvDNAara1073G01_G06	Vv	-24.7767385494502	-0.8745327653656583
DVIT0429_0000D__BIvDNAara1073G01_G11	Vv	-12.52164957730233	0.7958804139729109
DVIT1313_0000C__BIvDNAara1074G02_A07	Vv	-15.56708439270191	-0.8638936432858085
DVIT1353_0000C__BIvDNAara1074G02_A08	Vv	-20.156967521361246	-1.0948935267944964
DVIT0566_0000C__BIvDNAara1074G02_B05	Vv	-11.148162717825057	-0.23506711286742255
DVIT2039_0000C__BIvDNAara1074G02_C09	Vv	-18.80027368846413	-1.1963025564820333
DVIT0413_0000E__BIvDNAara1074G02_C11	Vv	-12.378562669364017	-0.33205746759186716
DVIT0573_0000C__BIvDNAara1074G02_D04	Vv	-13.722668396327032	-0.7881990652134402
DVIT1052_0000D__BIvDNAara1074G02_D06	Vv	-5.058817822748447	-0.166844500406578
DVIT1651_0000C__BIvDNAara1074G02_D08	Vv	-6.7420054144607935	-0.4877695322689571
DVIT0580_0000C__BIvDNAara1074G02_E03	Vv	-18.124098769180943	-0.857778907461595
DVIT2041_0000D__BIvDNAara1074G02_E09	Vv	-16.75977231148455	-0.35013811354434704
DVIT0579_0000C__BIvDNAara1074G02_F03	Vv	-19.754696981370074	-1.7661372133728246
DVIT0612_0000C__BIvDNAara1074G02_G05	Vv	-19.992269950231048	-0.7650776018498037
DVIT1334_0000C__BIvDNAara1074G02_G07	Vv	-8.782013346277951	0.16314895171164748
DVIT0476_0000C__BIvDNAara1075G03_A06	Vv	-20.632029189813796	-1.4140234098973432
DVIT0509_0000C__BIvDNAara1075G03_C02	Vv	-17.689242275320233	-0.8642434967180043
DVIT0474_0000E__BIvDNAara1075G03_C06	Vv	-17.604184675738036	-1.3291544879762884
DVIT0464_0000C__BIvDNAara1075G03_C07	Vv	-18.092139455453093	-0.8051868952501225
DVIT0606_0000C__BIvDNAara1075G03_C12	Vv	-19.58084128091204	-1.7276273979214103
DVIT0482_0000E__BIvDNAara1075G03_D05	Vv	-17.564958942115155	-0.6079056498145937
DVIT0460_0000H__BIvDNAara1075G03_D07	Vv	-2.203804522899985	0.17340906211517462
DVIT0522_0000C__BIvDNAara1075G03_D08	Vv	-20.537075282483666	-1.2523602355774732
DVIT0481_0000C__BIvDNAara1075G03_E05	Vv	-20.748937829844454	-0.8587689771788406
DVIT0513_0000E__BIvDNAara1075G03_E07	Vv	-6.203539735373144	0.4647543931423632
DVIT0470_0000C__BIvDNAara1075G03_F06	Vv	-6.595926403701406	-0.3089323991861226
DVIT0514_0000E__BIvDNAara1075G03_F07	Vv	-7.794726422871066	0.0932754965660376
DVIT0488_0000E__BIvDNAara1075G03_G04	Vv	-21.663548656781423	-1.160243338422676
DVIT0462_0000C__BIvDNAara1075G03_G06	Vv	-20.321290469019548	-0.4090467536682636
DVIT0515_0000C__BIvDNAara1075G03_G07	Vv	-7.878595025659161	0.320972480662316
DVIT0526_0000C__BIvDNAara1075G03_G08	Vv	-18.732619900639417	-1.5611252767073684
DVIT0440_0000A__BIvDNAara1076G04_H01	Vv	-14.600184415221724	-0.8898381767372279
DVIT2081_0000A__BIvDNAara1076G04_H10	Vv	-21.38751292524872	-0.5479380298841423
DVIT0771_0000C__BIvDNAara1100A04_B08	Vv	-19.501755726044422	-0.6569451645131964
DVIT0789_0000C__BIvDNAara1100A04_C06	Vv	-11.975672939941571	0.11710532065026354
DVIT0799_0000D__BIvDNAara1100A04_D05	Vv	-18.756318675235327	-0.6694845593650324
DVIT0788_0000C__BIvDNAara1100A04_D06	Vv	-4.993882380923514	-0.27000979125190766
DVIT0777_0000D__BIvDNAara1100A04_D07	Vv	-21.05173749643495	-0.5548327218140718
DVIT0811_0000D__BIvDNAara1100A04_E03	Vv	-18.58215739599424	-0.9105385456709063
DVIT0786_0000C__BIvDNAara1100A04_F06	Vv	-17.115539799368037	-0.003666889192425082
DVIT0795_0000E__BIvDNAara1100A04_G05	Vv	-23.04678288577005	0.1354796297069537
DVIT1841_0000I__BIvDNAara1101A05_A11	Vv	-17.266487945226526	0.41748547325051416
DVIT1840_0000J__BIvDNAara1101A05_B11	Vv	-18.174147070607916	0.3812007075127295
DVIT0661_0000C__BIvDNAara1102A06_A04	Vv	-13.585053273756062	-0.3566327106643535
DVIT0655_0000E__BIvDNAara1102A06_E03	Vv	-21.285960653098414	-0.7322437895777749
SC91__vDNAdia1622B02_E12	Vv	-29.044771516016073	-0.03672987729733067
SC92__vDNAdia1622B02_F12	Vv	-28.703280821635857	0.09417578416338966
SC93__vDNAdia1622B02_G12	Vv	-28.609730280931682	0.4548144516986856
SC94__vDNAdia1622B02_H12	Vv	-28.414010496617188	0.3267232946050163
Saperavi_5__vDNAfen1149A03_D11	Vv	-24.235356230470153	0.4846254010036227
Saperavi_5__vDNAfen1149A03_E11	Vv	-25.29035762234627	0.8315421722125439
Saperavi_4__vDNAfen1149A03_F11	Vv	-24.516807667855446	0.6450826789911582
Saperavi_4__vDNAfen1149A03_G11	Vv	-26.761104548304594	-0.12065610796396065
Plate1_A2_7__EXTvDNAmej0013A04_A02	Vv	-34.06709984523454	-1.150824344107953
Plate1_A3_244__EXTvDNAmej0013A04_A03	Vv	-33.48217407082676	-0.8985893713252755
Plate1_A4_105__EXTvDNAmej0013A04_A04	Vv	-33.748203673759555	-0.852050182331532
Plate1_A5_762__EXTvDNAmej0013A04_A05	Vv	-33.844272607795496	-0.7936935687375093
Plate1_A6_1864__EXTvDNAmej0013A04_A06	Vv	-33.714449177314506	-1.1922657942527854
Plate1_A7_399__EXTvDNAmej0013A04_A07	Vv	-34.07896020365301	-0.891752433620156
Plate1_A8_1819__EXTvDNAmej0013A04_A08	Vv	-33.2236044052671	-0.6088849092193661
Plate1_A9_1241__EXTvDNAmej0013A04_A09	Vv	-33.4106879604625	-0.029424351744155395
Plate1_A10_1389__EXTvDNAmej0013A04_A10	Vv	-34.053488376489746	-0.9223709120539274
Plate1_A11_108__EXTvDNAmej0013A04_A11	Vv	-34.09221947178491	-0.32508087559560284
Plate1_A12_79__EXTvDNAmej0013A04_A12	Vv	-33.02844028555659	-0.8385158741405171
Plate1_B2_1193__EXTvDNAmej0013A04_B02	Vv	-33.251779621414485	-0.9562101390614794
Plate1_B3_11__EXTvDNAmej0013A04_B03	Vv	-33.3982709461607	-1.2783972090854665
Plate1_B4_276__EXTvDNAmej0013A04_B04	Vv	-32.794329495605645	-0.8664871573377699
Plate1_B5_1096__EXTvDNAmej0013A04_B05	Vv	-33.446531423349434	-1.230151860238406
Plate1_B6_145__EXTvDNAmej0013A04_B06	Vv	-33.85199291338218	-0.9862506015493405
Plate1_B7_1385__EXTvDNAmej0013A04_B07	Vv	-33.362688286484804	-1.063413014078458
Plate1_B8_1566__EXTvDNAmej0013A04_B08	Vv	-34.11730252647279	-1.0234780852138978
Plate1_B9_375__EXTvDNAmej0013A04_B09	Vv	-32.76275072842435	-1.274995397455872
Plate1_B10_84__EXTvDNAmej0013A04_B10	Vv	-33.43498521845673	-0.677629336506221
Plate1_B11_1349__EXTvDNAmej0013A04_B11	Vv	-32.95047529145471	-1.023379306789716
Plate1_B12_517__EXTvDNAmej0013A04_B12	Vv	-32.41992933176083	-0.7189989747051934
Plate1_C2_746__EXTvDNAmej0013A04_C02	Vv	-32.42151577813229	-0.5356104830370371
Plate1_C3_1553__EXTvDNAmej0013A04_C03	Vv	-33.04088681252745	-1.04416677771713
Plate1_C4_1562__EXTvDNAmej0013A04_C04	Vv	-33.537081004255036	-0.8633441920008305
Plate1_C5_162__EXTvDNAmej0013A04_C05	Vv	-33.71884092971472	-0.8323911260309159
Plate1_C6_1628__EXTvDNAmej0013A04_C06	Vv	-33.57597014860473	-1.13740844667136
Plate1_C7_801__EXTvDNAmej0013A04_C07	Vv	-33.16129560262441	-1.1646523960242372
Plate1_C8_828__EXTvDNAmej0013A04_C08	Vv	-33.80239506776964	-0.7845881122428956
Plate1_C9_189__EXTvDNAmej0013A04_C09	Vv	-34.01674711968711	-1.2525792572141363
Plate1_C10_700__EXTvDNAmej0013A04_C10	Vv	-33.6711771785427	-0.8247887102939218
Plate1_C11_1696__EXTvDNAmej0013A04_C11	Vv	-33.339321463279894	-0.9593055474438997
Plate1_C12_685__EXTvDNAmej0013A04_C12	Vv	-32.90114080139489	-0.5363767580905581
Plate1_D2_1614__EXTvDNAmej0013A04_D02	Vv	-32.96258774075781	-1.0647581985202008
Plate1_D3_120__EXTvDNAmej0013A04_D03	Vv	-33.615500974018865	-1.0363600034520197
Plate1_D4_1010__EXTvDNAmej0013A04_D04	Vv	-32.953615285820796	-0.9179451292753671
Plate1_D5_1501__EXTvDNAmej0013A04_D05	Vv	-34.02061800949841	-0.7997220219278156
Plate1_D6_1377__EXTvDNAmej0013A04_D06	Vv	-33.929410286355655	-0.8940244229468239
Plate1_D7_88__EXTvDNAmej0013A04_D07	Vv	-32.7081825490687	-0.5889361548713545
Plate1_D8_1852__EXTvDNAmej0013A04_D08	Vv	-33.167966723310464	-0.9398187738236049
Plate1_D9_511__EXTvDNAmej0013A04_D09	Vv	-33.479187591468694	-0.750543791593729
Plate1_D10_329__EXTvDNAmej0013A04_D10	Vv	-32.93848447149608	-0.768057293945502
Plate1_D11_967__EXTvDNAmej0013A04_D11	Vv	-34.15108786522308	-1.3602257873232753
Plate1_D12_29__EXTvDNAmej0013A04_D12	Vv	-34.031000583752245	-1.2380485593010495
Plate1_E2_1503__EXTvDNAmej0013A04_E02	Vv	-33.61079695165174	-0.9372058730685683
Plate1_E3_1842__EXTvDNAmej0013A04_E03	Vv	-32.42254265619675	-0.7739404676181948
Plate1_E4_1863__EXTvDNAmej0013A04_E04	Vv	-34.338277678812396	-1.1843605148729013
Plate1_E5_1290__EXTvDNAmej0013A04_E05	Vv	-32.980445608906955	-0.9749826926914109
Plate1_E6_783__EXTvDNAmej0013A04_E06	Vv	-34.38573452465646	-1.2845661170703198
Plate1_E7_1247__EXTvDNAmej0013A04_E07	Vv	-33.130074660403466	-0.9936618817906775
Plate1_E8_670__EXTvDNAmej0013A04_E08	Vv	-33.25892596812994	-0.9277798496652361
Plate1_E9_113__EXTvDNAmej0013A04_E09	Vv	-33.2152429621538	-0.8727154177592783
Plate1_E10_1210__EXTvDNAmej0013A04_E10	Vv	-33.74807894572265	-0.7327150403685534
Plate1_E11_1202__EXTvDNAmej0013A04_E11	Vv	-32.915709782986774	-0.7373958114452935
Plate1_E12_247__EXTvDNAmej0013A04_E12	Vv	-34.08380828621689	-0.7740899887425324
Plate1_F2_39__EXTvDNAmej0013A04_F02	Vv	-33.1807032414799	-0.9797614999988707
Plate1_F3_1455__EXTvDNAmej0013A04_F03	Vv	-33.13294444455003	-1.0209595288263817
Plate1_F4_222__EXTvDNAmej0013A04_F04	Vv	-33.23839674086014	-0.7393913196560048
Plate1_F5_1336__EXTvDNAmej0013A04_F05	Vv	-32.91065109253987	-1.0239335884898517
Plate1_F6_246__EXTvDNAmej0013A04_F06	Vv	-33.35645836953854	-0.7293750697023914
Plate1_F7_688__EXTvDNAmej0013A04_F07	Vv	-32.82126180688729	-0.5993820379781042
Plate1_F8_457__EXTvDNAmej0013A04_F08	Vv	-32.944401078408376	-0.684037885388024
Plate1_F9_230__EXTvDNAmej0013A04_F09	Vv	-32.75591729421026	-0.8755764178803911
Plate1_F10_1780__EXTvDNAmej0013A04_F10	Vv	-34.50592216406957	-1.2559564101981
Plate1_F11_1022__EXTvDNAmej0013A04_F11	Vv	-33.64940285908226	-1.3143473135395936
Plate1_F12_879__EXTvDNAmej0013A04_F12	Vv	-34.00019628863462	-1.0214576034992744
Plate1_G1_386__EXTvDNAmej0013A04_G01	Vv	-33.079749560277186	-0.7761101683373388
Plate1_G2_233__EXTvDNAmej0013A04_G02	Vv	-33.6056319923867	-1.185925259896943
Plate1_G3_426__EXTvDNAmej0013A04_G03	Vv	-32.908756457950545	-0.8302871027059499
Plate1_G4_1700__EXTvDNAmej0013A04_G04	Vv	-33.71468912672039	-0.6186152465353066
Plate1_G5_468__EXTvDNAmej0013A04_G05	Vv	-33.70242931558296	-0.6898424347426042
Plate1_G6_526__EXTvDNAmej0013A04_G06	Vv	-33.261830970834765	-0.8911333818061589
Plate1_G7_1353__EXTvDNAmej0013A04_G07	Vv	-32.732984340845825	-1.0562341164311526
Plate1_G8_1324__EXTvDNAmej0013A04_G08	Vv	-32.89062852261139	-0.9818521894564891
Plate1_G9_1083__EXTvDNAmej0013A04_G09	Vv	-33.58695436419715	-0.6376361066974229
Plate1_G10_1381__EXTvDNAmej0013A04_G10	Vv	-33.37558874504487	-1.1626845437696263
Plate1_G11_808__EXTvDNAmej0013A04_G11	Vv	-33.44035527381405	-1.2959784467704454
Plate1_G12_269__EXTvDNAmej0013A04_G12	Vv	-32.948162038924984	-0.6950532951275852
Plate1_H1_1893__EXTvDNAmej0013A04_H01	Vv	-22.47505737656309	-0.16913025211644997
Plate1_H2_198__EXTvDNAmej0013A04_H02	Vv	-34.155843771633045	-0.9408565345564749
Plate1_H3_1283__EXTvDNAmej0013A04_H03	Vv	-33.18988567650961	-1.2993022857660237
Plate1_H4_218__EXTvDNAmej0013A04_H04	Vv	-33.60657100909636	-0.703468941512472
Plate1_H5_1703__EXTvDNAmej0013A04_H05	Vv	-32.75128195957934	-1.2247169016578543
Plate1_H6_430__EXTvDNAmej0013A04_H06	Vv	-33.692311650360445	-0.9882673144580755
Plate1_H7_165__EXTvDNAmej0013A04_H07	Vv	-33.9732066041051	-0.8349166132110883
Plate1_H8_703__EXTvDNAmej0013A04_H08	Vv	-33.640359210396255	-0.7527052502423408
Plate1_H9_1792__EXTvDNAmej0013A04_H09	Vv	-32.971158830132325	-1.1393131394046154
Plate1_H10_633__EXTvDNAmej0013A04_H10	Vv	-32.58311704411833	-0.24533917526398508
Plate1_H11_1845__EXTvDNAmej0013A04_H11	Vv	-33.340758395562965	-0.759682978571203
Plate1_H12_209__EXTvDNAmej0013A04_H12	Vv	-33.481866837519945	-1.2792298534311164
Plate2_A2_125__EXTvDNAmej0014A05_A02	Vv	-33.49410674136478	-0.6989172818657662
Plate2_A3_984__EXTvDNAmej0014A05_A03	Vv	-32.34008079495974	-0.8195611221614224
Plate2_A4_1082__EXTvDNAmej0014A05_A04	Vv	-33.482656875585945	-1.1359666514451243
Plate2_A5_552__EXTvDNAmej0014A05_A05	Vv	-32.589546285226916	-1.1011922449973028
Plate2_A6_1679__EXTvDNAmej0014A05_A06	Vv	-32.204545338295205	-0.13696404877405827
Plate2_A7_1829__EXTvDNAmej0014A05_A07	Vv	-32.831195331320224	-0.48857161383974174
Plate2_A8_1354__EXTvDNAmej0014A05_A08	Vv	-33.76099869643409	-0.915761022999004
Plate2_A9_1761__EXTvDNAmej0014A05_A09	Vv	-32.895279914445126	-0.9205080511243112
Plate2_A10_1182__EXTvDNAmej0014A05_A10	Vv	-32.63261394935701	-0.8094059920348157
Plate2_A11_68__EXTvDNAmej0014A05_A11	Vv	-33.304482641050825	-1.2880578373066216
Plate2_A12_1719__EXTvDNAmej0014A05_A12	Vv	-32.904598741909844	-0.5242080280160315
Plate2_B2_1759__EXTvDNAmej0014A05_B02	Vv	-33.00961879984803	-0.9381439549866614
Plate2_B3_226__EXTvDNAmej0014A05_B03	Vv	-33.19407132987347	-0.7357750366110487
Plate2_B4_322__EXTvDNAmej0014A05_B04	Vv	-32.30108683117776	-0.5919861266465332
Plate2_B5_249__EXTvDNAmej0014A05_B05	Vv	-32.15732135009694	-0.8540818513825381
Plate2_B6_1844__EXTvDNAmej0014A05_B06	Vv	-32.78270400064213	-0.7186493540834726
Plate2_B7_1885__EXTvDNAmej0014A05_B07	Vv	-32.60840126989316	-0.6352531849082965
Plate2_B8_925__EXTvDNAmej0014A05_B08	Vv	-32.930600831422176	-0.5635939865103625
Plate2_B9_545__EXTvDNAmej0014A05_B09	Vv	-33.02047033388584	-0.9807989260493799
Plate2_B10_799__EXTvDNAmej0014A05_B10	Vv	-32.73180980946906	-0.48464030669286245
Plate2_B11_701__EXTvDNAmej0014A05_B11	Vv	-33.12530234759023	-0.9727426565430444
Plate2_B12_1748__EXTvDNAmej0014A05_B12	Vv	-32.10805444449604	-0.6070618807873934
Plate2_C2_821__EXTvDNAmej0014A05_C02	Vv	-33.266662079179405	-0.6023722251218513
Plate2_C3_1204__EXTvDNAmej0014A05_C03	Vv	-33.159735005496046	-0.9398658759681677
Plate2_C4_1654__EXTvDNAmej0014A05_C04	Vv	-32.94667712006565	-0.5340435109174668
Plate2_C5_299__EXTvDNAmej0014A05_C05	Vv	-32.834623993310174	-1.0335874965362095
Plate2_C6_1860__EXTvDNAmej0014A05_C06	Vv	-32.7397519754933	-0.937342469296734
Plate2_C7_1304__EXTvDNAmej0014A05_C07	Vv	-32.204072957301705	-0.2095393945430792
Plate2_C8_1268__EXTvDNAmej0014A05_C08	Vv	-32.59987546360361	-0.7912442141143359
Plate2_C9_1805__EXTvDNAmej0014A05_C09	Vv	-32.863665127571124	-0.8845331317349479
Plate2_C10_1078__EXTvDNAmej0014A05_C10	Vv	-32.93459165646216	-0.7899337369647959
Plate2_C11_1001__EXTvDNAmej0014A05_C11	Vv	-33.177004903505235	-0.8992811589248755
Plate2_C12_1318__EXTvDNAmej0014A05_C12	Vv	-33.111337960958494	-1.0869493172669726
Plate2_D2_449__EXTvDNAmej0014A05_D02	Vv	-31.563664160321586	-0.46411823740300856
Plate2_D3_1522__EXTvDNAmej0014A05_D03	Vv	-33.055881238998694	-0.6634688118379872
Plate2_D4_720__EXTvDNAmej0014A05_D04	Vv	-32.1677908913327	-0.699364410951434
Plate2_D5_1670__EXTvDNAmej0014A05_D05	Vv	-32.32149145424309	-0.20201613086066816
Plate2_D6_106__EXTvDNAmej0014A05_D06	Vv	-31.519897752916908	-0.886769385183839
Plate2_D7_86__EXTvDNAmej0014A05_D07	Vv	-32.6374016787749	-0.6836164005441109
Plate2_D8_1572__EXTvDNAmej0014A05_D08	Vv	-33.587851826804844	-0.842848996674336
Plate2_D9_1840__EXTvDNAmej0014A05_D09	Vv	-32.36974041633389	-1.0262131362077473
Plate2_D10_225__EXTvDNAmej0014A05_D10	Vv	-31.92417595628865	-0.7806966004031819
Plate2_D11_1122__EXTvDNAmej0014A05_D11	Vv	-33.56394484669075	-1.1518552105441766
Plate2_D12_377__EXTvDNAmej0014A05_D12	Vv	-32.68299702576501	-0.8839064457747022
Plate2_E2_1660__EXTvDNAmej0014A05_E02	Vv	-33.321434960469176	-0.6164602484637333
Plate2_E3_1375__EXTvDNAmej0014A05_E03	Vv	-32.595920148614105	-0.6857540105691983
Plate2_E4_1335__EXTvDNAmej0014A05_E04	Vv	-33.229438294917294	-0.6036628295088529
Plate2_E5_790__EXTvDNAmej0014A05_E05	Vv	-32.1231379061358	-0.5616056912123991
Plate2_E6_1785__EXTvDNAmej0014A05_E06	Vv	-33.28020261530093	-0.6762410649162653
Plate2_E7_1468__EXTvDNAmej0014A05_E07	Vv	-32.50286876821257	-1.0691669556076007
Plate2_E8_1469__EXTvDNAmej0014A05_E08	Vv	-33.46083945629176	-0.8857454578213254
Plate2_E9_1183__EXTvDNAmej0014A05_E09	Vv	-33.3102559858804	-0.9445026143900764
Plate2_E10_255__EXTvDNAmej0014A05_E10	Vv	-33.1618030236147	-1.0749870291667165
Plate2_E11_580__EXTvDNAmej0014A05_E11	Vv	-32.59549383256598	-0.5459967760971061
Plate2_E12_202__EXTvDNAmej0014A05_E12	Vv	-33.69644411913933	-0.8946585818441322
Plate2_F2_970__EXTvDNAmej0014A05_F02	Vv	-32.022744154681774	-0.6760760711525958
Plate2_F3_1270__EXTvDNAmej0014A05_F03	Vv	-32.81974909241505	-0.7646196290036582
Plate2_F4_868__EXTvDNAmej0014A05_F04	Vv	-33.141955664053455	-1.5560660288470203
Plate2_F5_1558__EXTvDNAmej0014A05_F05	Vv	-32.97327808767019	-1.1913429977760948
Plate2_F6_989__EXTvDNAmej0014A05_F06	Vv	-32.96782885726594	-1.0466334950800344
Plate2_F7_1667__EXTvDNAmej0014A05_F07	Vv	-32.40090023448639	-0.9437650014564177
Plate2_F8_571__EXTvDNAmej0014A05_F08	Vv	-31.62470497279731	-0.4707105184198369
Plate2_F9_1538__EXTvDNAmej0014A05_F09	Vv	-32.70871275017193	-1.0355578419107183
Plate2_F10_716__EXTvDNAmej0014A05_F10	Vv	-32.43148191052374	-0.9079634078205204
Plate2_F11_921__EXTvDNAmej0014A05_F11	Vv	-32.52055611472494	-0.916426932842888
Plate2_F12_1791__EXTvDNAmej0014A05_F12	Vv	-32.14744886353958	-1.088455134516409
Plate2_G1_1502__EXTvDNAmej0014A05_G01	Vv	-32.39581273669247	-1.0641835049896113
Plate2_G2_295__EXTvDNAmej0014A05_G02	Vv	-33.12124596632913	-0.7534926626877751
Plate2_G3_1737__EXTvDNAmej0014A05_G03	Vv	-33.305265378374635	-0.744230735022906
Plate2_G4_304__EXTvDNAmej0014A05_G04	Vv	-32.28980519358958	-0.4801685884130616
Plate2_G5_884__EXTvDNAmej0014A05_G05	Vv	-32.11396336308891	-0.7371382846953474
Plate2_G6_1599__EXTvDNAmej0014A05_G06	Vv	-32.239122902591795	-0.7389947981078762
Plate2_G7_215__EXTvDNAmej0014A05_G07	Vv	-32.16908734421548	-1.1070611613284385
Plate2_G8_1800__EXTvDNAmej0014A05_G08	Vv	-33.327326302560095	-1.000964102995128
Plate2_G9_668__EXTvDNAmej0014A05_G09	Vv	-33.811389946670275	-0.811151098852292
Plate2_G10_1130__EXTvDNAmej0014A05_G10	Vv	-31.666203644227952	-0.6719220495183733
Plate2_G11_769__EXTvDNAmej0014A05_G11	Vv	-32.52679735994538	-1.003765291483922
Plate2_G12_1822__EXTvDNAmej0014A05_G12	Vv	-32.264930075083115	-0.40264022787016635
Plate2_H1_254__EXTvDNAmej0014A05_H01	Vv	-30.325712704131725	-0.6684884868148713
Plate2_H2_341__EXTvDNAmej0014A05_H02	Vv	-32.98097869870048	-0.7075655589306903
Plate2_H3_1774__EXTvDNAmej0014A05_H03	Vv	-32.327314282886505	-0.48022470148371177
Plate2_H4_483__EXTvDNAmej0014A05_H04	Vv	-33.30516684262837	-0.6354764280482247
Plate2_H5_978__EXTvDNAmej0014A05_H05	Vv	-32.07208132084465	-0.8232247405770532
Plate2_H6_875__EXTvDNAmej0014A05_H06	Vv	-32.99720330044779	-0.8916610432799921
Plate2_H7_1606__EXTvDNAmej0014A05_H07	Vv	-31.785749712430285	-1.1508123449647185
Plate2_H8_287__EXTvDNAmej0014A05_H08	Vv	-32.634889010242105	-1.0216982008008089
Plate2_H9_1645__EXTvDNAmej0014A05_H09	Vv	-32.80918799090015	-0.6384659159851219
Plate2_H10_161__EXTvDNAmej0014A05_H10	Vv	-33.28019232523642	-1.193516586888385
Plate2_H11_223__EXTvDNAmej0014A05_H11	Vv	-31.908230225036608	-0.5711767407586569
Plate2_H12_1160__EXTvDNAmej0014A05_H12	Vv	-32.59399633621929	-0.8837301765943678
Plate3_A2_1770__EXTvDNAmej0015A06_A02	Vv	-32.881016028537196	-0.3989167513373055
Plate3_A3_747__EXTvDNAmej0015A06_A03	Vv	-33.52702590735551	-0.7258061976992042
Plate3_A4_765__EXTvDNAmej0015A06_A04	Vv	-33.239176870650795	-1.3168250044630279
Plate3_A5_964__EXTvDNAmej0015A06_A05	Vv	-33.05670422541671	-0.874132742062152
Plate3_A6_328__EXTvDNAmej0015A06_A06	Vv	-32.98500165807865	-0.8608786797875222
Plate3_A7_48__EXTvDNAmej0015A06_A07	Vv	-33.156410648855676	-0.7511134536018368
Plate3_A8_1068__EXTvDNAmej0015A06_A08	Vv	-32.68558470459036	-0.7064765125596819
Plate3_A9_317__EXTvDNAmej0015A06_A09	Vv	-33.262831061740705	-0.5497477711155317
Plate3_A10_635__EXTvDNAmej0015A06_A10	Vv	-32.984277276995904	-0.8255057116284522
Plate3_A11_335__EXTvDNAmej0015A06_A11	Vv	-32.959896246346375	-0.48506008339497536
Plate3_A12_1131__EXTvDNAmej0015A06_A12	Vv	-33.222721521959514	-0.8441778389033915
Plate3_B2_147__EXTvDNAmej0015A06_B02	Vv	-32.35240250632194	-0.9086687529838475
Plate3_B3_55__EXTvDNAmej0015A06_B03	Vv	-33.78200389970239	-1.0517889128405173
Plate3_B4_15__EXTvDNAmej0015A06_B04	Vv	-32.294967211794926	-0.28853965430175055
Plate3_B5_1646__EXTvDNAmej0015A06_B05	Vv	-33.78781770190418	-0.9002419623108026
Plate3_B6_314__EXTvDNAmej0015A06_B06	Vv	-32.48949754091122	-1.0787506370397655
Plate3_B7_1747__EXTvDNAmej0015A06_B07	Vv	-33.863778853130135	-0.5077752206175817
Plate3_B8_981__EXTvDNAmej0015A06_B08	Vv	-33.179277690372295	-0.5374486986165244
Plate3_B9_1302__EXTvDNAmej0015A06_B09	Vv	-32.769853550603635	-1.0136476027967385
Plate3_B10_781__EXTvDNAmej0015A06_B10	Vv	-32.78363764758514	-0.8395919754948474
Plate3_B11_505__EXTvDNAmej0015A06_B11	Vv	-33.08016948518774	-0.4968388128261817
Plate3_B12_674__EXTvDNAmej0015A06_B12	Vv	-33.36567312226878	-1.1309252083765962
Plate3_C2_930__EXTvDNAmej0015A06_C02	Vv	-32.867221897694364	-0.5445117616178736
Plate3_C3_1454__EXTvDNAmej0015A06_C03	Vv	-33.35019552652392	-1.1894828789179195
Plate3_C4_1715__EXTvDNAmej0015A06_C04	Vv	-33.507891563226956	-0.769168609307506
Plate3_C5_1862__EXTvDNAmej0015A06_C05	Vv	-32.79349585513286	-0.5885327304655544
Plate3_C6_414__EXTvDNAmej0015A06_C06	Vv	-33.3923464786388	-1.3688297617435936
Plate3_C7_306__EXTvDNAmej0015A06_C07	Vv	-32.801535896529316	-0.5067247972553155
Plate3_C8_637__EXTvDNAmej0015A06_C08	Vv	-32.70485292259777	-0.7687287701854371
Plate3_C9_1069__EXTvDNAmej0015A06_C09	Vv	-32.073869758070735	-0.831282448921563
Plate3_C10_676__EXTvDNAmej0015A06_C10	Vv	-33.40186120083567	-0.9036125839311092
Plate3_C11_486__EXTvDNAmej0015A06_C11	Vv	-33.45027017250067	-0.9648229808583154
Plate3_C12_1338__EXTvDNAmej0015A06_C12	Vv	-33.12839006397773	-0.7831518785120145
Plate3_D2_824__EXTvDNAmej0015A06_D02	Vv	-33.00832890544097	-0.7208369844877447
Plate3_D3_641__EXTvDNAmej0015A06_D03	Vv	-32.57629881632487	-0.6841419319005995
Plate3_D4_1289__EXTvDNAmej0015A06_D04	Vv	-33.41511960801001	-0.7199183920599291
Plate3_D5_737__EXTvDNAmej0015A06_D05	Vv	-33.16391520203641	-1.3536500050769977
Plate3_D6_1348__EXTvDNAmej0015A06_D06	Vv	-31.709929530638505	-0.3039377022530176
Plate3_D7_1687__EXTvDNAmej0015A06_D07	Vv	-33.29052170488195	-1.0606888844395392
Plate3_D8_351__EXTvDNAmej0015A06_D08	Vv	-33.30682406083174	-0.9347814925573215
Plate3_D9_70__EXTvDNAmej0015A06_D09	Vv	-33.041525640443936	-0.6178957898426038
Plate3_D10_1333__EXTvDNAmej0015A06_D10	Vv	-33.5300722894832	-1.320934176203719
Plate3_D11_1398__EXTvDNAmej0015A06_D11	Vv	-32.96857022953005	-0.6746051525785635
Plate3_D12_853__EXTvDNAmej0015A06_D12	Vv	-34.32886865245082	-0.7904929929187913
Plate3_E2_590__EXTvDNAmej0015A06_E02	Vv	-32.933552507730695	-0.5169861783139895
Plate3_E3_698__EXTvDNAmej0015A06_E03	Vv	-33.06236940642854	-1.1467577427712237
Plate3_E4_1134__EXTvDNAmej0015A06_E04	Vv	-32.60807204414974	-0.9130937101665684
Plate3_E5_735__EXTvDNAmej0015A06_E05	Vv	-33.6879606662241	-1.0374200513131202
Plate3_E6_192__EXTvDNAmej0015A06_E06	Vv	-31.819395725420858	-0.28620147211892727
Plate3_E7_475__EXTvDNAmej0015A06_E07	Vv	-33.26412251553493	-0.9554040021415868
Plate3_E8_1028__EXTvDNAmej0015A06_E08	Vv	-32.74837130246487	-0.6986921519796523
Plate3_E9_265__EXTvDNAmej0015A06_E09	Vv	-32.55904901876115	-0.5699529992749267
Plate3_E10_1159__EXTvDNAmej0015A06_E10	Vv	-33.19661337262502	-1.1689884978679141
Plate3_E11_902__EXTvDNAmej0015A06_E11	Vv	-33.59600788823744	-0.8612884666724777
Plate3_E12_235__EXTvDNAmej0015A06_E12	Vv	-32.931495920008295	-0.6749768897895787
Plate3_F2_1334__EXTvDNAmej0015A06_F02	Vv	-33.73464500937065	-0.8980595384955091
Plate3_F3_496__EXTvDNAmej0015A06_F03	Vv	-32.72160367748443	-0.7776738822392398
Plate3_F4_8__EXTvDNAmej0015A06_F04	Vv	-32.5487048272828	-1.0197654237114655
Plate3_F5_1611__EXTvDNAmej0015A06_F05	Vv	-31.99264555278384	-0.6490927015767455
Plate3_F6_1029__EXTvDNAmej0015A06_F06	Vv	-33.144277267751484	-1.0518491122954392
Plate3_F7_770__EXTvDNAmej0015A06_F07	Vv	-33.063089758556714	-1.0265825449217447
Plate3_F8_804__EXTvDNAmej0015A06_F08	Vv	-32.85111441588543	-1.1260849158717547
Plate3_F9_577__EXTvDNAmej0015A06_F09	Vv	-32.96287894414836	-0.8457555935013177
Plate3_F10_1278__EXTvDNAmej0015A06_F10	Vv	-33.39366279835838	-0.7839027069279885
Plate3_F11_926__EXTvDNAmej0015A06_F11	Vv	-32.487286936349555	-0.8695176491689776
Plate3_F12_1077__EXTvDNAmej0015A06_F12	Vv	-33.31424311956558	-1.0546822146121113
Plate3_G1_630__EXTvDNAmej0015A06_G01	Vv	-23.490374193627655	-0.3020147499760664
Plate3_G2_1834__EXTvDNAmej0015A06_G02	Vv	-32.7491927743282	-0.7744839522919276
Plate3_G3_691__EXTvDNAmej0015A06_G03	Vv	-33.6129274402427	-1.0918743293028246
Plate3_G4_1189__EXTvDNAmej0015A06_G04	Vv	-33.073498208690715	-1.2224343277541752
Plate3_G5_342__EXTvDNAmej0015A06_G05	Vv	-33.54678463279426	-1.270229584726716
Plate3_G6_644__EXTvDNAmej0015A06_G06	Vv	-32.54089139208923	-0.8434945046898158
Plate3_G7_1634__EXTvDNAmej0015A06_G07	Vv	-33.924939516734796	-1.0562062522183382
Plate3_G8_1326__EXTvDNAmej0015A06_G08	Vv	-32.13401025164565	-0.622984870004717
Plate3_G9_1668__EXTvDNAmej0015A06_G09	Vv	-33.56056615923876	-0.9379444226977357
Plate3_G10_1467__EXTvDNAmej0015A06_G10	Vv	-33.23836515194006	-0.9791754702181501
Plate3_G11_1281__EXTvDNAmej0015A06_G11	Vv	-32.715615199075664	-1.170872346282375
Plate3_G12_1148__EXTvDNAmej0015A06_G12	Vv	-33.12191337379318	-0.6386775067632748
Plate3_H1_562__EXTvDNAmej0015A06_H01	Vv	-30.87974631958948	-0.599166972059273
Plate3_H2_711__EXTvDNAmej0015A06_H02	Vv	-33.25635600508072	-0.9327585420700532
Plate3_H3_528__EXTvDNAmej0015A06_H03	Vv	-32.83110740748174	-0.8183810343919505
Plate3_H4_831__EXTvDNAmej0015A06_H04	Vv	-33.503618005832664	-0.5159459254340063
Plate3_H5_1076__EXTvDNAmej0015A06_H05	Vv	-32.64821021456333	-0.6406130807804705
Plate3_H6_369__EXTvDNAmej0015A06_H06	Vv	-33.47409975846969	-1.1745298357224316
Plate3_H7_188__EXTvDNAmej0015A06_H07	Vv	-33.36476937739007	-1.0032594732545184
Plate3_H8_356__EXTvDNAmej0015A06_H08	Vv	-32.8594557914429	-0.8470578632910752
Plate3_H9_1732__EXTvDNAmej0015A06_H09	Vv	-32.29763400804382	-0.54797523836022
Plate3_H10_153__EXTvDNAmej0015A06_H10	Vv	-33.16488974728957	-0.589259464123288
Plate3_H11_593__EXTvDNAmej0015A06_H11	Vv	-33.235200153868824	-0.8498507570070607
Plate3_H12_778__EXTvDNAmej0015A06_H12	Vv	-32.632689268930534	-1.029522293001162
Plate4_A2_1438__EXTvDNAmej0016A07_A02	Vv	-33.041211378399794	-0.8740868961484766
Plate4_A3_1442__EXTvDNAmej0016A07_A03	Vv	-33.73487195354567	-1.022758660917735
Plate4_A4_331__EXTvDNAmej0016A07_A04	Vv	-33.73449231969666	-0.9235135307090335
Plate4_A5_1763__EXTvDNAmej0016A07_A05	Vv	-32.740744818681435	-0.6275549444871488
Plate4_A6_1374__EXTvDNAmej0016A07_A06	Vv	-32.87407618112019	-1.017349758591951
Plate4_A7_1219__EXTvDNAmej0016A07_A07	Vv	-32.534171434122236	-0.8047962311050867
Plate4_A8_1777__EXTvDNAmej0016A07_A08	Vv	-33.446827013028596	-1.362798960669423
Plate4_A9_116__EXTvDNAmej0016A07_A09	Vv	-32.535913327720294	-0.8634093930905221
Plate4_A10_613__EXTvDNAmej0016A07_A10	Vv	-33.43703327423589	-1.0420548371878173
Plate4_A11_142__EXTvDNAmej0016A07_A11	Vv	-33.54718612453449	-0.9603623089311067
Plate4_A12_813__EXTvDNAmej0016A07_A12	Vv	-32.89745758047552	-0.7803400767420409
Plate4_B2_1246__EXTvDNAmej0016A07_B02	Vv	-33.13932306771659	-0.42324454682230406
Plate4_B3_994__EXTvDNAmej0016A07_B03	Vv	-32.748085193943815	-0.9907133401381796
Plate4_B4_834__EXTvDNAmej0016A07_B04	Vv	-33.70646468222649	-0.7399376122901763
Plate4_B5_1580__EXTvDNAmej0016A07_B05	Vv	-33.21495490058043	-0.7060916919636724
Plate4_B6_1576__EXTvDNAmej0016A07_B06	Vv	-33.054392105902004	-1.1896093994161623
Plate4_B7_830__EXTvDNAmej0016A07_B07	Vv	-33.02744128217323	-1.2541945733628048
Plate4_B8_1799__EXTvDNAmej0016A07_B08	Vv	-32.58945063073745	-1.1676586428320983
Plate4_B9_504__EXTvDNAmej0016A07_B09	Vv	-32.751617922502355	-0.5104063939047848
Plate4_B10_1192__EXTvDNAmej0016A07_B10	Vv	-32.762564465975125	-0.3471175406218989
Plate4_B11_1896__EXTvDNAmej0016A07_B11	Vv	-34.03541869328408	-1.025037227330886
Plate4_B12_1286__EXTvDNAmej0016A07_B12	Vv	-32.55648365255855	-0.5068356681955163
Plate4_C2_460__EXTvDNAmej0016A07_C02	Vv	-33.25377665307457	-0.9741825667479043
Plate4_C3_1396__EXTvDNAmej0016A07_C03	Vv	-32.712359911294314	-0.9319352454797865
Plate4_C4_315__EXTvDNAmej0016A07_C04	Vv	-32.89128026246071	-0.8877072934522219
Plate4_C5_1767__EXTvDNAmej0016A07_C05	Vv	-32.5061676466369	-0.8737405366305656
Plate4_C6_885__EXTvDNAmej0016A07_C06	Vv	-32.83369483112004	-0.5536697644622213
Plate4_C7_1451__EXTvDNAmej0016A07_C07	Vv	-33.49303653994014	-1.0443677364859234
Plate4_C8_1920__EXTvDNAmej0016A07_C08	Vv	-32.815503364536085	-0.9214256582951598
Plate4_C9_139__EXTvDNAmej0016A07_C09	Vv	-33.17709352541688	-1.4302714069310918
Plate4_C10_132__EXTvDNAmej0016A07_C10	Vv	-33.59599626150812	-1.1022062218796547
Plate4_C11_1557__EXTvDNAmej0016A07_C11	Vv	-32.98095175097876	-0.8636449963720119
Plate4_C12_533__EXTvDNAmej0016A07_C12	Vv	-32.66323616083615	-0.6190227899987045
Plate4_D2_257__EXTvDNAmej0016A07_D02	Vv	-32.41469443088904	-0.5946146360203712
Plate4_D3_1070__EXTvDNAmej0016A07_D03	Vv	-32.527558231467545	-0.5824132184960579
Plate4_D4_1391__EXTvDNAmej0016A07_D04	Vv	-33.090766928581196	-0.8368722699222645
Plate4_D5_839__EXTvDNAmej0016A07_D05	Vv	-32.79290115227006	-1.3122924890353491
Plate4_D6_1868__EXTvDNAmej0016A07_D06	Vv	-33.310125583759785	-0.8497162329691258
Plate4_D7_520__EXTvDNAmej0016A07_D07	Vv	-32.7439766946524	-0.9305586260398307
Plate4_D8_1149__EXTvDNAmej0016A07_D08	Vv	-32.778868371959526	-0.7375882535199455
Plate4_D9_1340__EXTvDNAmej0016A07_D09	Vv	-32.33096035337104	-0.670302775678812
Plate4_D10_543__EXTvDNAmej0016A07_D10	Vv	-32.53035580746189	-0.8393761016194158
Plate4_D11_1185__EXTvDNAmej0016A07_D11	Vv	-32.9998219469912	-0.598993814724633
Plate4_D12_578__EXTvDNAmej0016A07_D12	Vv	-33.102354314583366	-0.9252449886477679
Plate4_E2_1358__EXTvDNAmej0016A07_E02	Vv	-33.58467994910042	-1.2513617701593944
Plate4_E3_175__EXTvDNAmej0016A07_E03	Vv	-32.93546602380148	-1.140401225810716
Plate4_E4_1479__EXTvDNAmej0016A07_E04	Vv	-33.319694001950836	-0.7520850004380938
Plate4_E5_327__EXTvDNAmej0016A07_E05	Vv	-32.25206711248767	-0.7623720415613633
Plate4_E6_1689__EXTvDNAmej0016A07_E06	Vv	-33.0339703161692	-0.8161007422225757
Plate4_E7_1151__EXTvDNAmej0016A07_E07	Vv	-32.76850988125062	-1.132673322868091
Plate4_E8_933__EXTvDNAmej0016A07_E08	Vv	-33.6471993346907	-0.8854871729410554
Plate4_E9_1045__EXTvDNAmej0016A07_E09	Vv	-33.315560515423776	-1.2641046787528876
Plate4_E10_479__EXTvDNAmej0016A07_E10	Vv	-32.861202034718026	-0.6991081902448743
Plate4_E11_1112__EXTvDNAmej0016A07_E11	Vv	-33.133356012086445	-1.1919601381126406
Plate4_E12_544__EXTvDNAmej0016A07_E12	Vv	-33.067507641542896	-1.0092958471088835
Plate4_F2_1796__EXTvDNAmej0016A07_F02	Vv	-32.884294914412145	-0.7171031179166113
Plate4_F3_1344__EXTvDNAmej0016A07_F03	Vv	-33.141626394257486	-1.2258686886007988
Plate4_F4_909__EXTvDNAmej0016A07_F04	Vv	-33.976062712614365	-1.225510513635421
Plate4_F5_24__EXTvDNAmej0016A07_F05	Vv	-33.43883616959082	-0.9154665310414056
Plate4_F6_1888__EXTvDNAmej0016A07_F06	Vv	-32.49319758070723	-0.5139556629467744
Plate4_F7_319__EXTvDNAmej0016A07_F07	Vv	-32.51351552309017	-0.6239350426955825
Plate4_F8_117__EXTvDNAmej0016A07_F08	Vv	-32.94693434901053	-0.6791566585687117
Plate4_F9_554__EXTvDNAmej0016A07_F09	Vv	-32.845421815272395	-0.6247757038980764
Plate4_F10_1497__EXTvDNAmej0016A07_F10	Vv	-33.61388964577064	-1.203615549401251
Plate4_F11_1337__EXTvDNAmej0016A07_F11	Vv	-32.84925600340311	-1.054543458518816
Plate4_F12_1899__EXTvDNAmej0016A07_F12	Vv	-33.20819437233707	-0.47042545349289927
Plate4_G1_1386__EXTvDNAmej0016A07_G01	Vv	-33.205995678241536	-0.4889884785511283
Plate4_G2_1883__EXTvDNAmej0016A07_G02	Vv	-33.10239317465227	-1.1304599533342279
Plate4_G3_1489__EXTvDNAmej0016A07_G03	Vv	-33.10447744464139	-0.6412540523176662
Plate4_G4_1898__EXTvDNAmej0016A07_G04	Vv	-32.31238870814722	-0.8902888201641861
Plate4_G5_540__EXTvDNAmej0016A07_G05	Vv	-33.534291842211054	-0.9746555839190664
Plate4_G6_1664__EXTvDNAmej0016A07_G06	Vv	-33.288377928060925	-0.8864304813459106
Plate4_G7_1932__EXTvDNAmej0016A07_G07	Vv	-33.33872626494127	-1.0388763896222322
Plate4_G8_1651__EXTvDNAmej0016A07_G08	Vv	-31.691939668137447	-1.0192408199347198
Plate4_G9_1106__EXTvDNAmej0016A07_G09	Vv	-33.83759932645563	-0.9232440652469789
Plate4_G10_1199__EXTvDNAmej0016A07_G10	Vv	-32.95561705960687	-0.6504697501164947
Plate4_G11_542__EXTvDNAmej0016A07_G11	Vv	-32.091892134251324	-0.9531916583486679
Plate4_G12_71__EXTvDNAmej0016A07_G12	Vv	-31.680470793634083	-0.5490842532649859
Plate4_H1_1802__EXTvDNAmej0016A07_H01	Vv	-33.14292478528351	-0.9371466646317932
Plate4_H2_343__EXTvDNAmej0016A07_H02	Vv	-33.616629750389826	-1.015834150997161
Plate4_H3_1795__EXTvDNAmej0016A07_H03	Vv	-33.644645870488176	-1.2840687821870396
Plate4_H4_1749__EXTvDNAmej0016A07_H04	Vv	-32.37501126861818	-0.8910745398452243
Plate4_H5_1623__EXTvDNAmej0016A07_H05	Vv	-32.55567451318019	-0.3724214974153928
Plate4_H6_651__EXTvDNAmej0016A07_H06	Vv	-32.02022036769833	-0.9821234739578507
Plate4_H7_1203__EXTvDNAmej0016A07_H07	Vv	-32.76627027884014	-0.9457999351253895
Plate4_H8_1681__EXTvDNAmej0016A07_H08	Vv	-32.21432759345749	-0.46658120376883416
Plate4_H9_1135__EXTvDNAmej0016A07_H09	Vv	-31.6208680305636	-0.26231574937434526
Plate4_H10_513__EXTvDNAmej0016A07_H10	Vv	-32.35535705999924	-0.6836470218188685
Plate4_H11_924__EXTvDNAmej0016A07_H11	Vv	-33.10109620631016	-0.9305074503416484
Plate4_H12_1595__EXTvDNAmej0016A07_H12	Vv	-30.990809219086408	-1.03953751274065
Plate5_A2_1249__EXTvDNAmej0017A08_A02	Vv	-32.181057761846	-0.6567759055691332
Plate5_A3_1065__EXTvDNAmej0017A08_A03	Vv	-32.64629048709924	-0.7945218360052796
Plate5_A4_396__EXTvDNAmej0017A08_A04	Vv	-33.15848082259886	-0.9589719988124576
Plate5_A5_452__EXTvDNAmej0017A08_A05	Vv	-33.447680336360534	-0.8728544340489762
Plate5_A6_1044__EXTvDNAmej0017A08_A06	Vv	-32.82171063377882	-0.9366029334728098
Plate5_A7_415__EXTvDNAmej0017A08_A07	Vv	-33.6038343265755	-1.2120462526226685
Plate5_A8_811__EXTvDNAmej0017A08_A08	Vv	-32.62953211277589	-0.6708853135098543
Plate5_A9_1836__EXTvDNAmej0017A08_A09	Vv	-32.8760041537642	-1.2008668432779703
Plate5_A10_947__EXTvDNAmej0017A08_A10	Vv	-32.5875902053427	-0.8129569074170712
Plate5_A11_986__EXTvDNAmej0017A08_A11	Vv	-33.0803815904088	-0.5414191150212689
Plate5_A12_1926__EXTvDNAmej0017A08_A12	Vv	-33.33728123470102	-1.1188268807393382
Plate5_B2_1712__EXTvDNAmej0017A08_B02	Vv	-33.17973086032499	-0.894356918859116
Plate5_B3_160__EXTvDNAmej0017A08_B03	Vv	-33.21721132653213	-1.3885597364070594
Plate5_B4_1642__EXTvDNAmej0017A08_B04	Vv	-32.85001736805647	-0.8468637478254014
Plate5_B5_959__EXTvDNAmej0017A08_B05	Vv	-32.78887196814652	-0.9714028885097672
Plate5_B6_380__EXTvDNAmej0017A08_B06	Vv	-33.1754415038136	-0.9124157272240435
Plate5_B7_1351__EXTvDNAmej0017A08_B07	Vv	-32.711571663350554	-1.1072355038351576
Plate5_B8_168__EXTvDNAmej0017A08_B08	Vv	-32.86734025147853	-0.9564068329567524
Plate5_B9_1930__EXTvDNAmej0017A08_B09	Vv	-33.069115087128225	-0.8943004412884544
Plate5_B10_805__EXTvDNAmej0017A08_B10	Vv	-32.73821445933603	-0.9285335658166335
Plate5_B11_1506__EXTvDNAmej0017A08_B11	Vv	-31.693646129917706	-0.5689798247825841
Plate5_B12_1784__EXTvDNAmej0017A08_B12	Vv	-33.13261851502523	-0.37536437492166524
Plate5_C2_1315__EXTvDNAmej0017A08_C02	Vv	-32.30804534005234	-0.695397215920714
Plate5_C3_1922__EXTvDNAmej0017A08_C03	Vv	-33.111186921579645	-0.6884670145157631
Plate5_C4_660__EXTvDNAmej0017A08_C04	Vv	-31.894151675933763	-0.9094304405193094
Plate5_C5_1341__EXTvDNAmej0017A08_C05	Vv	-32.180456164685175	-0.4438532561914628
Plate5_C6_51__EXTvDNAmej0017A08_C06	Vv	-32.706011551395996	-1.055878265453062
Plate5_C7_1258__EXTvDNAmej0017A08_C07	Vv	-32.20033837746571	-0.511803474268284
Plate5_C8_1421__EXTvDNAmej0017A08_C08	Vv	-32.72896058137646	-0.7696117682414407
Plate5_C9_1741__EXTvDNAmej0017A08_C09	Vv	-33.25496372573239	-0.5816896922137101
Plate5_C10_1397__EXTvDNAmej0017A08_C10	Vv	-32.80999473152823	-0.5762769305663615
Plate5_C11_1744__EXTvDNAmej0017A08_C11	Vv	-32.78308413783078	-0.885670352429838
Plate5_C12_764__EXTvDNAmej0017A08_C12	Vv	-32.63183756281016	-0.8714567165589947
Plate5_D2_1782__EXTvDNAmej0017A08_D02	Vv	-32.69436449169542	-0.4616771879597238
Plate5_D3_518__EXTvDNAmej0017A08_D03	Vv	-32.492989891383715	-0.6185484304188128
Plate5_D4_1053__EXTvDNAmej0017A08_D04	Vv	-33.50652139140146	-0.8287820676530738
Plate5_D5_1640__EXTvDNAmej0017A08_D05	Vv	-32.15642020246774	-0.7288053769626721
Plate5_D6_1408__EXTvDNAmej0017A08_D06	Vv	-32.41369917768604	-0.9331935460715197
Plate5_D7_1034__EXTvDNAmej0017A08_D07	Vv	-32.36663499685933	-0.6744326766652928
Plate5_D8_1200__EXTvDNAmej0017A08_D08	Vv	-33.15526275842617	-0.947663102119998
Plate5_D9_1849__EXTvDNAmej0017A08_D09	Vv	-32.4382912263972	-0.81327539610213
Plate5_D10_729__EXTvDNAmej0017A08_D10	Vv	-32.02022841889215	-0.6905382073619318
Plate5_D11_706__EXTvDNAmej0017A08_D11	Vv	-33.295712166262206	-0.9441797136925849
Plate5_D12_865__EXTvDNAmej0017A08_D12	Vv	-32.980803471392505	-0.8740504847942125
Plate5_E2_681__EXTvDNAmej0017A08_E02	Vv	-33.314763395081265	-0.707361499802892
Plate5_E3_100__EXTvDNAmej0017A08_E03	Vv	-32.474920712269174	-0.3596486673234914
Plate5_E4_527__EXTvDNAmej0017A08_E04	Vv	-33.63541728807903	-1.080969149943689
Plate5_E5_1214__EXTvDNAmej0017A08_E05	Vv	-32.79860066437471	-0.7524457350893323
Plate5_E6_789__EXTvDNAmej0017A08_E06	Vv	-33.006219260193845	-0.9957228207252723
Plate5_E7_26__EXTvDNAmej0017A08_E07	Vv	-32.32769431369955	-0.6018019787665679
Plate5_E8_1657__EXTvDNAmej0017A08_E08	Vv	-32.80501955947448	-0.7301745056013367
Plate5_E9_1174__EXTvDNAmej0017A08_E09	Vv	-33.30137643767084	-0.5752810783595127
Plate5_E10_1243__EXTvDNAmej0017A08_E10	Vv	-33.46188120679079	-0.9713786137189243
Plate5_E11_689__EXTvDNAmej0017A08_E11	Vv	-33.29635251487555	-1.1724865781307063
Plate5_E12_1509__EXTvDNAmej0017A08_E12	Vv	-32.87315644735843	-0.9159543013828512
Plate5_F2_1259__EXTvDNAmej0017A08_F02	Vv	-32.32899125579917	-0.8646837904219115
Plate5_F3_1673__EXTvDNAmej0017A08_F03	Vv	-31.95342801211718	-0.17576277985147876
Plate5_F4_1402__EXTvDNAmej0017A08_F04	Vv	-33.24317059047022	-1.074768609302994
Plate5_F5_1143__EXTvDNAmej0017A08_F05	Vv	-33.35516767971823	-1.1348439616933401
Plate5_F6_675__EXTvDNAmej0017A08_F06	Vv	-32.02129842550615	-0.6178948235289204
Plate5_F7_219__EXTvDNAmej0017A08_F07	Vv	-32.92600802303518	-0.6779776442598282
Plate5_F8_827__EXTvDNAmej0017A08_F08	Vv	-32.70587115021212	-0.8945108527184329
Plate5_F9_266__EXTvDNAmej0017A08_F09	Vv	-33.19602623941313	-1.0639054274002926
Plate5_F10_553__EXTvDNAmej0017A08_F10	Vv	-31.971207884203505	-0.5889424095253842
Plate5_F11_932__EXTvDNAmej0017A08_F11	Vv	-33.60946086674169	-1.1067778771817811
Plate5_F12_1672__EXTvDNAmej0017A08_F12	Vv	-33.01662614015954	-0.7089766110836213
Plate5_G1_1765__EXTvDNAmej0017A08_G01	Vv	-32.37233424471912	-0.7217284359515215
Plate5_G2_515__EXTvDNAmej0017A08_G02	Vv	-33.06998870092221	-1.1480057651506117
Plate5_G3_710__EXTvDNAmej0017A08_G03	Vv	-33.15581661357713	-0.8499901645307322
Plate5_G4_538__EXTvDNAmej0017A08_G04	Vv	-33.22410323626981	-0.9222640719158633
Plate5_G5_1866__EXTvDNAmej0017A08_G05	Vv	-33.62089799676597	-1.218627139952048
Plate5_G6_1692__EXTvDNAmej0017A08_G06	Vv	-32.21858574554002	-0.6029760753009835
Plate5_G7_1560__EXTvDNAmej0017A08_G07	Vv	-33.142157591732875	-1.225438839319498
Plate5_G8_1127__EXTvDNAmej0017A08_G08	Vv	-32.794338824654886	-0.7295555000999127
Plate5_G9_1223__EXTvDNAmej0017A08_G09	Vv	-32.445221567960864	-0.9348109351820094
Plate5_G10_1570__EXTvDNAmej0017A08_G10	Vv	-33.564138815328384	-0.8986913105442238
Plate5_G11_1322__EXTvDNAmej0017A08_G11	Vv	-33.36711903349092	-1.4966750794495671
Plate5_G12_1711__EXTvDNAmej0017A08_G12	Vv	-32.567438695316206	-0.20684378313309765
Plate5_H1_1426__EXTvDNAmej0017A08_H01	Vv	-32.799340856425225	-0.8176734640326221
Plate5_H2_903__EXTvDNAmej0017A08_H02	Vv	-33.06999763032698	-0.6740167711688521
Plate5_H3_1435__EXTvDNAmej0017A08_H03	Vv	-33.34758001029883	-0.564490298214757
Plate5_H4_1109__EXTvDNAmej0017A08_H04	Vv	-33.42320254121701	-1.0188367070439042
Plate5_H5_96__EXTvDNAmej0017A08_H05	Vv	-33.222856294911324	-1.132146485941402
Plate5_H6_1346__EXTvDNAmej0017A08_H06	Vv	-32.92704566540047	-1.0784480771851686
Plate5_H7_508__EXTvDNAmej0017A08_H07	Vv	-32.793450431156664	-0.6946041858276848
Plate5_H8_1452__EXTvDNAmej0017A08_H08	Vv	-33.251561671076175	-0.7752424284186825
Plate5_H9_847__EXTvDNAmej0017A08_H09	Vv	-32.636346489229176	-0.7741137390014354
Plate5_H10_974__EXTvDNAmej0017A08_H10	Vv	-33.450430649436214	-1.1231178763421397
Plate5_H11_1801__EXTvDNAmej0017A08_H11	Vv	-33.12889974878684	-1.1127149441566377
Plate5_H12_760__EXTvDNAmej0017A08_H12	Vv	-32.752504662117666	-0.4142168415578087
Plate6_A1_Muscat_of_Alexandria__EXTvDNAmej0018A09_A01	Vv	-11.73454086234005	-0.4235895342900484
Plate6_A2_1032__EXTvDNAmej0018A09_A02	Vv	-32.310567511107934	-0.6053864176591012
Plate6_A3_1113__EXTvDNAmej0018A09_A03	Vv	-32.57815456835815	-0.494319622284146
Plate6_A4_1352__EXTvDNAmej0018A09_A04	Vv	-32.203699030239406	-0.9050145006406541
Plate6_A5_1035__EXTvDNAmej0018A09_A05	Vv	-33.672204777499935	-1.1609291976481473
Plate6_A6_1345__EXTvDNAmej0018A09_A06	Vv	-33.31336391849873	-1.050494269019718
Plate6_A7_1596__EXTvDNAmej0018A09_A07	Vv	-33.25329605740534	-0.8470298667032741
Plate6_A8_1105__EXTvDNAmej0018A09_A08	Vv	-32.54749845495737	-0.5125815491271186
Plate6_A9_673__EXTvDNAmej0018A09_A09	Vv	-32.215286652773024	-0.8319334639163042
Plate6_A10_1313__EXTvDNAmej0018A09_A10	Vv	-32.76436871264008	-0.8524409617985781
Plate6_A11_442__EXTvDNAmej0018A09_A11	Vv	-31.91459209595256	-0.5595045109821184
Plate6_A12_794__EXTvDNAmej0018A09_A12	Vv	-30.53053271133543	-0.6940003308171662
Plate6_B2_1619__EXTvDNAmej0018A09_B02	Vv	-32.92513165973152	-0.8708023213811742
Plate6_B3_1101__EXTvDNAmej0018A09_B03	Vv	-33.038408226901375	-0.5462884375288214
Plate6_B4_1361__EXTvDNAmej0018A09_B04	Vv	-32.689376037406085	-0.985152545639945
Plate6_B5_1399__EXTvDNAmej0018A09_B05	Vv	-32.72653793992816	-1.1280983282155699
Plate6_B6_1476__EXTvDNAmej0018A09_B06	Vv	-31.916038784603646	-0.8987508233642382
Plate6_B7_227__EXTvDNAmej0018A09_B07	Vv	-32.490058276999406	-0.7698481463715879
Plate6_B8_752__EXTvDNAmej0018A09_B08	Vv	-33.24171294110019	-0.783380514095137
Plate6_B9_573__EXTvDNAmej0018A09_B09	Vv	-32.50222627010653	-1.0372546708553503
Plate6_B10_1612__EXTvDNAmej0018A09_B10	Vv	-32.25114852307194	-0.5544699094560323
Plate6_B11_1098__EXTvDNAmej0018A09_B11	Vv	-32.34469446119382	-0.7577410629188621
Plate6_B12_363__EXTvDNAmej0018A09_B12	Vv	-33.01150363369614	-1.2634523253493306
Plate6_C2_1367__EXTvDNAmej0018A09_C02	Vv	-32.38618990358633	-0.5774731668165074
Plate6_C3_1838__EXTvDNAmej0018A09_C03	Vv	-32.06672614996391	-0.6533719051926282
Plate6_C4_897__EXTvDNAmej0018A09_C04	Vv	-33.080800372592996	-0.8186685455116688
Plate6_C5_1710__EXTvDNAmej0018A09_C05	Vv	-33.74193572994662	-1.177192844830288
Plate6_C6_31__EXTvDNAmej0018A09_C06	Vv	-32.442973835002135	-0.5526331909341
Plate6_C7_523__EXTvDNAmej0018A09_C07	Vv	-33.1346646505753	-1.021459771189245
Plate6_C8_1874__EXTvDNAmej0018A09_C08	Vv	-32.69290875069113	-0.7676488191955753
Plate6_C9_345__EXTvDNAmej0018A09_C09	Vv	-31.46601691548531	-0.8926035327362043
Plate6_C10_1072__EXTvDNAmej0018A09_C10	Vv	-32.50591252131108	-0.8184273493368714
Plate6_C11_1088__EXTvDNAmej0018A09_C11	Vv	-32.22765262307779	-0.21711864252259622
Plate6_C12_1516__EXTvDNAmej0018A09_C12	Vv	-32.52178454962111	-0.5069907291506185
Plate6_D2_1388__EXTvDNAmej0018A09_D02	Vv	-33.14003115446919	-0.7336074516277904
Plate6_D3_289__EXTvDNAmej0018A09_D03	Vv	-31.5683445373341	-0.06179970176009265
Plate6_D4_1094__EXTvDNAmej0018A09_D04	Vv	-32.31025001032617	-0.9061972700678649
Plate6_D5_1092__EXTvDNAmej0018A09_D05	Vv	-32.5279570152645	-0.802204033150643
Plate6_D6_1480__EXTvDNAmej0018A09_D06	Vv	-32.50989658615194	-0.6430800083525003
Plate6_D7_1152__EXTvDNAmej0018A09_D07	Vv	-32.56149277844129	-0.7584001904645814
Plate6_D8_1222__EXTvDNAmej0018A09_D08	Vv	-32.79337491870777	-0.6779453946780316
Plate6_D9_1644__EXTvDNAmej0018A09_D09	Vv	-31.825846318355627	-1.1175210540178444
Plate6_D10_438__EXTvDNAmej0018A09_D10	Vv	-32.244272687249556	-0.6082677043187327
Plate6_D11_1923__EXTvDNAmej0018A09_D11	Vv	-33.3286535935893	-0.6459989037852573
Plate6_D12_374__EXTvDNAmej0018A09_D12	Vv	-31.98782237381998	-0.5201443069383782
Plate6_E2_843__EXTvDNAmej0018A09_E02	Vv	-33.35725681852764	-1.0187619504669436
Plate6_E3_1359__EXTvDNAmej0018A09_E03	Vv	-32.59122403010527	-0.7125492715965849
Plate6_E4_841__EXTvDNAmej0018A09_E04	Vv	-32.07911549296793	-0.43769142648473175
Plate6_E5_1535__EXTvDNAmej0018A09_E05	Vv	-32.51755382000791	-1.0626395558783717
Plate6_E6_1904__EXTvDNAmej0018A09_E06	Vv	-31.69631315622091	-0.6641777994076865
Plate6_E7_1820__EXTvDNAmej0018A09_E07	Vv	-33.09842284987883	-0.8422257391299062
Plate6_E8_686__EXTvDNAmej0018A09_E08	Vv	-32.087301858273	-0.6796244683194199
Plate6_E9_588__EXTvDNAmej0018A09_E09	Vv	-32.98735152353878	-1.0464451628941833
Plate6_E10_1310__EXTvDNAmej0018A09_E10	Vv	-32.78556680234037	-1.0160267896092432
Plate6_E11_1392__EXTvDNAmej0018A09_E11	Vv	-32.69309234228575	-0.768611738959959
Plate6_E12_1432__EXTvDNAmej0018A09_E12	Vv	-32.93873526387571	-0.8823410447886187
Plate6_F2_1803__EXTvDNAmej0018A09_F02	Vv	-32.663178015991654	-0.9953316531267674
Plate6_F3_1075__EXTvDNAmej0018A09_F03	Vv	-32.3663702879348	-0.7866596583198149
Plate6_F4_1738__EXTvDNAmej0018A09_F04	Vv	-32.54326094891597	-0.850735412126132
Plate6_F5_619__EXTvDNAmej0018A09_F05	Vv	-32.382768932151826	-0.18804799594261265
Plate6_F6_241__EXTvDNAmej0018A09_F06	Vv	-30.95980227363736	-0.6356955655055299
Plate6_F7_820__EXTvDNAmej0018A09_F07	Vv	-33.46414091208294	-1.1212338482568789
Plate6_F8_784__EXTvDNAmej0018A09_F08	Vv	-32.773699734926	-0.46179090788601806
Plate6_F9_1431__EXTvDNAmej0018A09_F09	Vv	-32.89053908672925	-0.7003751694220754
Plate6_F10_750__EXTvDNAmej0018A09_F10	Vv	-31.967025859678312	-0.8977325211015511
Plate6_F11_507__EXTvDNAmej0018A09_F11	Vv	-32.7685521126201	-0.5462958253923993
Plate6_F12_1806__EXTvDNAmej0018A09_F12	Vv	-33.24644081633543	-1.0793526646340021
Plate6_G1_1047__EXTvDNAmej0018A09_G01	Vv	-32.971440541923975	-0.960947845226496
Plate6_G2_258__EXTvDNAmej0018A09_G02	Vv	-32.10352610073246	-0.9344328177162335
Plate6_G3_1901__EXTvDNAmej0018A09_G03	Vv	-32.7456850543099	-0.6170454126528955
Plate6_G4_1415__EXTvDNAmej0018A09_G04	Vv	-32.58048139159179	-0.7654271068019899
Plate6_G5_1682__EXTvDNAmej0018A09_G05	Vv	-32.68770948281641	-0.4822092079267606
Plate6_G6_776__EXTvDNAmej0018A09_G06	Vv	-32.11867553105897	-0.7165916491371681
Plate6_G7_1876__EXTvDNAmej0018A09_G07	Vv	-32.43936675849685	-0.8856823769722711
Plate6_G8_966__EXTvDNAmej0018A09_G08	Vv	-32.34574062425934	-0.47069678771184703
Plate6_G9_548__EXTvDNAmej0018A09_G09	Vv	-32.557286624227544	-1.0760510748427021
Plate6_G10_284__EXTvDNAmej0018A09_G10	Vv	-32.66469567967844	-1.117846251664737
Plate6_G11_1414__EXTvDNAmej0018A09_G11	Vv	-32.797348223046626	-0.776220108691502
Plate6_G12_1485__EXTvDNAmej0018A09_G12	Vv	-32.54907812087452	-0.6585630128920235
Plate6_H1_1915__EXTvDNAmej0018A09_H01	Vv	-30.72221351605093	-0.27675271723024925
Plate6_H2_1125__EXTvDNAmej0018A09_H02	Vv	-31.639538193651717	-0.4258580062865321
Plate6_H3_1564__EXTvDNAmej0018A09_H03	Vv	-32.82282126438276	-0.8216887424610071
Plate6_H4_1049__EXTvDNAmej0018A09_H04	Vv	-32.2016320634412	-0.9116258627579721
Plate6_H5_1752__EXTvDNAmej0018A09_H05	Vv	-32.20481776293033	-1.0310344052586038
Plate6_H6_1211__EXTvDNAmej0018A09_H06	Vv	-31.311766197771053	-0.4829713580928383
Plate6_H7_707__EXTvDNAmej0018A09_H07	Vv	-32.290555336572965	-0.4426053619728669
Plate6_H8_1861__EXTvDNAmej0018A09_H08	Vv	-32.48925479407467	-0.674345634006913
Plate6_H9_907__EXTvDNAmej0018A09_H09	Vv	-33.369740288363396	-1.092259612348151
Plate6_H10_73__EXTvDNAmej0018A09_H10	Vv	-31.435526123235828	-1.0389696655471727
Plate6_H11_1693__EXTvDNAmej0018A09_H11	Vv	-32.40663317045263	-0.40932667333178624
Plate6_H12_412__EXTvDNAmej0018A09_H12	Vv	-31.876111873843815	-0.5824930171806737
Plate7_A2_736__EXTvDNAmej0019A10_A02	Vv	-32.97651954500143	-0.4474690557783926
Plate7_A3_1167__EXTvDNAmej0019A10_A03	Vv	-32.157762108606995	-0.9543218357172699
Plate7_A4_682__EXTvDNAmej0019A10_A04	Vv	-32.324748253971734	-0.6430236563125807
Plate7_A5_456__EXTvDNAmej0019A10_A05	Vv	-33.07601725429714	-0.8387436522931693
Plate7_A6_705__EXTvDNAmej0019A10_A06	Vv	-32.8748342457729	-0.7199863206210263
Plate7_A7_1457__EXTvDNAmej0019A10_A07	Vv	-32.68011517868104	-0.9435103457704835
Plate7_A8_530__EXTvDNAmej0019A10_A08	Vv	-33.404850405302795	-1.0536468915371917
Plate7_A9_1107__EXTvDNAmej0019A10_A09	Vv	-33.855931975529465	-0.6935682314836542
Plate7_A10_297__EXTvDNAmej0019A10_A10	Vv	-32.7414621296698	-0.593393658457442
Plate7_A11_669__EXTvDNAmej0019A10_A11	Vv	-33.57346848930235	-0.37594167138737183
Plate7_A12_536__EXTvDNAmej0019A10_A12	Vv	-32.93237779930776	-0.8146791077238861
Plate7_B2_134__EXTvDNAmej0019A10_B02	Vv	-33.63282435044917	-0.9494001961432729
Plate7_B3_1706__EXTvDNAmej0019A10_B03	Vv	-33.74483406331337	-0.9887335310246166
Plate7_B4_979__EXTvDNAmej0019A10_B04	Vv	-32.780250378163785	-0.7076595256295398
Plate7_B5_1925__EXTvDNAmej0019A10_B05	Vv	-33.2075085015613	-0.690475109194037
Plate7_B6_1370__EXTvDNAmej0019A10_B06	Vv	-31.80052614376923	-0.9169798375950873
Plate7_B7_1720__EXTvDNAmej0019A10_B07	Vv	-33.08873750471534	-1.0684080801878477
Plate7_B8_626__EXTvDNAmej0019A10_B08	Vv	-33.12828155981985	-0.7512112993450527
Plate7_B9_800__EXTvDNAmej0019A10_B09	Vv	-34.040440024571815	-0.9427300557494627
Plate7_B10_1567__EXTvDNAmej0019A10_B10	Vv	-33.84315696280251	-0.8305427473284475
Plate7_B11_473__EXTvDNAmej0019A10_B11	Vv	-33.088386823897935	-0.8803391964040954
Plate7_B12_1648__EXTvDNAmej0019A10_B12	Vv	-32.648491292990826	-0.8099746216147599
Plate7_C2_993__EXTvDNAmej0019A10_C02	Vv	-33.28324939437026	-0.7946316091691817
Plate7_C3_279__EXTvDNAmej0019A10_C03	Vv	-33.59090544534877	-0.9766568137792305
Plate7_C4_458__EXTvDNAmej0019A10_C04	Vv	-33.973140398045686	-0.9749190129843255
Plate7_C5_273__EXTvDNAmej0019A10_C05	Vv	-33.84523087227387	-1.105957661323898
Plate7_C6_67__EXTvDNAmej0019A10_C06	Vv	-33.420259360008735	-0.9457075241531956
Plate7_C7_1808__EXTvDNAmej0019A10_C07	Vv	-32.911383500022914	-0.7072451165282234
Plate7_C8_17__EXTvDNAmej0019A10_C08	Vv	-33.33185298727722	-0.9429871773454856
Plate7_C9_678__EXTvDNAmej0019A10_C09	Vv	-33.350249016488846	-0.719750974568408
Plate7_C10_437__EXTvDNAmej0019A10_C10	Vv	-33.7015690283173	-0.9886454392584964
Plate7_C11_802__EXTvDNAmej0019A10_C11	Vv	-33.324360174116876	-0.8036164538904028
Plate7_C12_1139__EXTvDNAmej0019A10_C12	Vv	-33.238792850791285	-1.0396068969382497
Plate7_D2_872__EXTvDNAmej0019A10_D02	Vv	-33.51735748446151	-1.3122832264210205
Plate7_D3_80__EXTvDNAmej0019A10_D03	Vv	-33.15121374730079	-0.831567323720576
Plate7_D4_10__EXTvDNAmej0019A10_D04	Vv	-33.83785206983126	-1.0045006773634741
Plate7_D5_1287__EXTvDNAmej0019A10_D05	Vv	-33.59056037265502	-0.5283426287200831
Plate7_D6_541__EXTvDNAmej0019A10_D06	Vv	-34.01676294510164	-0.9933523939143158
Plate7_D7_1027__EXTvDNAmej0019A10_D07	Vv	-33.316477027126126	-1.133665443521791
Plate7_D8_260__EXTvDNAmej0019A10_D08	Vv	-33.53858725037756	-0.6071696752637395
Plate7_D9_1215__EXTvDNAmej0019A10_D09	Vv	-33.232240082519716	-1.0949326903252754
Plate7_D10_1908__EXTvDNAmej0019A10_D10	Vv	-34.33587918124602	-1.1499865554567141
Plate7_D11_1716__EXTvDNAmej0019A10_D11	Vv	-33.59669953961119	-0.9239746187920512
Plate7_D12_1630__EXTvDNAmej0019A10_D12	Vv	-33.4821719537317	-0.7194439417783904
Plate7_E2_1052__EXTvDNAmej0019A10_E02	Vv	-33.248806594278875	-1.0318338710062558
Plate7_E3_697__EXTvDNAmej0019A10_E03	Vv	-28.67988757703144	-0.5510140248242863
Plate7_E4_695__EXTvDNAmej0019A10_E04	Vv	-33.44052016507384	-0.7289418035340451
Plate7_E5_1912__EXTvDNAmej0019A10_E05	Vv	-33.573695352839366	-0.9159164683850699
Plate7_E6_102__EXTvDNAmej0019A10_E06	Vv	-33.753611099322974	-0.5865019307615122
Plate7_E7_662__EXTvDNAmej0019A10_E07	Vv	-33.55245621749377	-0.7374827303739453
Plate7_E8_425__EXTvDNAmej0019A10_E08	Vv	-33.258199751961165	-1.0619897174754962
Plate7_E9_692__EXTvDNAmej0019A10_E09	Vv	-33.32348078135295	-0.9959335817526596
Plate7_E10_18__EXTvDNAmej0019A10_E10	Vv	-32.91910194127273	-0.9140035111029476
Plate7_E11_259__EXTvDNAmej0019A10_E11	Vv	-33.34975050644651	-0.9289171202722944
Plate7_E12_1699__EXTvDNAmej0019A10_E12	Vv	-33.55335781852826	-1.1121929296395565
Plate7_F2_842__EXTvDNAmej0019A10_F02	Vv	-33.60067122286308	-0.3276642272500921
Plate7_F3_1758__EXTvDNAmej0019A10_F03	Vv	-32.904905188155276	-0.7914707042260842
Plate7_F4_743__EXTvDNAmej0019A10_F04	Vv	-33.481837562126	-1.1027627634085513
Plate7_F5_212__EXTvDNAmej0019A10_F05	Vv	-32.412039559803944	-0.9981815170097702
Plate7_F6_1903__EXTvDNAmej0019A10_F06	Vv	-32.95866373853773	-0.8161904518683314
Plate7_F7_1924__EXTvDNAmej0019A10_F07	Vv	-33.48572434757757	-1.062056065510194
Plate7_F8_1936__EXTvDNAmej0019A10_F08	Vv	-33.277096427398746	-1.1063027584099159
Plate7_F9_654__EXTvDNAmej0019A10_F09	Vv	-33.820650019095	-1.0228350103084147
Plate7_F10_1117__EXTvDNAmej0019A10_F10	Vv	-32.81680415964126	-0.17226073256223107
Plate7_F11_1505__EXTvDNAmej0019A10_F11	Vv	-33.567199281198974	-0.7675518498701784
Plate7_F12_1298__EXTvDNAmej0019A10_F12	Vv	-33.69243445687051	-1.1623463443334587
Plate7_G1_294__EXTvDNAmej0019A10_G01	Vv	-33.67415433998504	-0.9628238862154842
Plate7_G2_620__EXTvDNAmej0019A10_G02	Vv	-32.05537905979789	-0.5401944742516148
Plate7_G3_1443__EXTvDNAmej0019A10_G03	Vv	-33.76656292728505	-1.0010610569967386
Plate7_G4_1514__EXTvDNAmej0019A10_G04	Vv	-33.6643752818039	-0.6668344538517568
Plate7_G5_1472__EXTvDNAmej0019A10_G05	Vv	-33.60213232787897	-1.3849552974397072
Plate7_G6_634__EXTvDNAmej0019A10_G06	Vv	-32.73305425412184	-0.7955943187570983
Plate7_G7_104__EXTvDNAmej0019A10_G07	Vv	-33.11967097168556	-1.220422661612406
Plate7_G8_788__EXTvDNAmej0019A10_G08	Vv	-33.41151239705024	-1.065506624953978
Plate7_G10_1228__EXTvDNAmej0019A10_G10	Vv	-33.33351459534701	-0.9016318721983415
Plate7_G11_1529__EXTvDNAmej0019A10_G11	Vv	-33.67852628569279	-0.8663215207758763
Plate7_G12_730__EXTvDNAmej0019A10_G12	Vv	-33.49517473771608	-1.1088245655313065
Plate7_H1_1484__EXTvDNAmej0019A10_H01	Vv	-31.591793800637667	-0.7118534501913649
Plate7_H2_1723__EXTvDNAmej0019A10_H02	Vv	-33.190881097969466	-0.8218850747527595
Plate7_H3_1519__EXTvDNAmej0019A10_H03	Vv	-33.43524950459882	-0.7993401604675769
Plate7_H4_704__EXTvDNAmej0019A10_H04	Vv	-33.37463275396334	-1.4705447478277416
Plate7_H5_379__EXTvDNAmej0019A10_H05	Vv	-32.70132686158096	-0.5973469133807322
Plate7_H6_1129__EXTvDNAmej0019A10_H06	Vv	-32.99713158000196	-0.839379302264102
Plate7_H7_1714__EXTvDNAmej0019A10_H07	Vv	-33.027079585551974	-1.053615957533835
Plate7_H8_1548__EXTvDNAmej0019A10_H08	Vv	-33.35599244087019	-1.0977643296572126
Plate7_H9_1520__EXTvDNAmej0019A10_H09	Vv	-33.54751777795064	-0.9433362691435347
Plate7_H10_912__EXTvDNAmej0019A10_H10	Vv	-34.041297998877845	-0.9515142252172497
Plate7_H11_1643__EXTvDNAmej0019A10_H11	Vv	-32.573787553760596	-0.38723866265396406
Plate7_H12_1424__EXTvDNAmej0019A10_H12	Vv	-32.612993108313574	-1.008865275858484
Plate8_A2_1875__EXTvDNAmej0020A11_A02	Vv	-33.70749493923555	-0.7662584006409272
Plate8_A3_1474__EXTvDNAmej0020A11_A03	Vv	-33.97112499988497	-0.9490525403425384
Plate8_A4_990__EXTvDNAmej0020A11_A04	Vv	-34.87196128371297	-1.2981834251035256
Plate8_A5_1508__EXTvDNAmej0020A11_A05	Vv	-34.029380206289204	-1.0066306393609834
Plate8_A6_1244__EXTvDNAmej0020A11_A06	Vv	-33.37284957127767	-0.7074235236674056
Plate8_A7_1929__EXTvDNAmej0020A11_A07	Vv	-33.913533137423784	-1.0532079051858525
Plate8_A8_1900__EXTvDNAmej0020A11_A08	Vv	-34.08586168940573	-0.9408846584918038
Plate8_A9_863__EXTvDNAmej0020A11_A09	Vv	-34.71985036883992	-0.8177840258875485
Plate8_A10_846__EXTvDNAmej0020A11_A10	Vv	-33.38840802718919	-0.2939452976974511
Plate8_A11_1137__EXTvDNAmej0020A11_A11	Vv	-34.51893939245159	-0.9760577691153097
Plate8_A12_1902__EXTvDNAmej0020A11_A12	Vv	-34.3011891782018	-0.8433683352192782
Plate8_B2_786__EXTvDNAmej0020A11_B02	Vv	-33.6549626840186	-1.0678158913039326
Plate8_B3_906__EXTvDNAmej0020A11_B03	Vv	-34.342464233074665	-1.1670422693939806
Plate8_B4_721__EXTvDNAmej0020A11_B04	Vv	-33.26757026939335	-1.1914732604916427
Plate8_B5_835__EXTvDNAmej0020A11_B05	Vv	-34.02914257848465	-0.9051611757930743
Plate8_B6_1897__EXTvDNAmej0020A11_B06	Vv	-34.44337106272364	-1.3691955397250146
Plate8_B7_506__EXTvDNAmej0020A11_B07	Vv	-33.85287363678793	-1.1528228218242484
Plate8_B8_910__EXTvDNAmej0020A11_B08	Vv	-33.16282535895178	-1.0446865948347328
Plate8_B9_1003__EXTvDNAmej0020A11_B09	Vv	-33.96767064012462	-1.167023482744994
Plate8_B10_89__EXTvDNAmej0020A11_B10	Vv	-33.33729452582019	-0.8449645494801782
Plate8_B11_919__EXTvDNAmej0020A11_B11	Vv	-34.67114154774953	-1.3105970011756938
Plate8_B12_1073__EXTvDNAmej0020A11_B12	Vv	-33.93941249843351	-0.8006980656841559
Plate8_C2_877__EXTvDNAmej0020A11_C02	Vv	-34.408992651730394	-1.0214207144987058
Plate8_C3_118__EXTvDNAmej0020A11_C03	Vv	-34.843340429887334	-1.311834279368225
Plate8_C4_1610__EXTvDNAmej0020A11_C04	Vv	-33.7940121978811	-0.7431060815755989
Plate8_C5_1188__EXTvDNAmej0020A11_C05	Vv	-33.87131645708816	-1.0833154246175498
Plate8_C6_1417__EXTvDNAmej0020A11_C06	Vv	-33.45674223869049	-0.9081245922305714
Plate8_C7_1277__EXTvDNAmej0020A11_C07	Vv	-34.45229235667763	-0.8718687972160609
Plate8_C8_1757__EXTvDNAmej0020A11_C08	Vv	-34.04901507172854	-1.0166326334508478
Plate8_C9_1240__EXTvDNAmej0020A11_C09	Vv	-33.684068947239666	-1.0298134702957231
Plate8_C10_999__EXTvDNAmej0020A11_C10	Vv	-34.088178905724256	-0.9086464790029836
Plate8_C11_1855__EXTvDNAmej0020A11_C11	Vv	-34.68738054905232	-1.427189541125184
Plate8_C12_76__EXTvDNAmej0020A11_C12	Vv	-32.88856659940223	-1.0280100275182722
Plate8_D2_378__EXTvDNAmej0020A11_D02	Vv	-34.46536675270927	-1.1169933191188037
Plate8_D3_914__EXTvDNAmej0020A11_D03	Vv	-33.80930927677377	-0.8649643340434747
Plate8_D4_1653__EXTvDNAmej0020A11_D04	Vv	-34.73037798705599	-1.1607837879205651
Plate8_D5_679__EXTvDNAmej0020A11_D05	Vv	-33.90869038332917	-1.1928577416252644
Plate8_D6_417__EXTvDNAmej0020A11_D06	Vv	-33.30758895391664	-0.8314363756253582
Plate8_D7_13__EXTvDNAmej0020A11_D07	Vv	-34.66500395549937	-1.3535986746932778
Plate8_D8_558__EXTvDNAmej0020A11_D08	Vv	-33.37557924030694	-0.9094972845646221
Plate8_D9_186__EXTvDNAmej0020A11_D09	Vv	-32.539608919961374	-0.6489672688942995
Plate8_D10_298__EXTvDNAmej0020A11_D10	Vv	-33.73637209120799	-0.763137338292845
Plate8_D11_1021__EXTvDNAmej0020A11_D11	Vv	-33.886071194918024	-0.8384555499867672
Plate8_D12_1108__EXTvDNAmej0020A11_D12	Vv	-34.456159489532965	-1.453965920302578
Plate8_E2_1007__EXTvDNAmej0020A11_E02	Vv	-34.44702189042951	-0.6796976767478203
Plate8_E3_1411__EXTvDNAmej0020A11_E03	Vv	-32.21372682668576	-0.7084945107305619
Plate8_E4_87__EXTvDNAmej0020A11_E04	Vv	-34.04184706578448	-0.9938322700636772
Plate8_E5_1665__EXTvDNAmej0020A11_E05	Vv	-33.88702120105753	-0.8440615164045171
Plate8_E6_290__EXTvDNAmej0020A11_E06	Vv	-33.3724027907359	-0.954737479401261
Plate8_E7_434__EXTvDNAmej0020A11_E07	Vv	-35.086861847622814	-1.5272625850083286
Plate8_E8_1343__EXTvDNAmej0020A11_E08	Vv	-33.25244035484256	-0.7685495802925532
Plate8_E9_1615__EXTvDNAmej0020A11_E09	Vv	-34.63872550226649	-0.8666965976565152
Plate8_E10_792__EXTvDNAmej0020A11_E10	Vv	-34.01777321785004	-1.4165019884328385
Plate8_E11_1236__EXTvDNAmej0020A11_E11	Vv	-33.91147857687958	-1.5169077734761263
Plate8_E12_1369__EXTvDNAmej0020A11_E12	Vv	-34.181831549733054	-1.046777985064055
Plate8_F2_428__EXTvDNAmej0020A11_F02	Vv	-33.858565368293	-0.8664596140285773
Plate8_F3_761__EXTvDNAmej0020A11_F03	Vv	-33.65931122813663	-0.7048905528214102
Plate8_F4_1282__EXTvDNAmej0020A11_F04	Vv	-33.940837891274896	-1.0186116737933821
Plate8_F5_775__EXTvDNAmej0020A11_F05	Vv	-33.36066490531436	-0.3926458740001169
Plate8_F6_1039__EXTvDNAmej0020A11_F06	Vv	-33.66455882405172	-1.016014865521892
Plate8_F7_1140__EXTvDNAmej0020A11_F07	Vv	-34.1663452446373	-0.7297267122357266
Plate8_F8_283__EXTvDNAmej0020A11_F08	Vv	-33.604167988034085	-0.8854356695901391
Plate8_F9_1794__EXTvDNAmej0020A11_F09	Vv	-34.309654268802284	-1.1249279874653453
Plate8_F10_1779__EXTvDNAmej0020A11_F10	Vv	-34.25533987917395	-1.1501456072277603
Plate8_F11_1927__EXTvDNAmej0020A11_F11	Vv	-33.727957680777585	-1.0376331539719532
Plate8_F12_1909__EXTvDNAmej0020A11_F12	Vv	-33.7613391017037	-0.9793612407606984
Plate8_G1_510__EXTvDNAmej0020A11_G01	Vv	-33.556046234544446	-0.5532277391709031
Plate8_G2_1434__EXTvDNAmej0020A11_G02	Vv	-33.505281337347704	-0.6407300975587585
Plate8_G3_1056__EXTvDNAmej0020A11_G03	Vv	-33.99496664469908	-1.1170817940993323
Plate8_G4_501__EXTvDNAmej0020A11_G04	Vv	-33.68151276669508	-1.0340556947796793
Plate8_G5_525__EXTvDNAmej0020A11_G05	Vv	-34.1879422750309	-0.8345270883761456
Plate8_G6_1695__EXTvDNAmej0020A11_G06	Vv	-34.01915578771329	-1.3959542025319909
Plate8_G7_922__EXTvDNAmej0020A11_G07	Vv	-33.68279559637638	-0.8802577440393835
Plate8_G8_916__EXTvDNAmej0020A11_G08	Vv	-34.74086587017815	-0.7062166728282692
Plate8_G9_1207__EXTvDNAmej0020A11_G09	Vv	-34.375363539713526	-0.9422596996300221
Plate8_G10_1066__EXTvDNAmej0020A11_G10	Vv	-33.62106959827436	-1.0031419600215863
Plate8_G11_1865__EXTvDNAmej0020A11_G11	Vv	-34.07827007686228	-1.2052149456311274
Plate8_G12_1303__EXTvDNAmej0020A11_G12	Vv	-33.81347980251472	-1.0895627563219492
Plate8_H1_1686__EXTvDNAmej0020A11_H01	Vv	-33.25141940250916	-0.6752995988722524
Plate8_H2_1231__EXTvDNAmej0020A11_H02	Vv	-33.968246514279826	-1.1898072339997903
Plate8_H3_413__EXTvDNAmej0020A11_H03	Vv	-34.006867572280754	-0.7893291320847213
Plate8_H4_1674__EXTvDNAmej0020A11_H04	Vv	-34.26565669131092	-1.4223383526366191
Plate8_H5_609__EXTvDNAmej0020A11_H05	Vv	-34.3662533701201	-1.1169927298637803
Plate8_H6_904__EXTvDNAmej0020A11_H06	Vv	-33.680596435284386	-0.957089117849048
Plate8_H7_196__EXTvDNAmej0020A11_H07	Vv	-33.584495558436664	-1.3595220956095997
Plate8_H8_1739__EXTvDNAmej0020A11_H08	Vv	-33.90111966636911	-1.1393835502142926
Plate8_H9_1448__EXTvDNAmej0020A11_H09	Vv	-34.18493917854566	-1.3181810407274468
Plate8_H10_1177__EXTvDNAmej0020A11_H10	Vv	-33.42488211476378	-0.9471080507867221
Plate8_H11_1746__EXTvDNAmej0020A11_H11	Vv	-34.72214082830416	-1.3928995199350833
Plate8_H12_1132__EXTvDNAmej0020A11_H12	Vv	-34.54747549192513	-1.3501480696771764
Plate9_A2_338__EXTvDNAmej0021A12_A02	Vv	-34.83674230918266	-1.3419556460829474
Plate9_A3_666__EXTvDNAmej0021A12_A03	Vv	-34.34027267294476	-1.2292079579657742
Plate9_A4_112__EXTvDNAmej0021A12_A04	Vv	-33.39206994012593	-1.0466954102533026
Plate9_A5_1123__EXTvDNAmej0021A12_A05	Vv	-33.65000401235746	-0.7172206834642322
Plate9_A6_1464__EXTvDNAmej0021A12_A06	Vv	-34.68266387914258	-0.9431323861288011
Plate9_A7_1591__EXTvDNAmej0021A12_A07	Vv	-34.15323205494597	-1.1440397699330176
Plate9_A8_1721__EXTvDNAmej0021A12_A08	Vv	-33.9300534384845	-1.1240870067755142
Plate9_A9_383__EXTvDNAmej0021A12_A09	Vv	-33.54486665743772	-0.6885441394154437
Plate9_A10_1164__EXTvDNAmej0021A12_A10	Vv	-33.27101885772925	-0.5215355916122695
Plate9_A11_1733__EXTvDNAmej0021A12_A11	Vv	-33.51935584739559	-0.8466279744245063
Plate9_A12_454__EXTvDNAmej0021A12_A12	Vv	-32.985127726409445	-0.7815392740437896
Plate9_B2_275__EXTvDNAmej0021A12_B02	Vv	-34.46283129941129	-1.1876122418066086
Plate9_B3_1051__EXTvDNAmej0021A12_B03	Vv	-34.16561706533843	-1.37489795814327
Plate9_B4_938__EXTvDNAmej0021A12_B04	Vv	-33.10464987358041	-1.2244884905759754
Plate9_B5_977__EXTvDNAmej0021A12_B05	Vv	-34.00344042747826	-1.3722853649111746
Plate9_B6_216__EXTvDNAmej0021A12_B06	Vv	-33.10119596368849	-0.9566653779225466
Plate9_B7_1882__EXTvDNAmej0021A12_B07	Vv	-34.4460476817991	-1.0025090992235752
Plate9_B8_780__EXTvDNAmej0021A12_B08	Vv	-33.54792755590275	-0.9016930284950306
Plate9_B9_1064__EXTvDNAmej0021A12_B09	Vv	-34.5696509067034	-1.28756138027934
Plate9_B10_353__EXTvDNAmej0021A12_B10	Vv	-33.70124481027287	-0.5182618865814554
Plate9_B11_646__EXTvDNAmej0021A12_B11	Vv	-33.72246518613676	-1.0813470275541617
Plate9_B12_56__EXTvDNAmej0021A12_B12	Vv	-33.39048180106762	-1.080095355943244
Plate9_C2_1478__EXTvDNAmej0021A12_C02	Vv	-33.69915070321869	-0.8633242193379954
Plate9_C3_1778__EXTvDNAmej0021A12_C03	Vv	-34.787129504269636	-1.3570440847527199
Plate9_C4_888__EXTvDNAmej0021A12_C04	Vv	-34.22982517806456	-0.8307140914302397
Plate9_C5_1872__EXTvDNAmej0021A12_C05	Vv	-34.423869498783205	-1.1860349501733023
Plate9_C6_605__EXTvDNAmej0021A12_C06	Vv	-34.00708087180435	-0.7083629512406411
Plate9_C7_1663__EXTvDNAmej0021A12_C07	Vv	-34.117943436467975	-1.395801762289606
Plate9_C8_1760__EXTvDNAmej0021A12_C08	Vv	-33.86764441649174	-0.7011606033779018
Plate9_C9_1867__EXTvDNAmej0021A12_C09	Vv	-33.74192572157506	-0.7303140276347231
Plate9_C10_1084__EXTvDNAmej0021A12_C10	Vv	-34.54936674886075	-0.8973107162444436
Plate9_C11_1327__EXTvDNAmej0021A12_C11	Vv	-33.532629790304604	-0.9658347048229392
Plate9_C12_1331__EXTvDNAmej0021A12_C12	Vv	-33.72318112461646	-1.4740354642690026
Plate9_D2_1087__EXTvDNAmej0021A12_D02	Vv	-33.28422826259732	-0.7846953352678023
Plate9_D3_34__EXTvDNAmej0021A12_D03	Vv	-33.71616483568526	-1.4525505582415488
Plate9_D4_400__EXTvDNAmej0021A12_D04	Vv	-33.90689834506465	-1.2567774014526887
Plate9_D5_1626__EXTvDNAmej0021A12_D05	Vv	-33.64890215820209	-0.6861530068252031
Plate9_D6_1745__EXTvDNAmej0021A12_D06	Vv	-33.60054366252774	-1.0553402758976687
Plate9_D7_1504__EXTvDNAmej0021A12_D07	Vv	-33.548512785912884	-1.1854214084494885
Plate9_D8_546__EXTvDNAmej0021A12_D08	Vv	-33.73160974143803	-0.8350590318935818
Plate9_D9_1632__EXTvDNAmej0021A12_D09	Vv	-34.014262765116584	-0.8100621079769929
Plate9_D10_1848__EXTvDNAmej0021A12_D10	Vv	-34.03594531287978	-0.8990812647175566
Plate9_D11_122__EXTvDNAmej0021A12_D11	Vv	-33.271016834324975	-0.8129819012770879
Plate9_D12_77__EXTvDNAmej0021A12_D12	Vv	-33.16994971627165	-0.6670491514421417
Plate9_E2_1356__EXTvDNAmej0021A12_E02	Vv	-33.96627751225721	-1.408623974898407
Plate9_E3_418__EXTvDNAmej0021A12_E03	Vv	-33.541032894372215	-0.9488800252060191
Plate9_E4_211__EXTvDNAmej0021A12_E04	Vv	-33.49427359666895	-0.9340964899609453
Plate9_E5_1229__EXTvDNAmej0021A12_E05	Vv	-33.18063069069969	-0.8232881973942224
Plate9_E6_401__EXTvDNAmej0021A12_E06	Vv	-33.94893315268503	-1.275228081422973
Plate9_E7_1517__EXTvDNAmej0021A12_E07	Vv	-33.49076072291002	-0.5051426629429272
Plate9_E8_854__EXTvDNAmej0021A12_E08	Vv	-34.017597986261805	-1.0004887626098016
Plate9_E9_772__EXTvDNAmej0021A12_E09	Vv	-33.34000617249833	-0.9032144264237637
Plate9_E10_1776__EXTvDNAmej0021A12_E10	Vv	-33.08588673971682	-1.1694644093050286
Plate9_E11_1079__EXTvDNAmej0021A12_E11	Vv	-33.80223119085577	-1.1258655633623733
Plate9_E12_972__EXTvDNAmej0021A12_E12	Vv	-34.380752807172854	-0.867229351110315
Plate9_F2_1364__EXTvDNAmej0021A12_F02	Vv	-34.38592275784301	-0.909395276613763
Plate9_F3_1428__EXTvDNAmej0021A12_F03	Vv	-34.14724909131503	-1.3486560281127977
Plate9_F4_722__EXTvDNAmej0021A12_F04	Vv	-33.51320251902876	-0.7455056288610021
Plate9_F5_144__EXTvDNAmej0021A12_F05	Vv	-33.16780973191177	-1.4814522373303245
Plate9_F6_537__EXTvDNAmej0021A12_F06	Vv	-33.71425339610771	-0.9829441466311377
Plate9_F7_837__EXTvDNAmej0021A12_F07	Vv	-33.225262556923084	-0.7565568562900513
Plate9_F8_1008__EXTvDNAmej0021A12_F08	Vv	-34.033776122441864	-1.2869494487613082
Plate9_F9_998__EXTvDNAmej0021A12_F09	Vv	-34.64563111621535	-1.4215741005040485
Plate9_F10_1407__EXTvDNAmej0021A12_F10	Vv	-33.63429440089028	-1.082485514770259
Plate9_F11_857__EXTvDNAmej0021A12_F11	Vv	-34.07630763854643	-0.7525560116301285
Plate9_F12_892__EXTvDNAmej0021A12_F12	Vv	-34.261398566635535	-0.9268869141211621
Plate9_G1_224__EXTvDNAmej0021A12_G01	Vv	-34.34406670435532	-1.158465225980536
Plate9_G2_650__EXTvDNAmej0021A12_G02	Vv	-32.97271579564657	-0.7960057542708573
Plate9_G3_524__EXTvDNAmej0021A12_G03	Vv	-34.6559561781664	-1.2221089470171542
Plate9_G4_312__EXTvDNAmej0021A12_G04	Vv	-34.0013711876637	-0.9595173989852813
Plate9_G5_1462__EXTvDNAmej0021A12_G05	Vv	-33.55150699601251	-1.1858644960803018
Plate9_G7_1017__EXTvDNAmej0021A12_G07	Vv	-33.327491192162626	-0.5060806678776686
Plate9_G8_631__EXTvDNAmej0021A12_G08	Vv	-33.487357689648064	-1.1940545394537405
Plate9_G9_601__EXTvDNAmej0021A12_G09	Vv	-34.35298189047153	-0.936895153948162
Plate9_G10_453__EXTvDNAmej0021A12_G10	Vv	-33.74366129415652	-1.194045934326368
Plate9_G11_512__EXTvDNAmej0021A12_G11	Vv	-33.14434339724201	-0.6471310429274767
Plate9_G12_1120__EXTvDNAmej0021A12_G12	Vv	-34.62876211894933	-1.019390645342107
Plate9_H1_1753__EXTvDNAmej0021A12_H01	Vv	-33.65638599775239	-1.1300279897672234
Plate9_H2_1121__EXTvDNAmej0021A12_H02	Vv	-33.91545999647581	-1.4734331887138044
Plate9_H3_217__EXTvDNAmej0021A12_H03	Vv	-33.52343440187157	-1.021616577820131
Plate9_H4_766__EXTvDNAmej0021A12_H04	Vv	-34.00400848612356	-0.9694713004838926
Plate9_H5_243__EXTvDNAmej0021A12_H05	Vv	-34.08115515190489	-0.7784957185745197
Plate9_H6_1728__EXTvDNAmej0021A12_H06	Vv	-33.84724685977706	-0.9068457265544435
Plate9_H7_1781__EXTvDNAmej0021A12_H07	Vv	-33.68400712980922	-1.3494016778803324
Plate9_H8_1482__EXTvDNAmej0021A12_H08	Vv	-33.30530764666278	-1.0720633973646743
Plate9_H9_1730__EXTvDNAmej0021A12_H09	Vv	-34.32501381636226	-0.8275254402671941
Plate9_H10_181__EXTvDNAmej0021A12_H10	Vv	-34.286836718978165	-0.5855839579659118
Plate9_H11_146__EXTvDNAmej0021A12_H11	Vv	-33.75009322752171	-1.212076608679573
Plate9_H12_1309__EXTvDNAmej0021A12_H12	Vv	-34.38262719143554	-1.2117370004407426
2098.0000E__BIvDNAara0069A03_B05	NA2	25.04111681381762	20.7261456268645
1844.0000A__BIvDNAara0069A03_B09	NA2	25.44253539497178	20.35673312625042
2098.0000A__BIvDNAara0069A03_C09	NA2	25.11889182596898	19.885736511462053
1134.0000A__BIvDNAara0069A03_H08	NA2	25.99227502142998	21.657863658368136
2234.0009A__BIvDNAara0070A04_A01	NA2	23.82099736472172	18.481228506931725
2234.0011A__BIvDNAara0070A04_B01	NA2	25.082894862345903	20.304823227519382
2249.0009A__BIvDNAara0069A03_D08	NA2	25.65648530385019	19.677950682491613
2366.0000A__BIvDNAara0069A03_E08	NA2	26.239103418697855	19.963902553632696
2387.0000A__BIvDNAara0069A03_G08	NA2	25.87560974240318	20.230066376389722
1720.0000E__BIvDNAara0070A04_F04	NA2	24.607087451686606	19.526677728534906
1719.0000C__BIvDNAara0074A08_H09	NA2	23.06439828529505	18.95733799746762
2205.0012A__BIvDNAara0068A02_A12	NA2	24.684199521215067	20.26111539324574
2209.0013A__BIvDNAara0068A02_B09	NA2	20.654119567850476	16.905179888983785
2206.0001A__BIvDNAara0068A02_B12	NA2	25.30979046137	20.731577797039563
2365.0000C__BIvDNAara0068A02_D05	NA2	27.16685746295706	21.05384278723819
2376.0000B__BIvDNAara0068A02_E05	NA2	26.19664503695667	20.36579137589307
2209.0009A__BIvDNAara0068A02_G08	NA2	25.796265375618045	20.513341798547835
2205.0009A__BIvDNAara0068A02_H11	NA2	10.512293557501383	9.036623869552146
1446.0000C__BIvDNAara0069A03_E05	NA2	24.165591204182796	20.225390807123667
1448.0000G__BIvDNAara0069A03_G05	NA2	21.6382483516468	18.092831322988545
1833.0000B__BIvDNAara0070A04_A06	NA2	25.933920970673288	21.59736677334168
1820.0000C__BIvDNAara0070A04_C05	NA2	22.957852286586043	18.494437225192588
1913.0000C__BIvDNAara0070A04_E06	NA2	25.182539084870307	20.238089414603557
PI_483137__BIvDNAgut0033C09_A02	NA2	27.080104439179433	21.60467278151877
PI_483143__BIvDNAgut0033C09_F12	NA2	25.88961544885517	20.864673906272515
PI_483137__BIvDNAgut0039D03_E07	NA2	26.568578953409624	21.446356971647
d3s67__vDNAdia1360D09_C09	NA2	28.04048108168641	24.12373021032449
d3s62__vDNAdia1360D09_F08	NA2	28.884726158586837	24.339771525209343
d3s55__vDNAdia1360D09_G07	NA2	28.528555000150927	24.057535522592815
d18s31__vDNAdia1375E12_G04	NA2	25.416340897683266	19.798510772954707
588677__vDNAlon096H12_C03	NA2	25.018059533520965	20.44378069032101
483137__vDNAlon096H12_F02	NA2	26.778980123158302	21.557376645826295
2204.0003A__BIvDNAara0068A02_E11	NA2	10.238672830162207	7.933801568296638
2382.0000A__BIvDNAara0068A02_G05	NA2	24.506646222712813	19.855663812013525
2208.0010A__BIvDNAara0068A02_G07	NA2	11.07722145392445	8.072243907742187
1703.0000A__BIvDNAara0069A03_A06	NA2	12.981106451631717	9.769331041072816
1300.0000A__BIvDNAara0069A03_C05	NA2	25.003709262114956	19.538591544834166
1408.0000E__BIvDNAara0069A03_D05	NA2	24.349104413559633	19.918618968514053
1610.0000A__BIvDNAara0069A03_H05	NA2	25.668296680074715	20.806788208538418
1585.0000B__BIvDNAara0070A04_C08	NA2	22.250939955191967	15.805442100818306
1609.0000C__BIvDNAara0070A04_E08	NA2	11.49754954513079	8.70181433322781
2202.0003A__BIvDNAara0069A03_F04	NA2	11.527823459658627	8.864999755863446
2201.0005A__BIvDNAara0069A03_G03	NA2	13.94798213753692	9.502501860456249
2201.0006A__BIvDNAara0069A03_H03	NA2	12.441807258306602	9.210059259815049
2201.0003C__BIvDNAara0074A08_F09	NA2	9.700529614856636	7.015211192593122
2217.0001A__BIvDNAara0068A02_B03	NA2	12.32008965691425	9.997957985134304
1613.0000B__BIvDNAara0070A04_A12	NA2	11.808866435210701	9.612755515537684
1648.0000C__BIvDNAara0070A04_D12	NA2	12.677557814159396	9.757933551803609
1908.0000A__BIvDNAara0071A05_D02	NA2	11.435368094962925	9.200099495993445
2437.0000A__BIvDNAara0071A05_E02	NA2	12.460585128168997	9.921201834426244
1878.0000C__BIvDNAara0071A05_F01	NA2	11.148995678258506	8.664179697575534
1880.0000C__BIvDNAara0071A05_G01	NA2	12.486948880700508	9.64692643517457
2956.0001A__BIvDNAara0071A05_G02	NA2	10.451398402306383	8.19309088846661
1881.0000D__BIvDNAara0071A05_H01	NA2	12.06398007947634	9.655946765152045
d3s22__vDNAdia1360D09_F03	NA2	26.947236192621062	23.209047970217448
d4s1__vDNAdia1361D10_A01	NA2	27.9435801169568	23.891358696841888
d17s91__vDNAdia1374E11_F12	NA2	26.481426108895466	20.139877091148826
d17s92__vDNAdia1374E11_G12	NA2	26.175437210604183	21.06140284340393
2371.0000A__BIvDNAara0068A02_B07	NA2	25.51740976812473	20.312005503968816
2371.0000B__BIvDNAara0068A02_C03	NA2	25.766650423552232	20.316130047482762
2380.0000A__BIvDNAara0068A02_D03	NA2	26.260072277272386	19.789494174682176
2383.0000C__BIvDNAara0068A02_E03	NA2	26.41242566662982	20.302148241119447
2385.0000A__BIvDNAara0068A02_F03	NA2	24.529123370964562	19.52208028135332
2224.0010A__BIvDNAara0067A01_D06	NA2	13.387939077334378	10.22961997480663
1593.0000B__BIvDNAara0068A02_A04	NA2	12.780439331021334	9.942717537394097
1590.0000B__BIvDNAara0071A05_A03	NA2	12.708660083201353	9.824331859461152
1891.0000C__BIvDNAara0071A05_A04	NA2	10.729767430601044	8.588393155599965
1601.0000C__BIvDNAara0071A05_B03	NA2	8.664870446469086	6.8227723199130565
1892.0000B__BIvDNAara0071A05_B04	NA2	10.462476507758643	8.92825555548417
1603.0000C__BIvDNAara0071A05_C03	NA2	12.634484131033005	10.317823329964313
1639.0000C__BIvDNAara0071A05_D03	NA2	12.258590886858359	10.103657066812874
1894.0000D__BIvDNAara0071A05_D04	NA2	11.595627000013007	9.56908464098158
1677.0000C__BIvDNAara0071A05_E03	NA2	12.832121712247636	10.090148918683493
1896.0000C__BIvDNAara0071A05_E04	NA2	11.41706598861157	8.87153058107011
1685.0000C__BIvDNAara0071A05_F03	NA2	11.325321507686592	9.098508940277279
1276.0000C__BIvDNAara0071A05_H02	NA2	12.1058022764774	9.521959645099082
0130.0000E__BIvDNAara0070A04_A03	NA2	24.161933211422475	19.81833759565812
0135.0000C__BIvDNAara0070A04_B03	NA2	24.371592743164502	19.516806153573704
0071.0000C__BIvDNAara0070A04_C02	NA2	24.05535097837607	19.20953634047831
0087.0000C__BIvDNAara0070A04_E02	NA2	25.3327256729067	20.481579711827507
0042.0000B__BIvDNAara0070A04_F01	NA2	22.18080743049886	17.472395261218924
0102.0000C__BIvDNAara0070A04_F02	NA2	24.57909394011759	19.51651603531675
1391.0000C__BIvDNAara0070A04_F03	NA2	10.406151013856485	8.395246696137933
1392.0000C__BIvDNAara0070A04_G03	NA2	10.99555767713019	8.809901966241265
PI_588371__BIvDNAgut0031C07_G05	NA2	25.148698261799392	20.144931360438413
Rem26-75_483145__vDNAcad1663H01_B03	NA2	26.381048503607026	21.527425276380473
d14s41__vDNAdia1371E08_A06	NA2	22.584538424581744	20.36597833590725
PI_483187__BIvDNAgut0034C10_D02	NA2	24.588914932373687	20.643551779871885
